exerciseId,name,gifUrl,targetMuscles,secondaryMuscles,instructions,imageUrl,workout_type,met,bodyPartMajor,bodyPartMinor,equipmentCategory,equipmentDetail,equipmentOriginalDetail
01qpYSe,업워드 페이싱 독,https://static.exercisedb.dev/media/01qpYSe.gif,척추,어깨 | 가슴,"Step:1 바닥에 엎드려 다리를 뒤로 뻗습니다. | Step:2 손을 갈비뼈 아래 바닥에 대고 손가락은 앞으로 향하게 합니다. | Step:3 손을 바닥에 단단히 대고 팔을 펴서 몸통과 허벅지를 땅에서 들어 올립니다. | Step:4 어깨를 뒤로 당겨 내리면서 가슴을 열고 시선을 천장으로 향하게 합니다. | Step:5 몇 차례 숨을 쉬며 자세를 유지한 후, 천천히 몸을 시작 자세로 내립니다. | Step:6 원하는 횟수만큼 반복합니다.",https://melo2026.s3.ap-northeast-2.amazonaws.com/workout-images/01qpYSe.webp,weight,2.5,등,,맨몸,,맨몸
03lzqwk,어시스티드 행잉 니 레이즈,https://static.exercisedb.dev/media/03lzqwk.gif,복근,고관절 굴곡근,Step:1 풀업 바에 매달려 팔을 완전히 펴고 손바닥이 몸에서 멀어지도록 합니다. | Step:2 코어 근육을 사용하여 엉덩이와 무릎을 구부려 무릎을 가슴 쪽으로 들어 올립니다. | Step:3 복근을 조이며 동작의 최고 지점에서 잠시 멈춥니다. | Step:4 천천히 다리를 시작 자세로 내립니다. | Step:5 원하는 횟수만큼 반복합니다.,https://melo2026.s3.ap-northeast-2.amazonaws.com/workout-images/03lzqwk.webp,weight,5.0,코어,허리 | 복부,기타,보조 기구,보조 기구
05Cf2v8,임파서블 딥스,https://static.exercisedb.dev/media/05Cf2v8.gif,삼두근,가슴 | 어깨,"Step:1 두 개의 평행 바 사이에 서서 팔을 완전히 펴고 몸을 공중에 매달립니다. | Step:2 무릎을 구부리고 발목을 교차합니다. | Step:3 팔꿈치를 구부려 상완이 바닥과 평행이 될 때까지 몸을 내립니다. | Step:4 잠시 멈춘 후, 팔을 펴서 시작 자세로 밀어 올립니다. | Step:5 원하는 횟수만큼 반복합니다.",https://melo2026.s3.ap-northeast-2.amazonaws.com/workout-images/05Cf2v8.webp,weight,3.5,팔,상완,맨몸,,맨몸
0br45wL,푸시업 인사이드 레그 킥,https://static.exercisedb.dev/media/0br45wL.gif,둔근,quadriceps | 햄스트링 | 종아리 | 코어,"Step:1 손을 어깨너비보다 약간 넓게 벌리고 발을 모은 푸시업 자세로 시작합니다. | Step:2 팔꿈치를 구부려 몸을 바닥 쪽으로 내리면서 등은 곧게 펴고 코어는 고정합니다. | Step:3 다시 밀어 올리면서 한쪽 다리를 땅에서 들어 올려 곧게 편 상태로 옆으로 찹니다. | Step:4 다리를 다시 내리고 푸시업을 반복한 후, 다른 쪽 다리로 전환합니다. | Step:5 푸시업 반복마다 다리 차기를 번갈아 가며 계속합니다.",https://melo2026.s3.ap-northeast-2.amazonaws.com/workout-images/0br45wL.webp,weight,3.5,하체,허벅지,맨몸,,맨몸
0CXGHya,케이블 크로스오버 바리에이션,https://static.exercisedb.dev/media/0CXGHya.gif,대흉근,deltoids | 삼두근,"Step:1 케이블 풀리를 가슴 높이로 조절합니다. | Step:2 케이블 머신 중앙에 서서 한 발을 다른 발 앞에 둡니다. | Step:3 손바닥이 아래를 향하도록 손잡이를 잡고 팔을 옆으로 뻗습니다. | Step:4 팔을 약간 구부린 상태로 앞으로 한 걸음 나아갑니다. | Step:5 팔꿈치를 약간 구부린 상태로 손을 가슴 앞에서 모읍니다. | Step:6 잠시 멈춘 후, 천천히 팔을 시작 자세로 되돌립니다. | Step:7 원하는 횟수만큼 반복합니다.",https://melo2026.s3.ap-northeast-2.amazonaws.com/workout-images/0CXGHya.webp,weight,5.0,가슴,,케이블 머신,,케이블
0dCyly0,바벨 시티드 브래드포드 로키 프레스,https://static.exercisedb.dev/media/0dCyly0.gif,삼각근,삼두근 | 상부 등,Step:1 벤치에 앉아 등을 곧게 펴고 발을 바닥에 평평하게 둡니다. | Step:2 어깨너비보다 약간 넓게 오버핸드 그립으로 바벨을 잡습니다. | Step:3 팔꿈치를 약간 구부리고 앞으로 향하게 하면서 바벨을 어깨 높이까지 들어 올립니다. | Step:4 팔을 완전히 펴면서 바벨을 머리 위로 누릅니다. | Step:5 바벨을 어깨 높이로 다시 내리고 원하는 횟수만큼 반복합니다.,https://melo2026.s3.ap-northeast-2.amazonaws.com/workout-images/0dCyly0.webp,weight,5.0,어깨,,바벨,,바벨
0I5fUyn,밴드 언더핸드 풀다운 위드 클래식,,광배근,이두근 | 전완근,"Step:1 풀업 바나 튼튼한 보와 같은 높은 고정 지점에 밴드를 부착합니다. | Step:2 발을 어깨너비로 벌리고 고정 지점을 향해 섭니다. | Step:3 손을 어깨너비보다 약간 넓게 언더핸드 그립으로 밴드를 잡습니다. 클래식한 컨트롤을 강조합니다. | Step:4 팔꿈치를 약간 구부린 상태로 팔을 머리 위로 완전히 뻗습니다. | Step:5 광배근을 사용하여 밴드를 가슴 쪽으로 당기면서 견갑골을 함께 조입니다. | Step:6 동작의 가장 낮은 지점에서 잠시 멈춘 후, 천천히 긴장을 풀고 시작 자세로 돌아갑니다. | Step:7 원하는 횟수만큼 반복합니다.",,weight,3.5,등,,밴드,,밴드
0IgNjSM,덤벨 스탠딩 리버스 컬,https://static.exercisedb.dev/media/0IgNjSM.gif,이두근,전완근,Step:1 발을 어깨너비로 벌리고 똑바로 서서 각 손에 덤벨을 잡고 손바닥이 몸을 향하도록 합니다. | Step:2 팔꿈치를 고정한 상태에서 숨을 내쉬며 이두근을 수축하면서 무게를 컬링합니다. 이두근이 완전히 수축되고 덤벨이 어깨 높이에 올 때까지 무게를 계속 들어 올립니다. | Step:3 이두근을 조이면서 수축된 자세를 잠시 유지합니다. | Step:4 숨을 들이쉬면서 천천히 덤벨을 시작 자세로 내립니다. | Step:5 원하는 횟수만큼 반복합니다.,https://melo2026.s3.ap-northeast-2.amazonaws.com/workout-images/0IgNjSM.webp,weight,5.0,팔,상완,덤벨,,덤벨
0jp9Rlz,원 레그 플로어 카프 레이즈,https://static.exercisedb.dev/media/0jp9Rlz.gif,종아리,ankles | feet,"Step:1 발을 엉덩이 너비로 벌리고 서서 균형을 잡기 위해 벽이나 튼튼한 물체에 손을 댑니다. | Step:2 한쪽 발을 땅에서 떼고 다른 발로 균형을 잡습니다. | Step:3 발 앞꿈치로 몸을 들어 올리면서 천천히 뒤꿈치를 땅에서 뗍니다. | Step:4 맨 위에서 잠시 멈춘 후, 천천히 뒤꿈치를 시작 자세로 내립니다. | Step:5 원하는 횟수만큼 반복한 후, 다리를 바꿔 반복합니다.",https://melo2026.s3.ap-northeast-2.amazonaws.com/workout-images/0jp9Rlz.webp,weight,3.5,하체,종아리,맨몸,,맨몸
0JtKWum,덤벨 버피,https://static.exercisedb.dev/media/0JtKWum.gif,심폐 지구력,quadriceps | 햄스트링 | 종아리 | 어깨 | 삼두근 | 코어,Step:1 발을 어깨너비로 벌리고 각 손에 덤벨을 든 상태에서 서서 시작합니다. | Step:2 덤벨을 앞에 두고 몸을 스쿼트 자세로 내립니다. | Step:3 몸을 일직선으로 유지하면서 발을 뒤로 차서 푸시업 자세를 만듭니다. | Step:4 팔꿈치를 구부려 가슴을 바닥 쪽으로 내리면서 푸시업을 수행합니다. | Step:5 발을 손 쪽으로 다시 점프하여 스쿼트 자세로 착지합니다. | Step:6 덤벨을 땅에서 들어 어깨로 가져오면서 폭발적으로 일어섭니다. | Step:7 덤벨을 머리 위로 누르면서 팔을 완전히 폅니다. | Step:8 덤벨을 어깨로 다시 내리고 원하는 횟수만큼 전체 시퀀스를 반복합니다.,https://melo2026.s3.ap-northeast-2.amazonaws.com/workout-images/0JtKWum.webp,cardio,5.0,유산소,,덤벨,,덤벨
0L2KwtI,롤러 힙 랫 스트레치,https://static.exercisedb.dev/media/0L2KwtI.gif,둔근,햄스트링 | quadriceps,"Step:1 롤러를 엉덩이 아래에 놓고 무릎을 꿇고 시작합니다. | Step:2 지지를 위해 롤러에 손을 댑니다. | Step:3 엉덩이를 펴고 둔근을 스트레칭하면서 롤러를 천천히 앞으로 굴립니다. | Step:4 몇 초 동안 스트레칭을 유지한 후, 시작 자세로 되돌립니다. | Step:5 원하는 횟수만큼 반복합니다.",https://melo2026.s3.ap-northeast-2.amazonaws.com/workout-images/0L2KwtI.webp,weight,2.5,하체,허벅지,폼롤러,,롤러
0lQnxMZ,웨이티드 시시 스쿼트,https://static.exercisedb.dev/media/0lQnxMZ.gif,대퇴사두근,둔근 | 햄스트링 | 종아리,"Step:1 발을 어깨너비로 벌리고 발끝을 약간 바깥쪽으로 향하게 하고 섭니다. | Step:2 양손으로 가슴 앞에 무게를 들거나, 상부 등 뒤에 바벨을 올립니다. | Step:3 가슴을 들고 코어를 고정한 상태에서 무릎과 엉덩이를 구부려 몸을 천천히 내립니다. | Step:4 허벅지가 바닥과 평행이 되거나 편안하게 갈 수 있는 만큼 낮출 때까지 계속 내립니다. | Step:5 맨 아래에서 잠시 멈춘 후, 뒤꿈치를 밀어 시작 자세로 돌아갑니다. | Step:6 원하는 횟수만큼 반복합니다.",https://melo2026.s3.ap-northeast-2.amazonaws.com/workout-images/0lQnxMZ.webp,weight,5.0,하체,허벅지,기타,중량,중량
0mB6wHO,러너스 스트레치,https://static.exercisedb.dev/media/0mB6wHO.gif,햄스트링,종아리 | quadriceps,"Step:1 발을 엉덩이 너비로 벌리고 섭니다. | Step:2 왼쪽 발을 고정한 상태에서 오른쪽 발로 앞으로 한 걸음 나아갑니다. | Step:3 오른쪽 무릎을 구부리고 왼쪽 다리를 곧게 편 상태로 몸을 내립니다. | Step:4 지지를 위해 오른쪽 허벅지에 손을 댑니다. | Step:5 20-30초 동안 스트레칭을 유지한 후, 반대쪽으로 전환하여 반복합니다.",https://melo2026.s3.ap-northeast-2.amazonaws.com/workout-images/0mB6wHO.webp,weight,2.5,하체,허벅지,맨몸,,맨몸
0MlxeMn,젠틀 스타일 케이블 풀다운 (프로 랫 바),,광배근,이두근 | 전완근,"Step:1 허벅지가 바닥과 평행이 되고 발이 바닥에 평평하게 닿도록 좌석 높이를 조절합니다. | Step:2 어깨너비보다 약간 넓게 오버핸드 그립으로 랫 바를 잡습니다. | Step:3 앉아서 약간 뒤로 기울이면서 가슴을 들고 등을 곧게 폅니다. | Step:4 견갑골을 함께 조이면서 바를 가슴 쪽으로 당깁니다. 전체적으로 부드러운 자세를 유지합니다. | Step:5 동작의 가장 낮은 지점에서 잠시 멈춘 후, 천천히 바를 시작 자세로 다시 올립니다. | Step:6 원하는 횟수만큼 반복합니다.",,weight,5.0,등,,케이블 머신,,케이블
0rHfvy9,인버트 레그 컬 (풀업 케이블 머신),https://static.exercisedb.dev/media/0rHfvy9.gif,햄스트링,둔근 | 종아리,"Step:1 발목 스트랩이 가장 낮은 설정에 오도록 케이블 머신을 조절합니다. | Step:2 다리를 펴고 발목 스트랩을 발에 부착한 상태로 벤치에 엎드립니다. | Step:3 안정성을 위해 벤치 손잡이를 잡습니다. | Step:4 무릎을 구부리고 햄스트링을 조이면서 다리를 엉덩이 쪽으로 컬링합니다. | Step:5 동작의 최고 지점에서 잠시 멈춘 후, 천천히 다리를 시작 자세로 내립니다. | Step:6 원하는 횟수만큼 반복합니다.",https://melo2026.s3.ap-northeast-2.amazonaws.com/workout-images/0rHfvy9.webp,weight,3.5,하체,허벅지,맨몸,,맨몸
0S75mYG,스미스 시티드 원 레그 카프 레이즈,https://static.exercisedb.dev/media/0S75mYG.gif,종아리,햄스트링,"Step:1 머신에 앉아 등받이에 등을 대고 발을 발판에 댑니다. | Step:2 한쪽 다리를 발판에 올리고 다른 다리는 발판에서 뗍니다. | Step:3 종아리 근육을 사용하여 발뒤꿈치를 최대한 높이 들어 올립니다. | Step:4 맨 위에서 잠시 멈춘 다음, 발뒤꿈치를 천천히 시작 자세로 다시 내립니다. | Step:5 원하는 횟수만큼 반복한 다음 다리를 바꿔 반복합니다.",https://melo2026.s3.ap-northeast-2.amazonaws.com/workout-images/0S75mYG.webp,weight,5.0,하체,종아리,스미스 머신,,스미스 머신
0V2YQjW,풀업 (뉴트럴 그립),https://static.exercisedb.dev/media/0V2YQjW.gif,광배근,이두근 | 전완근,"Step:1 풀업 바에 뉴트럴 그립(손바닥이 서로 마주보게)으로 매달리고 팔을 완전히 뻗습니다. | Step:2 코어에 힘을 주고 어깨뼈를 함께 꽉 조입니다. | Step:3 팔꿈치를 구부리고 팔꿈치를 엉덩이 쪽으로 내리면서 몸을 바 쪽으로 당깁니다. | Step:4 턱이 바 위로 올라올 때까지 계속 당깁니다. | Step:5 맨 위에서 잠시 멈춘 다음, 통제력을 유지하면서 몸을 천천히 시작 자세로 다시 내립니다. | Step:6 원하는 횟수만큼 반복합니다.",https://melo2026.s3.ap-northeast-2.amazonaws.com/workout-images/0V2YQjW.webp,weight,3.5,등,,맨몸,,맨몸
0xDpB4L,레지스탕스 밴드 시티드 힙 어브덕션,https://static.exercisedb.dev/media/0xDpB4L.gif,외전근,둔근 | 햄스트링,"Step:1 의자나 벤치에 등을 곧게 펴고 발을 바닥에 평평하게 대고 앉습니다. | Step:2 무릎 바로 위 허벅지에 저항 밴드를 감습니다. | Step:3 지지를 위해 의자나 벤치 옆면에 손을 댑니다. | Step:4 외전근(허벅지 바깥쪽 근육)에 힘을 주고 밴드의 저항에 맞서 무릎을 천천히 벌립니다. | Step:5 동작 끝에서 잠시 멈춘 다음, 무릎을 천천히 다시 모읍니다. | Step:6 원하는 횟수만큼 반복합니다.",https://melo2026.s3.ap-northeast-2.amazonaws.com/workout-images/0xDpB4L.webp,weight,3.5,하체,허벅지,밴드,,저항 밴드
0Yz8WdV,베어 크롤,https://static.exercisedb.dev/media/0Yz8WdV.gif,심폐 지구력,코어 | 어깨 | 삼두근,"Step:1 네 발로 엎드린 자세에서 손은 어깨 바로 아래, 무릎은 엉덩이 바로 아래에 둡니다. | Step:2 등을 평평하게 유지하고 코어에 힘을 준 상태에서 무릎을 바닥에서 살짝 들어 올립니다. | Step:3 오른쪽 손과 왼쪽 발을 동시에 앞으로 움직인 다음, 왼쪽 손과 오른쪽 발을 움직입니다. | Step:4 손과 발의 움직임을 번갈아 가며 계속 앞으로 기어갑니다. | Step:5 꾸준한 속도를 유지하고 운동 내내 코어를 단단하게 유지합니다. | Step:6 원하는 거리나 시간 동안 계속합니다.",https://melo2026.s3.ap-northeast-2.amazonaws.com/workout-images/0Yz8WdV.webp,cardio,3.5,유산소,,맨몸,,맨몸
10Z2DXU,슬레드 45도 레그 프레스,https://static.exercisedb.dev/media/10Z2DXU.gif,둔근,quadriceps | 햄스트링 | 종아리,"Step:1 슬레드 머신의 좌석과 발판을 편안한 위치로 조절합니다. | Step:2 슬레드 머신에 앉아 등받이에 등을 대고 발을 발판에 어깨너비로 벌립니다. | Step:3 안정성을 위해 좌석 옆의 손잡이를 잡습니다. | Step:4 발뒤꿈치를 발판에 댄 상태로 다리를 펴서 발판을 몸에서 밀어냅니다. | Step:5 무릎을 잠그지 않고 다리가 거의 완전히 펴질 때까지 계속 밉니다. | Step:6 동작의 맨 위에서 잠시 멈춘 다음, 무릎을 구부려 발판을 천천히 몸 쪽으로 다시 내립니다. | Step:7 원하는 횟수만큼 반복합니다.",https://melo2026.s3.ap-northeast-2.amazonaws.com/workout-images/10Z2DXU.webp,weight,5.0,하체,허벅지,머신,슬레드 머신,슬레드 머신
11wrviz,아이소메트릭 와이퍼,https://static.exercisedb.dev/media/11wrviz.gif,대흉근,어깨 | 삼두근 | 코어,"Step:1 매트나 벤치에 등을 대고 평평하게 눕습니다. | Step:2 팔을 몸에 수직으로 옆으로 쭉 뻗습니다. | Step:3 코어에 힘을 주고 다리를 함께 곧게 편 상태로 바닥에서 들어 올립니다. | Step:4 통제력을 유지하면서 다리를 한쪽으로 천천히 내리고 발이 바닥에 닿도록 합니다. | Step:5 잠시 멈춘 다음, 코어를 사용하여 다리를 시작 자세로 다시 들어 올립니다. | Step:6 이번에는 다리를 반대쪽으로 내리면서 동작을 반복합니다. | Step:7 원하는 횟수만큼 번갈아 가며 계속합니다.",https://melo2026.s3.ap-northeast-2.amazonaws.com/workout-images/11wrviz.webp,weight,3.5,가슴,,맨몸,,맨몸
13TpY4H,레이즈 싱글 암 푸시업,https://static.exercisedb.dev/media/13TpY4H.gif,대흉근,삼두근 | 어깨 | 코어,Step:1 푸시업 자세에서 손을 어깨너비보다 약간 넓게 벌리고 발을 모읍니다. | Step:2 한쪽 팔을 지면과 평행하게 옆으로 쭉 뻗습니다. | Step:3 등을 곧게 펴고 코어에 힘을 준 상태에서 팔꿈치를 구부려 몸을 바닥 쪽으로 내립니다. | Step:4 가슴 근육을 사용하여 몸을 들어 올려 시작 자세로 다시 밀어냅니다. | Step:5 다른 팔을 뻗어 반복합니다.,https://melo2026.s3.ap-northeast-2.amazonaws.com/workout-images/13TpY4H.webp,weight,3.5,가슴,,맨몸,,맨몸
13VW2VO,웨이티드 스트레치 런지,https://static.exercisedb.dev/media/13VW2VO.gif,둔근,quadriceps | 햄스트링 | 종아리,Step:1 발을 어깨너비로 벌리고 섭니다. | Step:2 등을 곧게 편 상태로 오른쪽 발을 앞으로 내딛습니다. | Step:3 오른쪽 허벅지가 지면과 평행이 될 때까지 무릎을 구부려 몸을 내립니다. | Step:4 오른쪽 뒤꿈치로 밀어 시작 자세로 돌아옵니다. | Step:5 왼쪽 다리로 반복합니다. | Step:6 원하는 횟수만큼 다리를 번갈아 가며 계속합니다.,https://melo2026.s3.ap-northeast-2.amazonaws.com/workout-images/13VW2VO.webp,weight,2.5,하체,허벅지,기타,중량,중량
17bqEXD,시티드 카프 스트레치 (남성),https://static.exercisedb.dev/media/17bqEXD.gif,종아리,햄스트링,Step:1 의자나 벤치 가장자리에 앉아 발을 바닥에 평평하게 댑니다. | Step:2 한쪽 다리를 앞으로 쭉 뻗고 발뒤꿈치를 바닥에 댑니다. | Step:3 종아리 근육이 늘어나는 것을 느끼며 몸을 살짝 앞으로 기울입니다. | Step:4 20-30초 동안 스트레칭을 유지합니다. | Step:5 다리를 바꿔 스트레칭을 반복합니다.,https://melo2026.s3.ap-northeast-2.amazonaws.com/workout-images/17bqEXD.webp,weight,2.5,하체,종아리,맨몸,,맨몸
17lJ1kr,레버 라잉 레그 컬,https://static.exercisedb.dev/media/17lJ1kr.gif,햄스트링,종아리,Step:1 머신을 몸에 맞게 조절하고 원하는 무게를 선택합니다. | Step:2 다리를 곧게 펴고 발뒤꿈치를 패딩된 레버에 댄 상태로 머신에 엎드립니다. | Step:3 안정성을 위해 손잡이나 머신 측면을 잡습니다. | Step:4 상체를 고정한 상태에서 숨을 내쉬며 엉덩이를 패드에서 떼지 않고 가능한 한 다리를 위로 구부립니다. | Step:5 햄스트링을 쥐어짜면서 수축된 자세를 잠시 유지합니다. | Step:6 숨을 들이쉬면서 레버를 천천히 시작 자세로 다시 내립니다. | Step:7 원하는 횟수만큼 반복합니다.,https://melo2026.s3.ap-northeast-2.amazonaws.com/workout-images/17lJ1kr.webp,weight,5.0,하체,허벅지,머신,레버리지 머신,레버리지 머신
196HJGw,힙 레이즈 (구부린 무릎),https://static.exercisedb.dev/media/196HJGw.gif,복근,둔근 | 햄스트링,"Step:1 무릎을 구부리고 발을 바닥에 평평하게 댄 상태로 등을 대고 눕습니다. | Step:2 손을 옆에 두고 손바닥을 아래로 향하게 합니다. | Step:3 코어와 둔근에 힘을 주고 엉덩이를 바닥에서 들어 올려 무릎부터 어깨까지 일직선이 되도록 합니다. | Step:4 맨 위에서 잠시 멈춘 다음, 엉덩이를 천천히 시작 자세로 다시 내립니다. | Step:5 원하는 횟수만큼 반복합니다.",https://melo2026.s3.ap-northeast-2.amazonaws.com/workout-images/196HJGw.webp,weight,3.5,코어,허리 | 복부,맨몸,,맨몸
1bQkKZK,스미스 벤트 니 굿모닝,https://static.exercisedb.dev/media/1bQkKZK.gif,둔근,햄스트링 | lower back,Step:1 발을 어깨너비로 벌리고 발가락을 앞으로 향하게 하여 섭니다. | Step:2 바벨을 등 위쪽 승모근에 걸칩니다. | Step:3 무릎을 살짝 구부리고 등을 곧게 편 상태로 엉덩이에서 몸을 앞으로 숙입니다. | Step:4 햄스트링이 늘어나는 것을 느끼며 몸통이 지면과 평행이 될 때까지 내립니다. | Step:5 둔근과 햄스트링에 힘을 주어 몸통을 시작 자세로 다시 들어 올립니다. | Step:6 원하는 횟수만큼 반복합니다.,https://melo2026.s3.ap-northeast-2.amazonaws.com/workout-images/1bQkKZK.webp,weight,5.0,하체,허벅지,스미스 머신,,스미스 머신
1cTf2Ux,이지 바 스탠딩 프렌치 프레스,https://static.exercisedb.dev/media/1cTf2Ux.gif,삼두근,어깨,"Step:1 발을 어깨너비로 벌리고 서서 오버핸드 그립으로 이지 바벨을 잡습니다. | Step:2 팔을 완전히 뻗어 바벨을 머리 위로 들어 올립니다. | Step:3 상완을 머리에 가깝게 유지하면서 팔꿈치를 구부려 바벨을 머리 뒤로 천천히 내립니다. | Step:4 잠시 멈춘 다음, 팔을 뻗어 시작 자세로 돌아옵니다. | Step:5 원하는 횟수만큼 반복합니다.",https://melo2026.s3.ap-northeast-2.amazonaws.com/workout-images/1cTf2Ux.webp,weight,5.0,팔,상완,바벨,,EZ 바벨
1DN3iz4,스미스 업라이트 로우,https://static.exercisedb.dev/media/1DN3iz4.gif,삼각근,승모근 | 이두근,"Step:1 발을 어깨너비로 벌리고 스미스 머신을 향해 섭니다. | Step:2 어깨너비보다 약간 넓게 오버핸드 그립으로 바벨을 잡습니다. | Step:3 등을 곧게 펴고 코어에 힘을 줍니다. | Step:4 팔꿈치를 리드하며 바벨을 턱 쪽으로 당깁니다. | Step:5 맨 위에서 잠시 멈춘 다음, 바벨을 천천히 시작 자세로 다시 내립니다. | Step:6 원하는 횟수만큼 반복합니다.",https://melo2026.s3.ap-northeast-2.amazonaws.com/workout-images/1DN3iz4.webp,weight,5.0,어깨,,스미스 머신,,스미스 머신
1g5bPpA,잭 점프 (남성),https://static.exercisedb.dev/media/1g5bPpA.gif,심폐 지구력,quadriceps | 종아리,Step:1 발을 모으고 팔을 옆구리에 둡니다. | Step:2 점프하면서 발을 벌리고 팔을 머리 위로 올립니다. | Step:3 착지하면서 빠르게 시작 자세로 돌아옵니다. | Step:4 원하는 횟수만큼 반복합니다.,https://melo2026.s3.ap-northeast-2.amazonaws.com/workout-images/1g5bPpA.webp,cardio,3.5,유산소,,맨몸,,맨몸
1gFNTZV,바벨 점프 스쿼트,https://static.exercisedb.dev/media/1gFNTZV.gif,둔근,quadriceps | 햄스트링 | 종아리,"Step:1 발을 어깨너비로 벌리고 서서 등 위쪽에 바벨을 잡습니다. | Step:2 무릎을 구부리고 엉덩이를 뒤로 밀면서 몸을 스쿼트 자세로 낮춥니다. | Step:3 스쿼트 바닥에 도달하면 땅에서 뛰어올라 폭발적으로 움직입니다. | Step:4 점프하면서 엉덩이, 무릎, 발목을 펴고 발가락으로 밀어냅니다. | Step:5 스쿼트 자세로 부드럽게 착지하고 즉시 원하는 횟수만큼 반복합니다.",https://melo2026.s3.ap-northeast-2.amazonaws.com/workout-images/1gFNTZV.webp,weight,5.0,하체,허벅지,바벨,,바벨
1GPHRyK,잔다 싯업,https://static.exercisedb.dev/media/1GPHRyK.gif,복근,고관절 굴곡근 | lower back,"Step:1 무릎을 구부리고 발바닥을 바닥에 대고 똑바로 눕습니다. | Step:2 손을 머리 뒤에 대고 팔꿈치를 바깥쪽으로 향하게 합니다. | Step:3 복근을 사용하여 상체를 천천히 들어 올리고, 몸통이 45도 각도가 될 때까지 앞으로 말아 올립니다. | Step:4 맨 위에서 잠시 멈춘 다음, 상체를 천천히 시작 자세로 다시 내립니다. | Step:5 원하는 횟수만큼 반복합니다.",https://melo2026.s3.ap-northeast-2.amazonaws.com/workout-images/1GPHRyK.webp,weight,3.5,코어,허리 | 복부,맨몸,,맨몸
1IFV9h3,로우 암 푸시업 - 저항 변형,,삼두근,가슴 | 어깨,"Step:1 팔뚝을 바닥에 대고 팔꿈치가 어깨 바로 아래에 오도록 플랭크 자세를 취합니다. | Step:2 코어를 사용하고 머리부터 발끝까지 몸을 일직선으로 유지합니다. | Step:3 팔꿈치를 몸에 가깝게 유지하면서 팔꿈치를 구부려 가슴을 바닥 쪽으로 내립니다. 저항 조절을 강조합니다. | Step:4 바닥에서 잠시 멈춘 다음, 시작 자세로 다시 밀어 올립니다. | Step:5 원하는 횟수만큼 반복합니다.",,weight,3.5,팔,상완,맨몸,,맨몸
1IG6gVF,프론 트위스트 온 스태빌리티 볼,https://static.exercisedb.dev/media/1IG6gVF.gif,복근,obliques | lower back,Step:1 발을 어깨너비로 벌리고 발가락이 바닥에 닿도록 하여 안정성 볼 위에 얼굴을 아래로 향하게 눕습니다. | Step:2 손을 머리 뒤에 대거나 가슴 위에 교차합니다. | Step:3 코어 근육을 사용하고 등을 곧게 유지하면서 상체를 볼에서 천천히 들어 올립니다. | Step:4 몸통을 한쪽으로 회전시켜 어깨를 엉덩이 쪽으로 가져옵니다. 동작 내내 엉덩이와 다리를 안정적으로 유지합니다. | Step:5 잠시 멈춘 다음 시작 자세로 돌아갑니다. | Step:6 반대쪽으로 회전을 반복합니다. | Step:7 원하는 횟수만큼 번갈아 가며 반복합니다.,https://melo2026.s3.ap-northeast-2.amazonaws.com/workout-images/1IG6gVF.webp,weight,3.5,코어,허리 | 복부,기타,짐볼,짐볼
1jXLYEw,스탠딩 레터럴 스트레치,https://static.exercisedb.dev/media/1jXLYEw.gif,광배근,어깨 | obliques,Step:1 발을 어깨너비로 벌리고 무릎을 살짝 구부리고 섭니다. | Step:2 팔을 바닥과 평행하게 옆으로 쭉 뻗습니다. | Step:3 상체를 천천히 한쪽으로 기울여 옆구리와 광배근의 스트레칭을 느낍니다. | Step:4 15-30초 동안 스트레칭을 유지합니다. | Step:5 시작 자세로 돌아가 반대쪽으로 반복합니다. | Step:6 원하는 횟수만큼 반복합니다.,https://melo2026.s3.ap-northeast-2.amazonaws.com/workout-images/1jXLYEw.webp,weight,2.5,등,,맨몸,,맨몸
1kB3Wmk,덤벨 싱글 레그 카프 레이즈,https://static.exercisedb.dev/media/1kB3Wmk.gif,종아리,ankles,"Step:1 발뒤꿈치가 가장자리에 걸쳐지도록 계단이나 플랫폼 가장자리에 서서 발가락을 계단에 댑니다. | Step:2 한 손에 덤벨을 들고 다른 손은 벽이나 난간에 대어 지지합니다. | Step:3 발뒤꿈치를 가능한 한 높이 올려 발가락으로 몸을 들어 올립니다. | Step:4 맨 위에서 잠시 멈춘 다음, 발뒤꿈치를 계단 아래로 천천히 내립니다. | Step:5 원하는 횟수만큼 반복한 다음 다른 쪽 다리로 전환합니다.",https://melo2026.s3.ap-northeast-2.amazonaws.com/workout-images/1kB3Wmk.webp,weight,5.0,하체,종아리,덤벨,,덤벨
1LVFcEn,카프 스트레치 위드 로프,https://static.exercisedb.dev/media/1LVFcEn.gif,종아리,햄스트링,Step:1 벽이나 단단한 물체를 향해 발을 엉덩이 너비로 벌리고 섭니다. | Step:2 로프의 양 끝을 각 손에 잡고 로프의 중간 부분을 오른쪽 발 볼에 감쌉니다. | Step:3 왼쪽 발을 뒤로 내딛고 발뒤꿈치를 바닥에 댄 채 다리를 곧게 폅니다. | Step:4 등을 곧게 유지하면서 앞으로 기울이고 로프를 부드럽게 당겨 종아리를 스트레칭합니다. | Step:5 20-30초 동안 스트레칭을 유지한 다음 풀어줍니다. | Step:6 다른 쪽 다리로 반복합니다.,https://melo2026.s3.ap-northeast-2.amazonaws.com/workout-images/1LVFcEn.webp,weight,2.5,하체,종아리,기타,로프,로프
1oE78pm,코어 바벨 업라이트 로우 v. 2,,삼각근,승모근 | 이두근,Step:1 발을 어깨너비로 벌리고 바벨을 오버핸드 그립으로 잡습니다. 손은 어깨너비보다 약간 넓게 잡습니다. | Step:2 바벨을 허벅지 앞에 늘어뜨리고 팔을 완전히 폅니다. 코어 강도로 수행합니다. | Step:3 등을 곧게 유지하면서 숨을 내쉬고 팔꿈치를 앞으로 내밀어 바벨을 턱 쪽으로 똑바로 들어 올립니다. | Step:4 맨 위에서 잠시 멈춘 다음 숨을 들이쉬고 바벨을 천천히 시작 자세로 다시 내립니다. | Step:5 원하는 횟수만큼 반복합니다.,,weight,5.0,어깨,,바벨,,바벨
1PK5Uo3,케이블 인클라인 푸시다운,https://static.exercisedb.dev/media/1PK5Uo3.gif,광배근,삼두근 | 어깨,Step:1 높은 도르래 케이블 머신에 스트레이트 바를 연결합니다. | Step:2 발을 어깨너비로 벌리고 머신을 향해 섭니다. | Step:3 바를 오버핸드 그립으로 잡습니다. 손은 어깨너비보다 약간 넓게 잡습니다. | Step:4 약간 앞으로 기울이고 등을 곧게 유지합니다. | Step:5 팔꿈치를 펴서 바를 허벅지 쪽으로 당깁니다. | Step:6 바닥에서 잠시 멈춘 다음 바를 천천히 시작 자세로 되돌립니다. | Step:7 원하는 횟수만큼 반복합니다.,https://melo2026.s3.ap-northeast-2.amazonaws.com/workout-images/1PK5Uo3.webp,weight,5.0,등,,케이블 머신,,케이블
1PLE8e9,덤벨 인클라인 트위스티드 플라이,https://static.exercisedb.dev/media/1PLE8e9.gif,대흉근,어깨 | 삼두근,"Step:1 인클라인 벤치를 45도 각도로 설정하고 각 손에 덤벨을 든 채 앉습니다. 손바닥은 서로 마주보게 합니다. | Step:2 벤치에 누워 덤벨을 가슴 바로 위로 들어 올리는 시작 자세를 취합니다. 팔은 뻗습니다. | Step:3 가슴에 스트레칭이 느껴질 때까지 덤벨을 넓은 호를 그리며 양옆으로 내립니다. | Step:4 덤벨을 내리면서 손목을 회전시켜 동작 바닥에서 손바닥이 앞을 향하도록 합니다. | Step:5 동작을 반대로 하여 덤벨을 시작 자세로 다시 올리고, 맨 위에서 가슴 근육을 함께 쥐어짭니다. | Step:6 원하는 횟수만큼 반복합니다.",https://melo2026.s3.ap-northeast-2.amazonaws.com/workout-images/1PLE8e9.webp,weight,2.5,가슴,,덤벨,,덤벨
1qrWgZ2,덤벨 디클라인 햄머 프레스,https://static.exercisedb.dev/media/1qrWgZ2.gif,대흉근,삼두근 | 어깨,Step:1 발을 고정하고 머리가 엉덩이보다 낮게 오도록 디클라인 벤치에 눕습니다. | Step:2 각 손에 덤벨을 들고 손바닥을 서로 마주보게 하며 팔을 가슴 위로 뻗습니다. | Step:3 팔꿈치를 약간 구부린 채 덤벨을 가슴 양옆으로 내립니다. | Step:4 덤벨을 다시 시작 자세로 밀어 올리면서 팔을 완전히 폅니다. | Step:5 원하는 횟수만큼 반복합니다.,https://melo2026.s3.ap-northeast-2.amazonaws.com/workout-images/1qrWgZ2.webp,weight,5.0,가슴,,덤벨,,덤벨
1RIkUHT,덤벨 아이언 크로스 - 개선된 변형,,삼각근,삼두근 | 가슴,Step:1 발을 어깨너비로 벌리고 각 손에 덤벨을 들고 옆구리에 둡니다. | Step:2 팔을 옆으로 들어 올려 바닥과 평행이 되도록 합니다. 몸과 함께 T자 모양을 만듭니다. 개선된 강도로 수행합니다. | Step:3 잠시 멈춘 다음 팔을 천천히 시작 자세로 다시 내립니다. | Step:4 원하는 횟수만큼 반복합니다.,,weight,5.0,어깨,,덤벨,,덤벨
1TkiAFK,덤벨 원 암 숄더 프레스 v. 2,https://static.exercisedb.dev/media/1TkiAFK.gif,삼각근,삼두근 | 상부 등,Step:1 발을 어깨너비로 벌리고 한 손에 덤벨을 어깨 높이로 듭니다. 손바닥은 앞을 향하게 합니다. | Step:2 코어를 사용하고 덤벨을 머리 위로 똑바로 밀어 올려 팔을 완전히 폅니다. | Step:3 맨 위에서 잠시 멈춘 다음 덤벨을 천천히 어깨 높이로 다시 내립니다. | Step:4 원하는 횟수만큼 반복한 다음 다른 쪽 팔로 전환합니다.,https://melo2026.s3.ap-northeast-2.amazonaws.com/workout-images/1TkiAFK.webp,weight,5.0,어깨,,덤벨,,덤벨
1TVoin7,바벨 라잉 트라이셉스 익스텐션 더블,,삼두근,어깨,Step:1 발을 바닥에 대고 벤치 끝에 머리를 두고 똑바로 눕습니다. | Step:2 바벨을 오버핸드 그립으로 잡습니다. 손은 어깨너비로 잡고 팔을 가슴 위로 똑바로 뻗습니다. | Step:3 팔 윗부분을 고정한 채 팔꿈치를 구부려 바벨을 이마 쪽으로 천천히 내립니다. 더블 동작에 집중합니다. | Step:4 바닥에서 잠시 멈춘 다음 팔을 다시 시작 자세로 폅니다. | Step:5 원하는 횟수만큼 반복합니다.,,weight,5.0,팔,상완,바벨,,바벨
1u36hhy,스태빌리티 레버 내로우 그립 시티드 로우,,상부 등,이두근 | 전완근,Step:1 올바른 자세를 위해 좌석 높이와 발 받침대를 조절합니다. | Step:2 발을 발 받침대에 대고 무릎을 살짝 구부린 채 기구에 앉습니다. | Step:3 손잡이를 내로우 그립으로 잡습니다. 손바닥은 서로 마주보게 합니다. | Step:4 등을 곧게 유지하고 약간 앞으로 기울입니다. | Step:5 손잡이를 몸통 쪽으로 당기면서 견갑골을 함께 죕니다. | Step:6 동작의 최고점에서 잠시 멈춥니다. | Step:7 손잡이를 천천히 풀고 시작 자세로 돌아갑니다. 안정성 동작에 집중합니다. | Step:8 원하는 횟수만큼 반복합니다.,,weight,5.0,등,,머신,레버리지 머신,레버리지 머신
1V1gj1u,바벨 시티드 클로즈 그립 컨센트레이션 컬,https://static.exercisedb.dev/media/1V1gj1u.gif,이두근,전완근,Step:1 발을 바닥에 평평하게 대고 벤치에 앉아 언더핸드 그립으로 어깨너비만큼 바벨을 잡습니다. | Step:2 팔 윗부분을 무릎 바로 위 허벅지 안쪽에 대고 바벨을 앞에 늘어뜨립니다. | Step:3 팔 윗부분을 고정한 상태에서 숨을 내쉬며 이두근을 수축하면서 바벨을 어깨 쪽으로 들어 올립니다. | Step:4 수축된 자세를 잠시 유지한 후 숨을 들이쉬면서 천천히 시작 자세로 바벨을 내립니다. | Step:5 원하는 횟수만큼 반복합니다.,https://melo2026.s3.ap-northeast-2.amazonaws.com/workout-images/1V1gj1u.webp,weight,5.0,팔,상완,바벨,,바벨
1VpF8db,덤벨 바이셉스 컬 런지 볼링 모션,https://static.exercisedb.dev/media/1VpF8db.gif,이두근,전완근 | 어깨,Step:1 발을 어깨너비로 벌리고 서서 각 손에 덤벨을 들고 손바닥이 앞을 향하게 합니다. | Step:2 오른쪽 발을 앞으로 내딛으며 오른쪽 무릎을 구부리고 몸을 런지 자세로 낮춥니다. | Step:3 앞으로 런지하면서 팔꿈치를 몸에 가깝게 붙인 채 덤벨을 어깨 쪽으로 들어 올립니다. | Step:4 런지 바닥에서 몸통을 오른쪽으로 돌리며 공을 굴리는 것처럼 합니다. | Step:5 동작을 반대로 하여 오른쪽 발을 뒤로 내딛으며 덤벨을 다시 내리면서 시작 자세로 돌아옵니다. | Step:6 이번에는 몸통을 왼쪽으로 돌리면서 런지와 컬 동작을 반복합니다. | Step:7 원하는 횟수만큼 번갈아 가며 반복합니다.,https://melo2026.s3.ap-northeast-2.amazonaws.com/workout-images/1VpF8db.webp,weight,5.0,팔,상완,덤벨,,덤벨
1xHyxys,케이블 하이 풀리 오버헤드 트라이셉스 익스텐션,https://static.exercisedb.dev/media/1xHyxys.gif,삼두근,어깨,Step:1 로프를 높은 풀리에 연결하고 기구에서 등을 돌리고 섭니다. | Step:2 양손으로 로프를 잡고 팔을 머리 위로 뻗습니다. | Step:3 팔꿈치를 머리에 가깝게 붙이고 팔 윗부분을 고정합니다. | Step:4 팔꿈치를 구부려 로프를 머리 뒤로 천천히 내립니다. | Step:5 잠시 멈춘 후 팔을 뻗어 시작 자세로 돌아옵니다. | Step:6 원하는 횟수만큼 반복합니다.,https://melo2026.s3.ap-northeast-2.amazonaws.com/workout-images/1xHyxys.webp,weight,5.0,팔,상완,케이블 머신,,케이블
1YB40kg,인클라인 클로즈 그립 푸시업,https://static.exercisedb.dev/media/1YB40kg.gif,삼두근,가슴 | 어깨,Step:1 어깨너비보다 약간 넓게 손을 벤치나 계단 같은 높은 표면에 댑니다. | Step:2 다리를 뒤로 뻗고 발끝으로 서서 머리부터 발뒤꿈치까지 몸이 일직선이 되도록 합니다. | Step:3 팔꿈치를 옆구리에 가깝게 붙이고 팔꿈치를 구부려 가슴을 높은 표면 쪽으로 내립니다. | Step:4 바닥에서 잠시 멈춘 후 팔을 펴서 시작 자세로 밀어 올립니다. | Step:5 원하는 횟수만큼 반복합니다.,https://melo2026.s3.ap-northeast-2.amazonaws.com/workout-images/1YB40kg.webp,weight,3.5,팔,상완,맨몸,,맨몸
1YUWDNZ,익스텐디드 스타일 인버티드 로우,,상부 등,이두근 | 전완근,Step:1 허리 높이의 바를 설치하거나 서스펜션 트레이너를 사용합니다. | Step:2 바 또는 서스펜션 트레이너를 향해 서서 발을 어깨너비로 벌립니다. | Step:3 어깨너비보다 약간 넓게 오버핸드 그립으로 바 또는 손잡이를 잡습니다. | Step:4 몸을 곧게 펴고 발뒤꿈치를 땅에 댄 채 뒤로 기울입니다. | Step:5 견갑골을 모으면서 가슴을 바 또는 손잡이 쪽으로 당깁니다. | Step:6 위에서 잠시 멈춘 후 천천히 시작 자세로 돌아옵니다. | Step:7 원하는 횟수만큼 반복합니다. 익스텐디드 강도로 수행합니다.,,weight,3.5,등,,맨몸,,맨몸
1ZFqTDN,에어 바이크,https://static.exercisedb.dev/media/1ZFqTDN.gif,복근,고관절 굴곡근,Step:1 손을 머리 뒤에 대고 등을 바닥에 대고 눕습니다. | Step:2 다리를 땅에서 떼고 무릎을 90도 각도로 구부립니다. | Step:3 오른쪽 다리를 펴면서 동시에 오른쪽 팔꿈치를 왼쪽 무릎 쪽으로 가져옵니다. | Step:4 시작 자세로 돌아와서 왼쪽 다리를 펴면서 왼쪽 팔꿈치를 오른쪽 무릎 쪽으로 가져오는 반대쪽 동작을 반복합니다. | Step:5 원하는 횟수만큼 페달을 밟는 동작으로 번갈아 가며 반복합니다.,https://melo2026.s3.ap-northeast-2.amazonaws.com/workout-images/1ZFqTDN.webp,weight,3.5,코어,허리 | 복부,맨몸,,맨몸
225x2Vd,밴드 니링 트위스팅 크런치,https://static.exercisedb.dev/media/225x2Vd.gif,복근,obliques,Step:1 허리 높이의 단단한 고정 지점에 밴드를 연결합니다. | Step:2 고정 지점에서 등을 돌리고 무릎을 꿇고 앉아 팔꿈치를 구부리고 옆구리에 가깝게 붙인 채 양손으로 밴드를 잡습니다. | Step:3 복근에 힘을 주고 손을 반대쪽 엉덩이 쪽으로 가져오면서 몸통을 한쪽으로 천천히 비틉니다. | Step:4 잠시 멈춘 후 천천히 시작 자세로 돌아옵니다. | Step:5 반대쪽도 반복합니다. | Step:6 원하는 횟수만큼 번갈아 가며 반복합니다.,https://melo2026.s3.ap-northeast-2.amazonaws.com/workout-images/225x2Vd.webp,weight,3.5,코어,허리 | 복부,밴드,,밴드
25GPyDY,바벨 컬,https://static.exercisedb.dev/media/25GPyDY.gif,이두근,전완근,Step:1 발을 어깨너비로 벌리고 똑바로 서서 언더핸드 그립으로 바벨을 잡고 손바닥이 앞을 향하게 합니다. | Step:2 팔꿈치를 몸통에 가깝게 붙이고 이두근을 수축하면서 숨을 내쉬며 무게를 들어 올립니다. | Step:3 이두근이 완전히 수축되고 바벨이 어깨 높이에 올 때까지 계속 들어 올립니다. | Step:4 이두근을 꽉 조이면서 수축된 자세를 잠시 유지합니다. | Step:5 숨을 들이쉬면서 천천히 시작 자세로 바벨을 내리기 시작합니다. | Step:6 원하는 횟수만큼 반복합니다.,https://melo2026.s3.ap-northeast-2.amazonaws.com/workout-images/25GPyDY.webp,weight,5.0,팔,상완,바벨,,바벨
27NNGFr,케이블 인클라인 플라이 (스태빌리티 볼 위),https://static.exercisedb.dev/media/27NNGFr.gif,대흉근,deltoids | 삼두근,Step:1 스태빌리티 볼을 경사 각도로 설정합니다. | Step:2 케이블 머신의 높은 풀리에 케이블 핸들을 연결합니다. | Step:3 발을 땅에 단단히 고정하고 기구에서 등을 돌린 채 스태빌리티 볼에 앉습니다. | Step:4 오버핸드 그립으로 케이블 핸들을 잡고 손바닥이 앞을 향하게 합니다. | Step:5 등을 곧게 펴고 코어를 고정한 채 상체를 약간 앞으로 기울입니다. | Step:6 팔꿈치를 약간 구부린 채 팔을 옆으로 벌리는 통제된 동작으로 움직입니다. | Step:7 팔이 바닥과 평행이 될 때까지 동작을 계속합니다. | Step:8 잠시 멈춘 후 천천히 시작 자세로 돌아옵니다. | Step:9 원하는 횟수만큼 반복합니다.,https://melo2026.s3.ap-northeast-2.amazonaws.com/workout-images/27NNGFr.webp,weight,5.0,가슴,,케이블 머신,,케이블
2dImyQ8,덤벨 시티드 팜스 업 리스트 컬,https://static.exercisedb.dev/media/2dImyQ8.gif,전완근,이두근 | 어깨,Step:1 발을 땅에 평평하게 대고 벤치에 앉아 각 손에 덤벨을 들고 손바닥이 위를 향하게 합니다. | Step:2 팔뚝을 허벅지에 대고 손목이 가장자리에 걸쳐지도록 합니다. | Step:3 손목을 위로 천천히 컬링하면서 동작 상단에서 팔뚝을 꽉 조입니다. | Step:4 잠시 멈춘 후 손목을 다시 시작 자세로 내립니다. | Step:5 원하는 횟수만큼 반복합니다.,https://melo2026.s3.ap-northeast-2.amazonaws.com/workout-images/2dImyQ8.webp,weight,5.0,팔,전완,덤벨,,덤벨
2Dk4xQV,로킹 프로그 스트레치,https://static.exercisedb.dev/media/2Dk4xQV.gif,둔근,햄스트링 | quadriceps,Step:1 무릎을 엉덩이 너비로 벌리고 무릎을 꿇고 시작합니다. | Step:2 지지하기 위해 손을 앞에 땅에 댑니다. | Step:3 손에 체중을 싣고 다리를 뒤로 뻗으면서 천천히 앞으로 기울입니다. | Step:4 등을 곧게 펴고 엉덩이를 뒤로 밀어 천장 쪽으로 올리면서 둔근을 고정합니다. | Step:5 둔근에서 스트레칭을 느끼면서 이 자세를 몇 초간 유지합니다. | Step:6 무릎을 구부리고 엉덩이를 다시 아래로 내리면서 천천히 시작 자세로 돌아옵니다. | Step:7 원하는 횟수만큼 반복합니다.,https://melo2026.s3.ap-northeast-2.amazonaws.com/workout-images/2Dk4xQV.webp,weight,2.5,하체,허벅지,맨몸,,맨몸
2DxtqHL,바벨 원 암 사이드 데드리프트,https://static.exercisedb.dev/media/2DxtqHL.gif,둔근,햄스트링 | quadriceps | lower back,Step:1 발을 어깨너비로 벌리고 서서 한 손으로 오버핸드 그립으로 바벨을 잡습니다. | Step:2 등을 곧게 펴고 코어를 고정합니다. | Step:3 엉덩이에서 구부리고 팔을 곧게 펴고 가슴을 들어 올린 채 바벨을 다리 바깥쪽으로 내립니다. | Step:4 좋은 자세를 유지하면서 바벨을 최대한 내립니다. | Step:5 잠시 멈춘 후 천천히 시작 자세로 돌아옵니다. | Step:6 원하는 횟수만큼 반복한 후 반대쪽으로 전환합니다.,https://melo2026.s3.ap-northeast-2.amazonaws.com/workout-images/2DxtqHL.webp,weight,5.0,하체,허벅지,바벨,,바벨
2gPfomN,3/4 싯업,https://static.exercisedb.dev/media/2gPfomN.gif,복근,고관절 굴곡근 | lower back,Step:1 무릎을 구부리고 발을 땅에 평평하게 대고 등을 바닥에 대고 눕습니다. | Step:2 손을 머리 뒤에 대고 팔꿈치를 바깥쪽으로 향하게 합니다. | Step:3 복근에 힘을 주고 상체를 땅에서 천천히 들어 올려 몸통이 45도 각도가 될 때까지 앞으로 구부립니다. | Step:4 위에서 잠시 멈춘 후 상체를 천천히 시작 자세로 내립니다. | Step:5 원하는 횟수만큼 반복합니다.,https://melo2026.s3.ap-northeast-2.amazonaws.com/workout-images/2gPfomN.webp,weight,3.5,코어,허리 | 복부,맨몸,,맨몸
2IHEa2T,바벨 플로어 카프 레이즈,https://static.exercisedb.dev/media/2IHEa2T.gif,종아리,햄스트링,Step:1 바벨을 앞에 바닥에 놓습니다. | Step:2 발 앞부분을 바벨 가장자리에 대고 서서 발뒤꿈치를 걸칩니다. | Step:3 필요한 경우 균형을 잡기 위해 안정적인 물체를 잡습니다. | Step:4 종아리를 사용하여 몸을 들어 올리면서 발뒤꿈치를 최대한 높이 들어 올립니다. | Step:5 위에서 잠시 멈춘 후 발뒤꿈치를 천천히 시작 자세로 내립니다. | Step:6 원하는 횟수만큼 반복합니다.,https://melo2026.s3.ap-northeast-2.amazonaws.com/workout-images/2IHEa2T.webp,weight,5.0,하체,종아리,바벨,,바벨
2IxROQ1,케이블 오버헤드 트라이셉스 익스텐션 (로프 부착),https://static.exercisedb.dev/media/2IxROQ1.gif,삼두근,어깨,Step:1 높은 위치의 케이블 머신에 로프를 연결합니다. | Step:2 기구에서 등을 돌리고 서서 발을 어깨너비로 벌립니다. | Step:3 양손으로 로프를 잡고 손바닥이 서로 마주보게 한 후 손을 머리 위로 가져옵니다. | Step:4 팔 윗부분을 머리에 가깝게 붙이고 팔꿈치를 앞으로 향하게 합니다. | Step:5 팔꿈치를 구부려 로프를 머리 뒤로 천천히 내립니다. | Step:6 잠시 멈춘 후 팔을 뻗어 시작 자세로 돌아옵니다. | Step:7 원하는 횟수만큼 반복합니다.,https://melo2026.s3.ap-northeast-2.amazonaws.com/workout-images/2IxROQ1.webp,weight,5.0,팔,상완,케이블 머신,,케이블
2JCuFTU,덤벨 니링 바이셉스 컬 익서사이즈 볼,https://static.exercisedb.dev/media/2JCuFTU.gif,이두근,전완근,Step:1 바닥에 무릎을 꿇고 앞에 운동 볼을 놓습니다. | Step:2 양손에 덤벨을 들고 손바닥이 위를 향하도록 하여 팔꿈치를 운동 볼 위에 올립니다. | Step:3 윗팔을 고정하고 숨을 내쉬면서 이두근을 수축하며 덤벨을 컬합니다. | Step:4 이두근이 완전히 수축되고 덤벨이 어깨 높이에 올 때까지 덤벨을 계속 들어 올립니다. | Step:5 이두근을 쥐어짜면서 수축된 자세를 잠시 유지합니다. | Step:6 숨을 들이쉬면서 천천히 덤벨을 시작 자세로 되돌립니다. | Step:7 원하는 횟수만큼 반복합니다.,https://melo2026.s3.ap-northeast-2.amazonaws.com/workout-images/2JCuFTU.webp,weight,5.0,팔,상완,덤벨,,덤벨
2jl9K55,스파인 트위스트,https://static.exercisedb.dev/media/2jl9K55.gif,복근,obliques | lower back,Step:1 바닥에 앉아 다리를 앞으로 뻗습니다. | Step:2 무릎을 구부리고 발을 엉덩이 너비로 벌려 바닥에 평평하게 놓습니다. | Step:3 손을 머리 뒤에 놓고 팔꿈치를 바깥쪽으로 향하게 합니다. | Step:4 복근을 사용하여 몸통을 천천히 오른쪽으로 비틀면서 오른쪽 팔꿈치를 왼쪽 무릎 쪽으로 가져옵니다. | Step:5 비틀기의 끝에서 잠시 멈춘 다음 천천히 시작 자세로 돌아옵니다. | Step:6 왼쪽으로 몸통을 비틀면서 왼쪽 팔꿈치를 오른쪽 무릎 쪽으로 가져옵니다. | Step:7 원하는 횟수만큼 양쪽을 번갈아 가며 반복합니다.,https://melo2026.s3.ap-northeast-2.amazonaws.com/workout-images/2jl9K55.webp,weight,3.5,코어,허리 | 복부,맨몸,,맨몸
2kattbR,이지 바벨 스파이더 컬,https://static.exercisedb.dev/media/2kattbR.gif,이두근,전완근,Step:1 발을 어깨 너비로 벌리고 언더핸드 그립으로 이지 바벨을 잡습니다. 손바닥은 위를 향하게 합니다. | Step:2 윗팔을 프리쳐 벤치나 안정성 볼에 대고 팔꿈치가 아래로 늘어지도록 합니다. | Step:3 윗팔을 고정한 상태에서 숨을 내쉬면서 바벨을 어깨 쪽으로 컬합니다. | Step:4 위쪽에서 잠시 멈추면서 이두근을 쥐어짭니다. | Step:5 숨을 들이쉬면서 천천히 바벨을 시작 자세로 되돌립니다. | Step:6 원하는 횟수만큼 반복합니다.,https://melo2026.s3.ap-northeast-2.amazonaws.com/workout-images/2kattbR.webp,weight,5.0,팔,상완,바벨,,EZ 바벨
2KGnL6M,레버 원 암 숄더 프레스,https://static.exercisedb.dev/media/2KGnL6M.gif,삼각근,삼두근 | 상부 등,Step:1 시트 높이를 조절하고 기계에 등을 패드에 대고 앉습니다. | Step:2 한 손으로 레버 핸들을 잡고 팔꿈치를 90도 각도로 위치시킵니다. | Step:3 팔이 머리 위로 완전히 펴질 때까지 레버를 위로 누릅니다. | Step:4 위쪽에서 잠시 멈춘 다음 천천히 레버를 시작 자세로 되돌립니다. | Step:5 원하는 횟수만큼 반복한 다음 다른 팔로 전환합니다.,https://melo2026.s3.ap-northeast-2.amazonaws.com/workout-images/2KGnL6M.webp,weight,5.0,어깨,,머신,레버리지 머신,레버리지 머신
2kr2lWy,푸시업 (보수 볼),https://static.exercisedb.dev/media/2kr2lWy.gif,대흉근,삼두근 | 어깨 | 코어,Step:1 보수 볼을 바닥에 놓고 평평한 면이 위를 향하도록 합니다. | Step:2 보수 볼의 바깥쪽 가장자리에 손을 대고 푸시업 자세를 취합니다. | Step:3 코어에 힘을 주고 팔꿈치를 구부려 몸을 보수 볼 쪽으로 내립니다. | Step:4 팔을 펴서 시작 자세로 밀어 올립니다. | Step:5 원하는 횟수만큼 반복합니다.,https://melo2026.s3.ap-northeast-2.amazonaws.com/workout-images/2kr2lWy.webp,weight,3.5,가슴,,기타,보수볼,보수볼
2LQkNPW,익서사이즈 볼 힙 플렉서 스트레치,https://static.exercisedb.dev/media/2LQkNPW.gif,둔근,quadriceps | 햄스트링,Step:1 안정성 볼을 바닥에 놓고 앞에 무릎을 꿇습니다. | Step:2 오른쪽 발을 안정성 볼 위에 올리고 무릎을 90도 각도로 구부립니다. | Step:3 왼쪽 다리를 뒤로 뻗어 곧게 유지합니다. | Step:4 오른쪽 고관절 굴곡근에 스트레칭이 느껴질 때까지 앞으로 몸을 기울여 엉덩이를 안정성 볼 쪽으로 밉니다. | Step:5 20-30초 동안 스트레칭을 유지한 다음 반대쪽으로 전환하여 반복합니다.,https://melo2026.s3.ap-northeast-2.amazonaws.com/workout-images/2LQkNPW.webp,weight,2.5,하체,허벅지,기타,짐볼,짐볼
2NImIAG,덤벨 바이셉스 컬 온 익서사이즈 볼 위드 레그 레이즈,https://static.exercisedb.dev/media/2NImIAG.gif,이두근,전완근 | 어깨,Step:1 발을 바닥에 평평하게 놓고 등을 곧게 편 상태로 운동 볼에 앉습니다. | Step:2 양손에 덤벨을 들고 손바닥이 앞을 향하도록 하며 팔을 완전히 뻗습니다. | Step:3 팔꿈치를 옆구리에 가깝게 유지하면서 천천히 덤벨을 어깨 쪽으로 컬합니다. | Step:4 동작의 맨 위에서 잠시 멈춘 다음 천천히 덤벨을 시작 자세로 되돌립니다. | Step:5 바이셉스 컬을 하는 동안 다리 하나를 바닥에서 들어 올려 운동하는 동안 공중에 유지합니다. | Step:6 원하는 횟수만큼 반복한 다음 다리를 바꿔 반복합니다.,https://melo2026.s3.ap-northeast-2.amazonaws.com/workout-images/2NImIAG.webp,weight,5.0,팔,상완,덤벨,,덤벨
2NpxjC1,덤벨 해머 컬 v. 2,https://static.exercisedb.dev/media/2NpxjC1.gif,이두근,전완근,Step:1 똑바로 서서 양손에 덤벨을 들고 손바닥이 몸통을 향하도록 합니다. | Step:2 팔꿈치를 몸통에 가깝게 유지하고 손바닥을 앞을 향하도록 돌립니다. | Step:3 이것이 시작 자세입니다. | Step:4 이제 윗팔을 고정한 상태에서 숨을 내쉬면서 이두근을 수축하며 무게를 컬합니다. | Step:5 이두근이 완전히 수축되고 덤벨이 어깨 높이에 올 때까지 무게를 계속 들어 올립니다. | Step:6 이두근을 쥐어짜면서 수축된 자세를 잠시 유지합니다. | Step:7 그런 다음 숨을 들이쉬면서 천천히 덤벨을 시작 자세로 되돌립니다. | Step:8 권장 횟수만큼 반복합니다.,https://melo2026.s3.ap-northeast-2.amazonaws.com/workout-images/2NpxjC1.webp,weight,5.0,팔,상완,덤벨,,덤벨
2ORFMoR,핵 카프 레이즈,https://static.exercisedb.dev/media/2ORFMoR.gif,종아리,햄스트링 | 둔근,Step:1 스레드 머신을 편안한 무게로 조절합니다. | Step:2 발가락을 플랫폼에 대고 발뒤꿈치를 플랫폼에서 내민 상태로 스레드 머신에 섭니다. | Step:3 안정성을 위해 손잡이를 잡습니다. | Step:4 발 앞쪽으로 밀어 발뒤꿈치를 최대한 높이 들어 올립니다. | Step:5 위쪽에서 잠시 멈춘 다음 천천히 발뒤꿈치를 시작 자세로 되돌립니다. | Step:6 원하는 횟수만큼 반복합니다.,https://melo2026.s3.ap-northeast-2.amazonaws.com/workout-images/2ORFMoR.webp,weight,5.0,하체,종아리,머신,슬레드 머신,슬레드 머신
2Pya1cP,케이블 덱클라인 프레스,https://static.exercisedb.dev/media/2Pya1cP.gif,대흉근,삼두근 | 어깨,Step:1 케이블 머신을 덱클라인 위치로 조절합니다. | Step:2 케이블 머신을 향해 덱클라인 벤치에 앉습니다. | Step:3 오버핸드 그립으로 핸들을 잡고 가슴 높이에 위치시킵니다. | Step:4 발을 바닥에 평평하게 놓고 등을 벤치에 단단히 고정합니다. | Step:5 숨을 내쉬면서 핸들을 몸에서 멀리 밀어 팔을 완전히 뻗습니다. | Step:6 동작 끝에서 잠시 멈추면서 가슴 근육을 쥐어짭니다. | Step:7 숨을 들이쉬면서 천천히 핸들을 시작 자세로 되돌립니다. | Step:8 원하는 횟수만큼 반복합니다.,https://melo2026.s3.ap-northeast-2.amazonaws.com/workout-images/2Pya1cP.webp,weight,5.0,가슴,,케이블 머신,,케이블
2Qh2J1e,스레드 45° 레그 프레스 (사이드 POV),https://static.exercisedb.dev/media/2Qh2J1e.gif,둔근,quadriceps | 햄스트링 | 종아리,Step:1 발을 발판에 놓았을 때 무릎이 90도 각도가 되도록 스레드 머신의 시트를 조절합니다. | Step:2 등받이에 등을 평평하게 대고 앉아 발을 어깨 너비로 벌려 발판에 놓습니다. | Step:3 좌석 측면의 핸들을 잡아 안정성을 확보합니다. | Step:4 발판을 밀어 다리를 펴서 완전히 곧게 만듭니다. | Step:5 위쪽에서 잠시 멈춘 다음 천천히 무릎을 구부려 발판을 시작 자세로 되돌립니다. | Step:6 원하는 횟수만큼 반복합니다.,https://melo2026.s3.ap-northeast-2.amazonaws.com/workout-images/2Qh2J1e.webp,weight,5.0,하체,허벅지,머신,슬레드 머신,슬레드 머신
2qTvJAZ,바벨 스탠딩 백 리스트 컬,https://static.exercisedb.dev/media/2qTvJAZ.gif,전완근,이두근 | 어깨,Step:1 발을 어깨 너비로 벌리고 똑바로 서서 오버핸드 그립으로 바벨을 잡습니다. | Step:2 손등에 바벨을 놓고 손바닥이 아래를 향하게 하며 손가락이 몸 쪽을 향하도록 합니다. | Step:3 윗팔을 고정한 상태에서 숨을 내쉬면서 손목을 가능한 한 위로 컬합니다. | Step:4 수축된 자세를 잠시 유지한 다음 숨을 들이쉬면서 천천히 바벨을 시작 자세로 되돌립니다. | Step:5 원하는 횟수만큼 반복합니다.,https://melo2026.s3.ap-northeast-2.amazonaws.com/workout-images/2qTvJAZ.webp,weight,5.0,팔,전완,바벨,,바벨
2Ryn564,어시스티드 프론 레터스 페모리스 스트레치,https://static.exercisedb.dev/media/2Ryn564.gif,복근,quadriceps,Step:1 바닥에 엎드려 다리를 곧게 뻗습니다. | Step:2 오른쪽 무릎을 구부리고 오른손으로 뒤로 뻗어 오른쪽 발이나 발목을 잡습니다. | Step:3 오른쪽 허벅지 앞쪽에 스트레칭이 느껴질 때까지 오른쪽 발이나 발목을 엉덩이 쪽으로 부드럽게 당깁니다. | Step:4 20-30초 동안 스트레칭을 유지합니다. | Step:5 풀고 반대쪽으로 반복합니다.,https://melo2026.s3.ap-northeast-2.amazonaws.com/workout-images/2Ryn564.webp,weight,2.5,코어,허리 | 복부,기타,보조 기구,보조 기구
2sQGZ5b,덤벨 원 암 스탠딩 해머 컬,https://static.exercisedb.dev/media/2sQGZ5b.gif,이두근,전완근,Step:1 똑바로 서서 양손에 덤벨을 들고 손바닥이 몸통을 향하도록 합니다. | Step:2 팔꿈치를 몸통에 가깝게 유지하고 윗팔을 고정합니다. | Step:3 숨을 내쉬면서 이두근을 수축하며 무게를 컬합니다. | Step:4 이두근이 완전히 수축되고 덤벨이 어깨 높이에 올 때까지 무게를 계속 들어 올립니다. | Step:5 이두근을 쥐어짜면서 수축된 자세를 잠시 유지합니다. | Step:6 숨을 들이쉬면서 천천히 덤벨을 시작 자세로 되돌립니다. | Step:7 원하는 횟수만큼 반복합니다.,https://melo2026.s3.ap-northeast-2.amazonaws.com/workout-images/2sQGZ5b.webp,weight,5.0,팔,상완,덤벨,,덤벨
2Ty4idJ,어드밴스드 덤벨 스티프 레그 데드리프트,,둔근,햄스트링 | lower back,Step:1 발을 어깨 너비로 벌리고 양손에 오버핸드 그립으로 덤벨을 잡습니다. | Step:2 등을 곧게 펴고 코어에 힘을 준 상태에서 엉덩이를 힌지하고 무릎을 살짝 구부린 채 덤벨을 바닥 쪽으로 내립니다. 어드밴스드 동작에 집중합니다. | Step:3 햄스트링에 스트레칭이 느껴질 때까지 덤벨을 내린 다음 둔근을 수축하고 발뒤꿈치로 밀어 시작 자세로 돌아옵니다. | Step:4 원하는 횟수만큼 반복합니다.,,weight,2.5,하체,허벅지,덤벨,,덤벨
2zNKRUB,손목 서클,https://static.exercisedb.dev/media/2zNKRUB.gif,전완근,hands | wrists,Step:1 팔을 앞으로 쭉 뻗으세요. | Step:2 양손으로 주먹을 쥐세요. | Step:3 팔은 그대로 두고 손목을 원을 그리듯 돌리세요. | Step:4 원하는 횟수만큼 손목 서클을 계속하세요.,https://melo2026.s3.ap-northeast-2.amazonaws.com/workout-images/2zNKRUB.webp,weight,3.5,팔,전완,맨몸,,맨몸
33AzZeV,바벨 프론트 레이즈 앤 풀오버,https://static.exercisedb.dev/media/33AzZeV.gif,대흉근,deltoids | 삼두근,"Step:1 발을 어깨 너비로 벌리고 서서 오버핸드 그립으로 바벨을 잡으세요. 손바닥은 아래를 향하게 합니다. | Step:2 팔을 곧게 펴고 바벨을 어깨 높이까지 앞으로 들어 올리세요. | Step:3 위에서 잠시 멈춘 후, 천천히 바벨을 시작 자세로 내리세요. | Step:4 다음으로, 팔을 곧게 편 상태를 유지하며 바벨을 머리 뒤로 내리세요. | Step:5 아래에서 잠시 멈춘 후, 바벨을 시작 자세로 다시 들어 올리세요. | Step:6 원하는 횟수만큼 반복하세요.",https://melo2026.s3.ap-northeast-2.amazonaws.com/workout-images/33AzZeV.webp,weight,5.0,가슴,,바벨,,바벨
3d7wHyd,덤벨 벤치 시티드 프레스,https://static.exercisedb.dev/media/3d7wHyd.gif,삼각근,삼두근 | 가슴,"Step:1 벤치에 앉아 허벅지 위에 덤벨을 하나씩 올려놓으세요. | Step:2 뒤로 기대어 덤벨을 가슴 옆에 위치시키세요. 손바닥은 앞을 향하게 합니다. | Step:3 팔이 완전히 펴질 때까지 덤벨을 위로 누르세요. | Step:4 위에서 잠시 멈춘 후, 천천히 덤벨을 시작 자세로 내리세요. | Step:5 원하는 횟수만큼 반복하세요.",https://melo2026.s3.ap-northeast-2.amazonaws.com/workout-images/3d7wHyd.webp,weight,5.0,어깨,,덤벨,,덤벨
3eGE2JC,덤벨 프론트 레이즈,https://static.exercisedb.dev/media/3eGE2JC.gif,삼각근,이두근 | trapezius,"Step:1 발을 어깨 너비로 벌리고 서서 덤벨을 하나씩 잡으세요. 손바닥은 허벅지를 향하게 합니다. | Step:2 팔을 곧게 편 상태를 유지하며 숨을 내쉬고, 덤벨을 어깨 높이까지 앞으로 들어 올리세요. | Step:3 위에서 잠시 멈춘 후, 숨을 들이쉬며 천천히 덤벨을 시작 자세로 내리세요. | Step:4 원하는 횟수만큼 반복하세요.",https://melo2026.s3.ap-northeast-2.amazonaws.com/workout-images/3eGE2JC.webp,weight,5.0,어깨,,덤벨,,덤벨
3nvEbbF,케이블 트위스팅 풀 인텐시파이드,,광배근,어깨 | 이두근,"Step:1 케이블 핸들을 낮은 풀리에 연결하고 기계를 마주보고 서세요. | Step:2 핸들을 왼손으로 잡고 기계에서 한 걸음 떨어져 팔을 완전히 뻗으세요. | Step:3 발을 어깨 너비로 벌리고 무릎을 살짝 구부리세요. | Step:4 운동 내내 등을 곧게 펴고 코어를 단단히 유지하세요. | Step:5 핸들을 몸쪽으로 당기면서 몸통을 오른쪽으로 비틀세요. | Step:6 동작 끝에서 등 근육을 꽉 조이세요. | Step:7 케이블에 긴장감을 유지하면서 천천히 시작 자세로 돌아가세요. | Step:8 (인텐시파이드 변형) 원하는 횟수만큼 반복한 후, 반대쪽도 오른손으로 수행하세요.",,weight,5.0,등,,케이블 머신,,케이블
3omWx6P,밴드 얼터네이팅 바이셉스 컬,https://static.exercisedb.dev/media/3omWx6P.gif,이두근,전완근,Step:1 발을 어깨 너비로 벌리고 서서 언더핸드 그립으로 밴드를 잡으세요. 손바닥은 위를 향하게 합니다. | Step:2 팔꿈치를 옆구리에 가깝게 붙이고 한쪽 팔을 어깨 쪽으로 천천히 컬링하며 위에서 이두근을 꽉 조이세요. | Step:3 팔을 시작 자세로 다시 내리고 반대쪽 팔로 반복하세요. | Step:4 원하는 횟수만큼 번갈아 가며 반복하세요.,https://melo2026.s3.ap-northeast-2.amazonaws.com/workout-images/3omWx6P.webp,weight,5.0,팔,상완,밴드,,밴드
3pqGMQj,밴드 얼터네이팅 V-업 심플,,복근,고관절 굴곡근,Step:1 등을 대고 바닥에 평평하게 누워 다리를 곧게 펴고 팔을 머리 위로 뻗어 밴드를 잡으세요. | Step:2 복근을 사용하여 다리와 상체를 동시에 들어 올리면서 손을 발가락 쪽으로 뻗으세요. | Step:3 다리와 상체를 다시 내리면서 다리 위치를 바꿔 한쪽 다리를 다른 쪽 다리 위로 교차하세요. 단순한 움직임에 집중하세요. | Step:4 반복할 때마다 다리 위치를 바꿔가며 움직임을 반복하세요. | Step:5 원하는 횟수만큼 계속하세요.,,weight,3.5,코어,허리 | 복부,밴드,,밴드
3QgteDK,바벨 와이드 리버스 그립 벤치 프레스 호리젠탈,,대흉근,삼두근 | 어깨,"Step:1 발을 바닥에 대고 벤치에 평평하게 누워 등을 벤치에 붙이세요. | Step:2 어깨 너비보다 약간 넓게 와이드 리버스 그립으로 바벨을 잡으세요. | Step:3 바벨을 랙에서 들어 올려 팔을 완전히 뻗은 상태로 가슴 바로 위에 드세요. | Step:4 팔꿈치를 몸에 가깝게 붙이고 손목을 곧게 편 상태를 유지하며 바벨을 천천히 가슴 쪽으로 내리세요. 수평 움직임에 집중하세요. | Step:5 바벨이 가슴에 닿으면 잠시 멈춘 후, 다시 시작 자세로 밀어 올리세요. | Step:6 원하는 횟수만큼 반복하세요.",,weight,5.0,가슴,,바벨,,바벨
3s4NnTh,덤벨 스탠딩 바이셉스 컬,https://static.exercisedb.dev/media/3s4NnTh.gif,이두근,전완근,Step:1 똑바로 서서 각 손에 덤벨을 하나씩 잡고 손바닥은 앞을 향하게 하고 팔은 완전히 뻗으세요. | Step:2 윗팔을 고정하고 숨을 내쉬면서 이두근을 수축하며 덤벨을 컬링하세요. | Step:3 이두근이 완전히 수축되고 덤벨이 어깨 높이에 올 때까지 덤벨을 계속 들어 올리세요. | Step:4 이두근을 꽉 조이면서 수축된 자세를 잠시 유지하세요. | Step:5 숨을 들이쉬면서 천천히 덤벨을 시작 자세로 내리기 시작하세요. | Step:6 원하는 횟수만큼 반복하세요.,https://melo2026.s3.ap-northeast-2.amazonaws.com/workout-images/3s4NnTh.webp,weight,5.0,팔,상완,덤벨,,덤벨
3T12T87,덤벨 스탠딩 벤트 오버 투 암 트라이셉스 익스텐션,https://static.exercisedb.dev/media/3T12T87.gif,삼두근,어깨 | 등,Step:1 발을 어깨 너비로 벌리고 서서 각 손에 덤벨을 하나씩 잡으세요. | Step:2 등을 곧게 펴고 무릎을 살짝 구부린 상태에서 허리에서 앞으로 구부리세요. | Step:3 팔꿈치를 몸에 가깝게 붙인 상태를 유지하며 팔을 뒤로 쭉 뻗으세요. | Step:4 천천히 덤벨을 시작 자세로 다시 내리세요. | Step:5 원하는 횟수만큼 반복하세요.,https://melo2026.s3.ap-northeast-2.amazonaws.com/workout-images/3T12T87.webp,weight,5.0,팔,상완,덤벨,,덤벨
3tAXPQ6,덤벨 오버 벤치 리버스 리스트 컬,https://static.exercisedb.dev/media/3tAXPQ6.gif,전완근,이두근 | brachialis,"Step:1 발을 바닥에 대고 벤치에 앉아 각 손에 덤벨을 하나씩 잡으세요. 손바닥은 아래를 향하게 합니다. | Step:2 팔뚝을 벤치에 올려놓고 손목이 가장자리에 걸쳐지도록 하세요. | Step:3 손목을 위로 천천히 컬링하며 덤벨을 몸쪽으로 가져오세요. | Step:4 위에서 잠시 멈춘 후, 천천히 덤벨을 시작 자세로 다시 내리세요. | Step:5 원하는 횟수만큼 반복하세요.",https://melo2026.s3.ap-northeast-2.amazonaws.com/workout-images/3tAXPQ6.webp,weight,5.0,팔,전완,덤벨,,덤벨
3TZduzM,바벨 인클라인 벤치 프레스,https://static.exercisedb.dev/media/3TZduzM.gif,대흉근,어깨 | 삼두근,"Step:1 45도 각도로 인클라인 벤치를 설정하세요. | Step:2 발을 바닥에 대고 벤치에 누우세요. | Step:3 어깨 너비보다 약간 넓게 오버핸드 그립으로 바벨을 잡으세요. | Step:4 바벨을 랙에서 풀고 팔꿈치를 45도 각도로 유지하며 천천히 가슴 쪽으로 내리세요. | Step:5 아래에서 잠시 멈춘 후, 바벨을 시작 자세로 다시 밀어 올리세요. | Step:6 원하는 횟수만큼 반복하세요.",https://melo2026.s3.ap-northeast-2.amazonaws.com/workout-images/3TZduzM.webp,weight,5.0,가슴,,바벨,,바벨
3uj0Ozg,다이나믹 체스트 스트레치 (남성),https://static.exercisedb.dev/media/3uj0Ozg.gif,대흉근,어깨 | 삼두근,Step:1 발을 어깨 너비로 벌리고 똑바로 서세요. | Step:2 팔을 바닥과 평행하게 양옆으로 쭉 뻗으세요. | Step:3 팔을 천천히 앞으로 가져와 몸 앞에서 교차시키세요. | Step:4 가슴 근육의 스트레칭을 느껴보세요. | Step:5 10-30초 동안 스트레칭을 유지하세요. | Step:6 시작 자세로 돌아가 원하는 횟수만큼 반복하세요.,https://melo2026.s3.ap-northeast-2.amazonaws.com/workout-images/3uj0Ozg.webp,weight,2.5,가슴,,맨몸,,맨몸
3XFdb1Z,케이블 스쿼팅 컬,https://static.exercisedb.dev/media/3XFdb1Z.gif,이두근,전완근,Step:1 케이블 머신의 가장 낮은 설정에 케이블 핸들을 연결하세요. | Step:2 발을 어깨 너비로 벌리고 기계를 마주보고 서세요. | Step:3 언더핸드 그립으로 케이블 핸들을 잡고 손바닥은 위를 향하게 하고 팔은 완전히 뻗으세요. | Step:4 등을 곧게 펴고 무릎이 발가락 뒤에 오도록 하면서 몸을 스쿼트 자세로 낮추세요. | Step:5 스쿼트 자세로 내려가면서 팔꿈치를 옆구리에 가깝게 붙인 상태를 유지하며 케이블 핸들을 어깨 쪽으로 컬링하세요. | Step:6 컬의 위쪽에서 잠시 멈추고 이두근을 꽉 조이세요. | Step:7 팔을 완전히 뻗으면서 천천히 케이블 핸들을 시작 자세로 내리세요. | Step:8 원하는 횟수만큼 반복하세요.,https://melo2026.s3.ap-northeast-2.amazonaws.com/workout-images/3XFdb1Z.webp,weight,5.0,팔,상완,케이블 머신,,케이블
3xK09Sk,바디웨이트 스쿼팅 로우,https://static.exercisedb.dev/media/3xK09Sk.gif,상부 등,이두근 | 어깨,"Step:1 발을 어깨 너비로 벌리고 팔을 뻗은 상태에서 안정적인 물체나 서스펜션 트레이너를 잡으세요. | Step:2 등을 곧게 펴고 무릎이 발가락 뒤에 오도록 하면서 몸을 스쿼트 자세로 낮추세요. | Step:3 스쿼트 자세에서 어깨뼈를 함께 조이면서 몸을 물체나 서스펜션 트레이너 쪽으로 당기세요. | Step:4 위에서 잠시 멈춘 후, 천천히 몸을 시작 자세로 다시 내리세요. | Step:5 원하는 횟수만큼 반복하세요.",https://melo2026.s3.ap-northeast-2.amazonaws.com/workout-images/3xK09Sk.webp,weight,3.5,등,,맨몸,,맨몸
3ZflifB,케이블 푸시다운,https://static.exercisedb.dev/media/3ZflifB.gif,삼두근,전완근,Step:1 하이 풀리 케이블 머신에 스트레이트 바를 연결합니다. | Step:2 발을 어깨너비로 벌리고 무릎을 살짝 구부린 채 머신을 향해 섭니다. | Step:3 어깨너비로 오버핸드 그립을 잡고 바를 잡습니다. | Step:4 팔꿈치를 옆구리에 가깝게 붙이고 상완을 고정합니다. | Step:5 숨을 내쉬며 팔꿈치가 완전히 펴질 때까지 바를 아래로 누릅니다. | Step:6 잠시 멈춘 후 숨을 들이쉬며 천천히 바를 시작 자세로 되돌립니다. | Step:7 원하는 횟수만큼 반복합니다.,https://melo2026.s3.ap-northeast-2.amazonaws.com/workout-images/3ZflifB.webp,weight,5.0,팔,상완,케이블 머신,,케이블
4c9BhzB,케이블 래터럴 풀다운 (V-바),https://static.exercisedb.dev/media/4c9BhzB.gif,광배근,이두근 | 전완근,Step:1 케이블 풀다운 머신에 앉아 V-바를 오버핸드 그립으로 잡습니다. | Step:2 허벅지가 아래에 고정되도록 무릎 패드를 조절합니다. | Step:3 등을 곧게 펴고 살짝 뒤로 기울입니다. | Step:4 팔꿈치를 몸에 가깝게 붙인 채 V-바를 위쪽 가슴 쪽으로 당깁니다. | Step:5 동작 하단에서 등 근육을 쥐어짭니다. | Step:6 천천히 V-바를 시작 자세로 되돌리고 원하는 횟수만큼 반복합니다.,https://melo2026.s3.ap-northeast-2.amazonaws.com/workout-images/4c9BhzB.webp,weight,5.0,등,,케이블 머신,,케이블
4CBIBOM,바벨 시티드 클로즈 그립 비하인드 넥 트라이셉스 익스텐션,https://static.exercisedb.dev/media/4CBIBOM.gif,삼두근,어깨,Step:1 벤치에 앉아 등을 곧게 펴고 발을 바닥에 평평하게 댑니다. | Step:2 목 뒤에서 바벨을 클로즈 그립으로 잡고 손바닥은 앞을 향하게 합니다. | Step:3 팔꿈치를 머리에 가깝게 붙이고 천천히 바벨을 머리 뒤쪽으로 내립니다. | Step:4 잠시 멈춘 후 팔을 다시 위로 펴서 시작 자세로 돌아옵니다. | Step:5 원하는 횟수만큼 반복합니다.,https://melo2026.s3.ap-northeast-2.amazonaws.com/workout-images/4CBIBOM.webp,weight,5.0,팔,상완,바벨,,바벨
4cWjYEN,내로우 푸시업 (운동 볼),https://static.exercisedb.dev/media/4cWjYEN.gif,삼두근,가슴 | 어깨,Step:1 안정성 볼을 바닥에 놓고 어깨너비보다 약간 좁게 손을 볼 위에 둔 푸시업 자세를 취합니다. | Step:2 코어에 힘을 주고 머리부터 발끝까지 몸을 일직선으로 유지합니다. | Step:3 팔꿈치를 몸에 가깝게 붙인 채 팔꿈치를 구부려 가슴을 볼 쪽으로 내립니다. | Step:4 하단에서 잠시 멈춘 후 팔을 펴서 시작 자세로 밀어 올립니다. | Step:5 원하는 횟수만큼 반복합니다.,https://melo2026.s3.ap-northeast-2.amazonaws.com/workout-images/4cWjYEN.webp,weight,5.0,팔,상완,기타,짐볼,짐볼
4dF3maG,덤벨 원 암 해머 프레처 컬,https://static.exercisedb.dev/media/4dF3maG.gif,이두근,전완근,Step:1 프레처 벤치에 앉아 한 손에 덤벨을 들고 상완을 패드에 댑니다. | Step:2 뉴트럴 그립(손바닥이 몸을 향하게)으로 덤벨을 잡습니다. | Step:3 상완을 고정한 채 숨을 내쉬며 덤벨을 어깨 쪽으로 컬링합니다. | Step:4 상단에서 잠시 멈추며 이두근을 쥐어짭니다. | Step:5 숨을 들이쉬며 천천히 덤벨을 시작 자세로 되돌립니다. | Step:6 원하는 횟수만큼 반복한 후 팔을 바꿉니다.,https://melo2026.s3.ap-northeast-2.amazonaws.com/workout-images/4dF3maG.webp,weight,5.0,팔,상완,덤벨,,덤벨
4dUn2iv,바벨 스탠딩 클로즈 그립 컬,https://static.exercisedb.dev/media/4dUn2iv.gif,이두근,전완근,Step:1 발을 어깨너비로 벌리고 똑바로 서서 언더핸드 그립으로 바벨을 가깝게 잡습니다. | Step:2 팔꿈치를 몸통에 가깝게 붙이고 움직이는 동안 상완을 고정합니다. | Step:3 이두근을 수축시키면서 무게를 컬링하며 숨을 내쉽니다. 이두근이 완전히 수축되고 바가 어깨 높이에 올 때까지 바를 계속 들어 올립니다. | Step:4 이두근을 쥐어짜면서 수축된 자세를 잠시 유지합니다. | Step:5 천천히 바벨을 시작 자세로 되돌리면서 숨을 들이쉽니다. | Step:6 원하는 횟수만큼 반복합니다.,https://melo2026.s3.ap-northeast-2.amazonaws.com/workout-images/4dUn2iv.webp,weight,5.0,팔,상완,바벨,,바벨
4f8RXP8,케이블 스탠딩 로우 (V-바),https://static.exercisedb.dev/media/4f8RXP8.gif,상부 등,이두근 | 어깨,Step:1 발을 어깨너비로 벌리고 케이블 머신을 향해 섭니다. | Step:2 V-바를 오버핸드 그립으로 잡고 손바닥은 아래를 향하게 합니다. | Step:3 등을 곧게 펴고 코어를 고정합니다. | Step:4 V-바를 몸 쪽으로 당기면서 견갑골을 함께 쥐어짭니다. | Step:5 동작 정점에서 잠시 멈춘 후 천천히 긴장을 풀고 시작 자세로 돌아갑니다. | Step:6 원하는 횟수만큼 반복합니다.,https://melo2026.s3.ap-northeast-2.amazonaws.com/workout-images/4f8RXP8.webp,weight,5.0,등,,케이블 머신,,케이블
4GqRrAk,슈퍼맨 푸시업,https://static.exercisedb.dev/media/4GqRrAk.gif,대흉근,코어 | 어깨,Step:1 손을 어깨너비보다 약간 넓게 벌리고 발을 모은 하이 플랭크 자세를 취합니다. | Step:2 코어에 힘을 주고 팔꿈치를 옆구리에 가깝게 붙인 채 몸을 바닥 쪽으로 내립니다. | Step:3 몸을 내리면서 동시에 오른팔과 왼다리를 들어 올려 똑바로 뻗습니다. | Step:4 상단에서 잠시 멈춘 후 팔과 다리를 내리면서 시작 자세로 다시 밀어 올립니다. | Step:5 이번에는 왼팔과 오른다리를 들어 올리면서 동작을 반복합니다. | Step:6 원하는 횟수만큼 번갈아 가며 반복합니다.,https://melo2026.s3.ap-northeast-2.amazonaws.com/workout-images/4GqRrAk.webp,weight,3.5,가슴,,맨몸,,맨몸
4H86mXM,슬레드 45도 원 레그 프레스 (포인트),,둔근,quadriceps | 햄스트링 | 종아리,Step:1 슬레드 머신을 45도 각도로 조절합니다. | Step:2 슬레드 머신에 앉아 등을 패드에 대고 발을 발판에 댑니다. 포인트 강도로 수행합니다. | Step:3 한 발을 발판에 대고 다리를 펴서 슬레드를 밀어냅니다. | Step:4 천천히 무릎을 구부려 슬레드를 시작 자세로 되돌립니다. | Step:5 다른 다리로 반복합니다. | Step:6 원하는 횟수만큼 다리를 번갈아 가며 반복합니다.,,weight,5.0,하체,허벅지,머신,슬레드 머신,슬레드 머신
4hATdoB,케이블 로프 원 암 해머 프레처 컬,https://static.exercisedb.dev/media/4hATdoB.gif,이두근,전완근,Step:1 로프 핸들을 로우 풀리 케이블 머신에 연결합니다. | Step:2 발을 어깨너비로 벌리고 머신을 향해 섭니다. | Step:3 언더핸드 그립으로 로프 핸들을 잡고 손바닥은 위를 향하게 합니다. | Step:4 팔꿈치를 살짝 구부린 채 상완을 프레처 벤치 패드에 댑니다. | Step:5 운동 내내 등을 곧게 펴고 코어를 고정합니다. | Step:6 상완을 고정한 채 천천히 로프 핸들을 어깨 쪽으로 컬링합니다. | Step:7 동작 상단에서 이두근을 쥐어짠 후 천천히 로프 핸들을 시작 자세로 되돌립니다. | Step:8 원하는 횟수만큼 반복한 후 팔을 바꿉니다.,https://melo2026.s3.ap-northeast-2.amazonaws.com/workout-images/4hATdoB.webp,weight,5.0,팔,상완,케이블 머신,,케이블
4ievMJ9,덤벨 시티드 벤트 오버 트라이셉스 익스텐션,https://static.exercisedb.dev/media/4ievMJ9.gif,삼두근,어깨 | 등,Step:1 벤치에 앉아 발을 바닥에 평평하게 대고 양손에 덤벨을 듭니다. | Step:2 등을 곧게 펴고 머리를 든 채 허리에서 앞으로 구부립니다. | Step:3 팔꿈치를 머리에 가깝게 붙인 채 팔을 똑바로 뒤로 뻗습니다. | Step:4 잠시 멈춘 후 천천히 덤벨을 시작 자세로 되돌립니다. | Step:5 원하는 횟수만큼 반복합니다.,https://melo2026.s3.ap-northeast-2.amazonaws.com/workout-images/4ievMJ9.webp,weight,5.0,팔,상완,덤벨,,덤벨
4IKbhHV,얼터네이트 래터럴 풀다운,https://static.exercisedb.dev/media/4IKbhHV.gif,광배근,이두근 | rhomboids,Step:1 케이블 머신에 앉아 등을 곧게 펴고 발을 바닥에 평평하게 댑니다. | Step:2 어깨너비보다 약간 넓게 핸들을 오버핸드 그립으로 잡습니다. | Step:3 살짝 뒤로 기울이고 핸들을 가슴 쪽으로 당기면서 견갑골을 함께 쥐어짭니다. | Step:4 동작 정점에서 잠시 멈춘 후 천천히 핸들을 시작 자세로 되돌립니다. | Step:5 원하는 횟수만큼 반복합니다.,https://melo2026.s3.ap-northeast-2.amazonaws.com/workout-images/4IKbhHV.webp,weight,5.0,등,,케이블 머신,,케이블
4Jc36XM,덤벨 오버 벤치 원 암 리버스 손목 컬,https://static.exercisedb.dev/media/4Jc36XM.gif,전완근,이두근 | brachialis,Step:1 벤치에 앉아 발을 바닥에 평평하게 대고 한 손에 덤벨을 잡고 손바닥은 아래를 향하게 합니다. | Step:2 팔뚝을 벤치에 대고 손목을 가장자리 밖으로 내밉니다. | Step:3 천천히 손목을 위로 컬링하여 덤벨을 팔뚝 쪽으로 가져옵니다. | Step:4 상단에서 잠시 멈춘 후 천천히 덤벨을 시작 자세로 되돌립니다. | Step:5 원하는 횟수만큼 반복한 후 다른 팔로 바꿉니다.,https://melo2026.s3.ap-northeast-2.amazonaws.com/workout-images/4Jc36XM.webp,weight,5.0,팔,전완,덤벨,,덤벨
4Jt8QsQ,푸시업 (하단 팔),https://static.exercisedb.dev/media/4Jt8QsQ.gif,삼두근,가슴 | 어깨,Step:1 팔뚝을 바닥에 대고 팔꿈치가 어깨 바로 아래에 오도록 플랭크 자세를 취합니다. | Step:2 코어에 힘을 주고 머리부터 발끝까지 몸을 일직선으로 유지합니다. | Step:3 팔꿈치를 몸에 가깝게 붙인 채 팔꿈치를 구부려 가슴을 바닥 쪽으로 내립니다. | Step:4 하단에서 잠시 멈춘 후 팔을 펴서 시작 자세로 밀어 올립니다. | Step:5 원하는 횟수만큼 반복합니다.,https://melo2026.s3.ap-northeast-2.amazonaws.com/workout-images/4Jt8QsQ.webp,weight,3.5,팔,상완,맨몸,,맨몸
4KJEpzb,케틀벨 바텀 업 클린 (행 포지션),https://static.exercisedb.dev/media/4KJEpzb.gif,이두근,전완근 | 어깨,Step:1 발을 어깨너비로 벌리고 한 손으로 케틀벨을 오버핸드 그립으로 잡습니다. | Step:2 무릎을 살짝 구부리고 엉덩이에서 앞으로 힌지하며 등을 곧게 펴고 가슴을 듭니다. | Step:3 케틀벨이 다리 사이로 내려가도록 하고 팔을 완전히 뻗습니다. | Step:4 한 번의 유연한 동작으로 엉덩이와 무릎을 폭발적으로 펴면서 케틀벨을 어깨 쪽으로 당깁니다. | Step:5 케틀벨이 어깨 높이에 도달하면 손목을 돌려 케틀벨 바닥이 위를 향하도록 합니다. | Step:6 팔꿈치를 구부리고 손바닥을 위로 향하게 하여 어깨 높이에서 케틀벨을 잡습니다. | Step:7 동작을 반대로 하여 케틀벨을 시작 자세로 되돌립니다. | Step:8 원하는 횟수만큼 반복한 후 반대쪽으로 바꿉니다.,https://melo2026.s3.ap-northeast-2.amazonaws.com/workout-images/4KJEpzb.webp,weight,5.0,팔,상완,케틀벨,,케틀벨
4Leypho,바벨 스키어,https://static.exercisedb.dev/media/4Leypho.gif,삼각근,삼두근 | 코어,"Step:1 발을 어깨너비로 벌리고 서서 바벨을 허벅지 앞에 오버핸드 그립으로 잡습니다. | Step:2 무릎을 살짝 구부리고 엉덩이를 뒤로 젖혀 힙을 접으며, 등을 곧게 펴고 가슴을 들어 올립니다. | Step:3 동시에 바벨을 어깨 쪽으로 들어 올리면서 지면에서 살짝 점프합니다. | Step:4 동작의 최고 지점에 도달하면 빠르게 동작을 반대로 하여 바벨을 시작 위치로 다시 내립니다. | Step:5 원하는 횟수만큼 반복합니다.",https://melo2026.s3.ap-northeast-2.amazonaws.com/workout-images/4Leypho.webp,weight,5.0,어깨,,바벨,,바벨
4LIG9xr,바벨 리버스 프리처 컬,https://static.exercisedb.dev/media/4LIG9xr.gif,이두근,전완근,Step:1 프리처 벤치에 앉아 가슴을 패드에 대고 팔을 곧게 편 상태에서 바벨을 오버핸드 그립으로 잡습니다. | Step:2 윗팔을 고정한 상태에서 숨을 내쉬며 이두근을 수축하면서 바벨을 위로 컬링합니다. | Step:3 이두근이 완전히 수축되고 바벨이 어깨 높이에 도달할 때까지 바벨을 계속 들어 올립니다. | Step:4 이두근을 꽉 조이면서 수축된 자세를 잠시 유지합니다. | Step:5 숨을 들이쉬면서 천천히 바벨을 시작 위치로 다시 내립니다. | Step:6 원하는 횟수만큼 반복합니다.,https://melo2026.s3.ap-northeast-2.amazonaws.com/workout-images/4LIG9xr.webp,weight,5.0,팔,상완,바벨,,바벨
4LoWllp,밴드 고정 등 클로즈 그립 풀다운,https://static.exercisedb.dev/media/4LoWllp.gif,광배근,이두근 | 전완근,"Step:1 밴드를 풀업 바 또는 튼튼한 보와 같이 머리 위 고정 지점에 부착합니다. | Step:2 밴드를 향해 앉은 자세로 벤치나 의자에 앉고, 발은 바닥에 평평하게 대고 무릎을 구부립니다. | Step:3 손바닥이 자신을 향하도록 밴드를 클로즈 그립으로 잡습니다. | Step:4 등을 곧게 펴고 코어를 활성화합니다. | Step:5 밴드를 가슴 쪽으로 당기면서 날개뼈를 함께 조입니다. | Step:6 동작의 가장 낮은 지점에서 잠시 멈추고 광배근의 수축을 느낍니다. | Step:7 동작 내내 통제력을 유지하면서 천천히 밴드를 시작 위치로 다시 풀어줍니다. | Step:8 원하는 횟수만큼 반복합니다.",https://melo2026.s3.ap-northeast-2.amazonaws.com/workout-images/4LoWllp.webp,weight,3.5,등,,밴드,,밴드
4Ml7QFO,매달린 스트레이트 레그 레이즈,https://static.exercisedb.dev/media/4Ml7QFO.gif,복근,고관절 굴곡근,"Step:1 풀업 바에 매달려 팔을 완전히 펴고 손바닥이 자신에게서 멀어지도록 합니다. | Step:2 코어를 활성화하고 다리를 곧게 편 상태로 앞으로 들어 올립니다. | Step:3 다리가 바닥과 평행이 되거나 편안하게 갈 수 있는 높이까지 계속 들어 올립니다. | Step:4 최고 지점에서 잠시 멈춘 후, 천천히 다리를 시작 위치로 다시 내립니다. | Step:5 원하는 횟수만큼 반복합니다.",https://melo2026.s3.ap-northeast-2.amazonaws.com/workout-images/4Ml7QFO.webp,weight,3.5,코어,허리 | 복부,맨몸,,맨몸
4OaumBr,서스펜디드 로우,https://static.exercisedb.dev/media/4OaumBr.gif,상부 등,이두근 | 어깨,"Step:1 적절한 높이로 서스펜션 트레이너를 설정합니다. | Step:2 발을 어깨너비로 벌리고 고정 지점을 향해 섭니다. | Step:3 손바닥이 서로 마주보도록 핸들을 오버핸드 그립으로 잡습니다. | Step:4 몸을 곧게 펴고 발뒤꿈치를 바닥에 댄 상태를 유지하며 뒤로 기울입니다. | Step:5 핸들을 향해 가슴을 당기면서 날개뼈를 함께 조입니다. | Step:6 최고 지점에서 잠시 멈춘 후, 천천히 시작 위치로 돌아갑니다. | Step:7 원하는 횟수만큼 반복합니다.",https://melo2026.s3.ap-northeast-2.amazonaws.com/workout-images/4OaumBr.webp,weight,3.5,등,,맨몸,,맨몸
4QqYaJW,짐볼 위 젠틀 프론 트위스트,,복근,obliques | lower back,Step:1 발을 어깨너비로 벌리고 발가락이 바닥에 닿도록 짐볼 위에 얼굴을 아래로 향하고 눕습니다. | Step:2 손을 머리 뒤에 대거나 가슴 위에 교차합니다. | Step:3 코어 근육을 활성화하고 등을 곧게 편 상태를 유지하면서 상체를 공에서 천천히 들어 올립니다. | Step:4 몸통을 한쪽으로 회전시키면서 어깨를 엉덩이 쪽으로 가져옵니다. 동작 내내 엉덩이와 다리를 안정적으로 유지합니다. | Step:5 잠시 멈춘 후 시작 위치로 돌아갑니다. | Step:6 (젠틀 변형) 반대쪽으로도 회전을 반복합니다. | Step:7 원하는 횟수만큼 번갈아 가며 반복합니다.,,weight,3.5,코어,허리 | 복부,기타,짐볼,짐볼
4U7iLb5,레버 풀오버,https://static.exercisedb.dev/media/4U7iLb5.gif,광배근,삼두근 | 어깨,"Step:1 레버리지 머신의 좌석과 핸들을 편안한 위치로 조절합니다. | Step:2 머신에 앉아 등을 패드에 대고 핸들을 오버핸드 그립으로 잡습니다. | Step:3 팔을 살짝 구부리고 코어를 활성화합니다. | Step:4 핸들을 가슴 쪽으로 천천히 당기면서 광배근을 수축합니다. | Step:5 최대 수축 지점에서 잠시 멈춘 후, 천천히 시작 위치로 돌아갑니다. | Step:6 원하는 횟수만큼 반복합니다.",https://melo2026.s3.ap-northeast-2.amazonaws.com/workout-images/4U7iLb5.webp,weight,5.0,등,,머신,레버리지 머신,레버리지 머신
4x5Okof,저항 밴드 시티드 체스트 프레스,https://static.exercisedb.dev/media/4x5Okof.gif,대흉근,어깨 | 삼두근,"Step:1 등받이가 곧은 의자나 벤치에 앉고 발을 바닥에 평평하게 댑니다. | Step:2 저항 밴드 핸들을 각 손에 잡고, 손바닥이 아래를 향하고 팔꿈치는 90도 각도로 구부립니다. | Step:3 팔을 앞으로 뻗어 저항 밴드를 가슴에서 밀어냅니다. | Step:4 동작의 끝에서 잠시 멈춘 후, 천천히 시작 위치로 돌아갑니다. | Step:5 원하는 횟수만큼 반복합니다.",https://melo2026.s3.ap-northeast-2.amazonaws.com/workout-images/4x5Okof.webp,weight,5.0,가슴,,밴드,,저항 밴드
50BETrz,바이셉스 내로우 풀업,https://static.exercisedb.dev/media/50BETrz.gif,이두근,전완근 | 어깨,"Step:1 풀업 바에 매달려 손바닥이 자신을 향하도록 하고 손은 어깨너비로 잡습니다. | Step:2 코어를 활성화하고 몸을 들어 올리는 데 이두근을 사용한다는 데 집중하면서 자신을 바 쪽으로 당깁니다. | Step:3 최고 지점에서 잠시 멈춘 후, 천천히 시작 위치로 다시 내려갑니다. | Step:4 원하는 횟수만큼 반복합니다.",https://melo2026.s3.ap-northeast-2.amazonaws.com/workout-images/50BETrz.webp,weight,3.5,팔,상완,맨몸,,맨몸
53Ttlck,덤벨 라잉 리어 래터럴 레이즈,https://static.exercisedb.dev/media/53Ttlck.gif,삼각근,승모근 | rhomboids,"Step:1 각 손에 덤벨을 들고 손바닥이 서로 마주보도록 평평한 벤치에 얼굴을 아래로 향하고 눕습니다. | Step:2 팔꿈치를 살짝 구부린 상태를 유지하면서 팔을 바닥을 향해 곧게 뻗습니다. | Step:3 어깨 근육을 활성화하여 팔을 바닥과 평행이 될 때까지 옆으로 들어 올립니다. | Step:4 최고 지점에서 잠시 멈춘 후, 천천히 팔을 시작 위치로 다시 내립니다. | Step:5 원하는 횟수만큼 반복합니다.",https://melo2026.s3.ap-northeast-2.amazonaws.com/workout-images/53Ttlck.webp,weight,5.0,어깨,,덤벨,,덤벨
58rdhvL,내로우 스타일 밴드 잭나이프 싯업,,복근,고관절 굴곡근,"Step:1 등을 바닥에 대고 다리를 곧게 펴고 팔을 머리 위로 뻗어 밴드를 잡습니다. | Step:2 복근을 활성화하고 다리와 상체를 동시에 들어 올려 손을 발 쪽으로 가져옵니다. | Step:3 최고 지점에서 잠시 멈춘 후, 천천히 다리와 상체를 시작 위치로 다시 내립니다. | Step:4 원하는 횟수만큼 반복합니다. 내로우 동작에 집중합니다.",,weight,5.0,코어,허리 | 복부,밴드,,밴드
5bpPTHv,케틀벨 피스톨 스쿼트,https://static.exercisedb.dev/media/5bpPTHv.gif,둔근,quadriceps | 햄스트링 | 종아리,"Step:1 발을 어깨너비로 벌리고 서서 양손으로 케틀벨을 가슴 앞에 듭니다. | Step:2 왼쪽 발을 바닥에서 떼어 바닥과 평행하게 앞으로 뻗습니다. | Step:3 오른쪽 발은 바닥에 평평하게 댄 상태를 유지하고 왼쪽 다리를 뻗은 상태에서 천천히 몸을 스쿼트 자세로 낮춥니다. | Step:4 스쿼트의 가장 낮은 지점에서 잠시 멈춘 후, 오른쪽 발뒤꿈치를 밀어 시작 위치로 돌아갑니다. | Step:5 원하는 횟수만큼 반복한 후 다리를 바꿉니다.",https://melo2026.s3.ap-northeast-2.amazonaws.com/workout-images/5bpPTHv.webp,weight,5.0,하체,허벅지,케틀벨,,케틀벨
5BZHW9s,스쿼트 투 오버헤드 리치 위드 트위스트,https://static.exercisedb.dev/media/5BZHW9s.gif,대퇴사두근,둔근 | 햄스트링 | 코어,"Step:1 발을 어깨너비로 벌리고 발끝을 살짝 바깥쪽으로 향하게 합니다. | Step:2 무릎을 구부리고 엉덩이를 뒤로 밀어 몸을 스쿼트 자세로 낮춥니다. | Step:3 스쿼트에서 올라오면서 팔을 머리 위로 들어 올리고 몸통을 한쪽으로 비틉니다. | Step:4 시작 위치로 돌아가서 스쿼트를 반복하고, 이번에는 몸통을 반대쪽으로 비틉니다. | Step:5 각 스쿼트 반복마다 번갈아 가며 계속합니다.",https://melo2026.s3.ap-northeast-2.amazonaws.com/workout-images/5BZHW9s.webp,weight,3.5,하체,허벅지,맨몸,,맨몸
5eLRITT,덤벨 스티프 레그 데드리프트,https://static.exercisedb.dev/media/5eLRITT.gif,둔근,햄스트링 | lower back,"Step:1 발을 어깨너비로 벌리고 서서 각 손에 덤벨을 오버핸드 그립으로 잡습니다. | Step:2 등을 곧게 펴고 코어를 활성화한 상태를 유지하면서 엉덩이를 접어 무릎을 살짝 구부린 채 덤벨을 바닥 쪽으로 내립니다. | Step:3 햄스트링에 스트레칭이 느껴질 때까지 덤벨을 내린 후, 엉덩이를 수축하고 발뒤꿈치를 밀어 시작 위치로 돌아갑니다. | Step:4 원하는 횟수만큼 반복합니다.",https://melo2026.s3.ap-northeast-2.amazonaws.com/workout-images/5eLRITT.webp,weight,2.5,하체,허벅지,덤벨,,덤벨
5fKX7wi,덤벨 시티드 리버스 그립 원 암 오버헤드 트라이셉스 익스텐션,https://static.exercisedb.dev/media/5fKX7wi.gif,삼두근,어깨,"Step:1 등받이가 곧은 벤치에 앉고 발을 바닥에 평평하게 댑니다. | Step:2 언더핸드 그립으로 덤벨을 잡고 팔을 머리 위로 곧게 뻗습니다. | Step:3 팔꿈치를 구부려 덤벨을 머리 뒤로 내리면서 윗팔은 고정한 상태를 유지합니다. | Step:4 잠시 멈춘 후, 팔을 다시 시작 위치로 뻗습니다. | Step:5 원하는 횟수만큼 반복한 후 팔을 바꿉니다.",https://melo2026.s3.ap-northeast-2.amazonaws.com/workout-images/5fKX7wi.webp,weight,5.0,팔,상완,덤벨,,덤벨
5ipN0iE,어시스티드 풀업 인클라인,,광배근,이두근 | 전완근,"Step:1 원하는 무게와 높이 설정으로 머신을 조절합니다. | Step:2 어깨 너비보다 약간 넓게 오버핸드 그립으로 손잡이를 잡습니다. | Step:3 팔을 완전히 펴고 발이 땅에서 떨어지도록 매달립니다. | Step:4 등 근육을 사용하여 팔꿈치를 몸에 가깝게 붙인 채 몸을 손잡이 쪽으로 당깁니다. | Step:5 턱이 손잡이 위로 올라올 때까지 계속 당깁니다. | Step:6 맨 위에서 잠시 멈춘 후, 천천히 몸을 시작 자세로 되돌립니다. | Step:7 원하는 횟수만큼 반복합니다. 전체 과정에서 인클라인 자세를 유지합니다.",,weight,5.0,등,,머신,레버리지 머신,레버리지 머신
5KLbZWx,케틀벨 얼터네이팅 프레스,https://static.exercisedb.dev/media/5KLbZWx.gif,삼각근,삼두근 | 코어,Step:1 발을 어깨 너비로 벌리고 서서 각 손에 케틀벨을 들고 어깨 높이로 올립니다. | Step:2 한쪽 케틀벨을 머리 위로 밀어 팔을 완전히 뻗습니다. | Step:3 케틀벨을 어깨 높이로 다시 내립니다. | Step:4 다른 팔로 반복합니다. | Step:5 원하는 횟수만큼 팔을 번갈아 가며 반복합니다.,https://melo2026.s3.ap-northeast-2.amazonaws.com/workout-images/5KLbZWx.webp,weight,5.0,어깨,,케틀벨,,케틀벨
5lE7XRz,스미스 벤트 오버 로우 디클라인,,상부 등,이두근 | 전완근,"Step:1 바벨 높이를 엉덩이 높이로 스미스 머신을 설정합니다. | Step:2 발을 어깨 너비로 벌리고 바벨을 향해 섭니다. | Step:3 무릎을 살짝 구부리고 허리를 곧게 편 채 엉덩이에서 앞으로 숙입니다. | Step:4 어깨 너비보다 약간 넓게 오버핸드 그립으로 바벨을 잡습니다. | Step:5 견갑골을 모아주면서 바벨을 아랫가슴 쪽으로 당깁니다. 디클라인 강도로 수행합니다. | Step:6 맨 위에서 잠시 멈춘 후, 천천히 바벨을 시작 자세로 되돌립니다. | Step:7 원하는 횟수만큼 반복합니다.",,weight,5.0,등,,스미스 머신,,스미스 머신
5MRH8H2,스키 스텝,https://static.exercisedb.dev/media/5MRH8H2.gif,심폐 지구력,quadriceps | 햄스트링 | 둔근 | 종아리,Step:1 발을 어깨 너비로 벌리고 섭니다. | Step:2 무릎을 살짝 구부리고 허리를 곧게 폅니다. | Step:3 오른쪽으로 점프하여 오른발로 착지하면서 왼발을 오른발 뒤로 스윙합니다. | Step:4 즉시 왼쪽으로 점프하여 왼발로 착지하면서 오른발을 왼발 뒤로 스윙합니다. | Step:5 스키 타는 동작을 흉내 내며 좌우로 점프를 번갈아 가며 계속합니다. | Step:6 원하는 횟수만큼 반복합니다.,https://melo2026.s3.ap-northeast-2.amazonaws.com/workout-images/5MRH8H2.webp,cardio,3.5,유산소,,맨몸,,맨몸
5uFK1xr,바벨 시티드 오버헤드 트라이셉스 익스텐션,https://static.exercisedb.dev/media/5uFK1xr.gif,삼두근,어깨,"Step:1 벤치에 앉아 허리를 곧게 펴고 발을 바닥에 평평하게 댑니다. | Step:2 어깨 너비로 오버핸드 그립으로 바벨을 잡고 머리 위로 들어 올립니다. | Step:3 팔꿈치를 구부려 바벨을 머리 뒤로 내리면서 상완을 머리에 가깝게 유지합니다. | Step:4 잠시 멈춘 후, 팔을 펴서 바벨을 시작 자세로 되돌립니다. | Step:5 원하는 횟수만큼 반복합니다.",https://melo2026.s3.ap-northeast-2.amazonaws.com/workout-images/5uFK1xr.webp,weight,5.0,팔,상완,바벨,,바벨
5v7KYld,스미스 인클라인 벤치 프레스,https://static.exercisedb.dev/media/5v7KYld.gif,대흉근,어깨 | 삼두근,"Step:1 벤치를 30-45도 각도로 조절합니다. | Step:2 벤치에 누워 허리를 패드에 평평하게 대고 발을 바닥에 단단히 댑니다. | Step:3 어깨 너비보다 약간 넓게 오버핸드 그립으로 바벨을 잡습니다. | Step:4 바벨을 언랙하고 팔꿈치를 살짝 안으로 당기면서 천천히 윗가슴 쪽으로 내립니다. | Step:5 맨 아래에서 잠시 멈춘 후, 바벨을 다시 시작 자세로 밀어 올리면서 팔을 완전히 폅니다. | Step:6 원하는 횟수만큼 반복합니다.",https://melo2026.s3.ap-northeast-2.amazonaws.com/workout-images/5v7KYld.webp,weight,5.0,가슴,,스미스 머신,,스미스 머신
5VCj6iH,바벨 헥 스쿼트,https://static.exercisedb.dev/media/5VCj6iH.gif,둔근,quadriceps | 햄스트링 | 종아리,"Step:1 발을 어깨 너비로 벌리고 발끝을 살짝 바깥쪽으로 향하게 하여 섭니다. | Step:2 바벨을 다리 뒤쪽에 대고 허벅지 윗부분에 올려놓습니다. | Step:3 허리를 곧게 펴고 가슴을 들어 올린 채 무릎과 엉덩이를 구부려 몸을 낮춥니다. | Step:4 허벅지가 바닥과 평행이 될 때까지 또는 편안하게 갈 수 있는 만큼 낮춥니다. | Step:5 잠시 멈춘 후, 발뒤꿈치로 밀어 시작 자세로 돌아옵니다. | Step:6 원하는 횟수만큼 반복합니다.",https://melo2026.s3.ap-northeast-2.amazonaws.com/workout-images/5VCj6iH.webp,weight,5.0,하체,허벅지,바벨,,바벨
5vfAI0I,덤벨 스캇 프레스,https://static.exercisedb.dev/media/5vfAI0I.gif,삼각근,삼두근 | 가슴,"Step:1 벤치에 앉아 각 손에 덤벨을 들고 손바닥이 앞을 향하도록 합니다. | Step:2 팔꿈치를 구부리고 손바닥이 앞을 향하도록 덤벨을 어깨 높이로 들어 올립니다. | Step:3 팔이 완전히 펴질 때까지 덤벨을 위로 밀어 올립니다. | Step:4 맨 위에서 잠시 멈춘 후, 천천히 덤벨을 시작 자세로 되돌립니다. | Step:5 원하는 횟수만큼 반복합니다.",https://melo2026.s3.ap-northeast-2.amazonaws.com/workout-images/5vfAI0I.webp,weight,5.0,어깨,,덤벨,,덤벨
5VXmnV5,바디웨이트 인클라인 사이드 플랭크,https://static.exercisedb.dev/media/5VXmnV5.gif,복근,obliques | 어깨,Step:1 옆으로 누워 다리를 펴고 서로 위에 쌓습니다. | Step:2 팔뚝을 어깨 바로 아래 바닥에 대고 팔꿈치를 90도 각도로 구부립니다. | Step:3 코어 근육을 사용하여 엉덩이를 바닥에서 들어 올려 머리부터 발끝까지 일직선을 만듭니다. | Step:4 원하는 시간 동안 이 자세를 유지합니다. | Step:5 엉덩이를 바닥으로 다시 내리고 반대쪽으로 반복합니다.,https://melo2026.s3.ap-northeast-2.amazonaws.com/workout-images/5VXmnV5.webp,weight,3.5,코어,허리 | 복부,맨몸,,맨몸
5WiFcYk,웨이티드 런지 위드 스윙,https://static.exercisedb.dev/media/5WiFcYk.gif,둔근,quadriceps | 햄스트링 | 종아리,Step:1 발을 어깨 너비로 벌리고 각 손에 무게를 듭니다. | Step:2 오른쪽 발을 앞으로 내딛으며 런지 자세로 몸을 낮춥니다. | Step:3 앞으로 런지하면서 팔을 곧게 편 채 무게를 앞 위로 스윙합니다. | Step:4 오른쪽 발로 밀어 시작 자세로 돌아오면서 무게를 뒤로 스윙합니다. | Step:5 왼쪽 발로 반복하고 원하는 횟수만큼 다리를 번갈아 가며 계속합니다.,https://melo2026.s3.ap-northeast-2.amazonaws.com/workout-images/5WiFcYk.webp,weight,5.0,하체,허벅지,기타,중량,중량
61GrD55,케이블 라잉 클로즈 그립 컬,https://static.exercisedb.dev/media/61GrD55.gif,이두근,전완근,Step:1 로우 풀리 케이블 머신에 스트레이트 바를 연결합니다. | Step:2 평평한 벤치에 얼굴을 위로 향하고 누워 발을 바닥에 평평하게 댑니다. | Step:3 어깨 너비로 언더핸드 그립으로 바를 잡습니다. | Step:4 팔꿈치를 옆구리에 가깝게 유지하면서 팔을 완전히 폅니다. | Step:5 상완을 고정한 채 이두근을 수축하여 바를 가슴 쪽으로 컬링합니다. | Step:6 맨 위에서 잠시 멈추면서 이두근을 쥐어짭니다. | Step:7 팔을 완전히 펴면서 천천히 바를 시작 자세로 되돌립니다. | Step:8 원하는 횟수만큼 반복합니다.,https://melo2026.s3.ap-northeast-2.amazonaws.com/workout-images/61GrD55.webp,weight,5.0,팔,상완,케이블 머신,,케이블
62Nw60O,바벨 리어 런지 v. 2,https://static.exercisedb.dev/media/62Nw60O.gif,둔근,quadriceps | 햄스트링 | 종아리,Step:1 발을 어깨 너비로 벌리고 서서 등 위로 바벨을 잡습니다. | Step:2 오른쪽 발을 뒤로 내딛으며 발 앞부분으로 착지합니다. | Step:3 양쪽 무릎을 구부려 왼쪽 허벅지가 바닥과 평행이 될 때까지 몸을 낮춥니다. | Step:4 왼쪽 발뒤꿈치로 밀어 시작 자세로 돌아옵니다. | Step:5 다른 쪽 다리로 반복합니다.,https://melo2026.s3.ap-northeast-2.amazonaws.com/workout-images/62Nw60O.webp,weight,5.0,하체,허벅지,바벨,,바벨
641mIfk,바벨 인클라인 리버스 그립 프레스,https://static.exercisedb.dev/media/641mIfk.gif,삼두근,가슴 | 어깨,"Step:1 인클라인 벤치를 45도 각도로 설정합니다. | Step:2 벤치에 누워 리버스 그립으로 바벨을 잡고 손은 어깨 너비보다 약간 넓게 벌립니다. | Step:3 바벨을 언랙하고 팔꿈치를 안으로 당기면서 윗가슴 쪽으로 내립니다. | Step:4 맨 아래에서 잠시 멈춘 후, 바벨을 시작 자세로 다시 밀어 올립니다. | Step:5 원하는 횟수만큼 반복합니다.",https://melo2026.s3.ap-northeast-2.amazonaws.com/workout-images/641mIfk.webp,weight,5.0,팔,상완,바벨,,바벨
67n3r98,레버 숄더 프레스,https://static.exercisedb.dev/media/67n3r98.gif,삼각근,삼두근 | 가슴,"Step:1 좌석 높이를 조절하고 등받이에 등을 대고 머신에 앉습니다. | Step:2 오버핸드 그립으로 손잡이를 잡고 손을 어깨 높이로 위치시킵니다. | Step:3 팔을 완전히 펴질 때까지 손잡이를 위로 밀어 올리지만 팔꿈치를 잠그지 않습니다. | Step:4 맨 위에서 잠시 멈춘 후, 천천히 손잡이를 시작 자세로 되돌립니다. | Step:5 원하는 횟수만큼 반복합니다.",https://melo2026.s3.ap-northeast-2.amazonaws.com/workout-images/67n3r98.webp,weight,5.0,어깨,,머신,레버리지 머신,레버리지 머신
6bOA1Oi,웨이티드 사이드 벤드 (온 스테빌리티 볼),https://static.exercisedb.dev/media/6bOA1Oi.gif,복근,obliques | lower back,"Step:1 발을 어깨 너비로 벌리고 바닥에 평평하게 댄 채로 스테빌리티 볼에 앉습니다. | Step:2 한 손에 무게를 들고 다른 손은 엉덩이에 댑니다. | Step:3 코어 근육을 사용하여 허리를 곧게 편 채로 무게를 든 쪽으로 천천히 옆으로 구부립니다. | Step:4 맨 아래에서 잠시 멈춘 후, 천천히 시작 자세로 돌아옵니다. | Step:5 원하는 횟수만큼 반복한 후 반대쪽으로 전환합니다.",https://melo2026.s3.ap-northeast-2.amazonaws.com/workout-images/6bOA1Oi.webp,weight,5.0,코어,허리 | 복부,기타,중량,중량
6cKQC5E,덤벨 원 암 업라이트 로우,https://static.exercisedb.dev/media/6cKQC5E.gif,삼각근,승모근 | 이두근,Step:1 발을 어깨너비로 벌리고 서서 한 손으로 덤벨을 오버핸드 그립으로 잡습니다. | Step:2 덤벨을 허벅지 앞쪽에 팔 길이만큼 늘어뜨리고 손바닥이 몸을 향하게 합니다. | Step:3 등을 곧게 펴고 코어를 고정한 상태에서 숨을 내쉬며 팔꿈치를 먼저 사용하여 덤벨을 턱 쪽으로 똑바로 들어 올립니다. | Step:4 맨 위에서 잠시 멈춘 후 숨을 들이쉬며 덤벨을 시작 자세로 천천히 내립니다. | Step:5 원하는 횟수만큼 반복한 후 다른 팔로 바꿔줍니다.,https://melo2026.s3.ap-northeast-2.amazonaws.com/workout-images/6cKQC5E.webp,weight,5.0,어깨,,덤벨,,덤벨
6CKUx7o,이지바 라잉 클로즈 그립 트라이셉스 익스텐션 비하인드 헤드,https://static.exercisedb.dev/media/6CKUx7o.gif,삼두근,어깨,Step:1 벤치에 등을 대고 평평하게 누워 발을 바닥에 대고 머리를 벤치 끝에 둡니다. | Step:2 이지 바벨을 클로즈 그립으로 잡고 손바닥이 위를 향하게 한 후 팔을 가슴 위로 쭉 뻗습니다. | Step:3 윗팔을 고정한 상태에서 팔꿈치를 구부려 바벨을 머리 뒤로 천천히 내립니다. | Step:4 잠시 멈춘 후 팔을 다시 시작 자세로 뻗습니다. | Step:5 원하는 횟수만큼 반복합니다.,https://melo2026.s3.ap-northeast-2.amazonaws.com/workout-images/6CKUx7o.webp,weight,5.0,팔,상완,바벨,,EZ 바벨
6e2DcYX,덤벨 인클라인 숄더 레이즈,https://static.exercisedb.dev/media/6e2DcYX.gif,전거근,deltoids | trapezius,Step:1 인클라인 벤치를 45도 각도로 설정하고 각 손에 덤벨을 쥔 채 앉아 손바닥이 아래를 향하게 합니다. | Step:2 덤벨을 허벅지에 올리고 벤치에 기대어 눕습니다. | Step:3 허벅지를 사용하여 덤벨을 어깨 높이까지 들어 올린 다음 손목을 돌려 손바닥이 앞을 향하게 합니다. | Step:4 숨을 내쉬며 팔꿈치를 살짝 구부린 상태로 덤벨을 머리 위로 천천히 들어 올립니다. | Step:5 맨 위에서 잠시 멈춘 후 숨을 들이쉬며 덤벨을 어깨 높이까지 천천히 내립니다. | Step:6 원하는 횟수만큼 반복합니다.,https://melo2026.s3.ap-northeast-2.amazonaws.com/workout-images/6e2DcYX.webp,weight,5.0,가슴,,덤벨,,덤벨
6em2Dxj,덤벨 얼터네이트 시티드 햄머 컬,https://static.exercisedb.dev/media/6em2Dxj.gif,이두근,전완근,Step:1 벤치에 앉아 각 손에 덤벨을 쥐고 손바닥이 몸통을 향하게 하며 팔을 아래로 쭉 뻗습니다. | Step:2 등을 곧게 펴고 팔꿈치를 몸통 가까이에 둡니다. | Step:3 숨을 내쉬며 윗팔을 고정한 상태로 오른쪽 손의 덤벨을 어깨 쪽으로 컬링합니다. | Step:4 이두근이 완전히 수축되고 덤벨이 어깨 높이에 올 때까지 계속 들어 올립니다. | Step:5 잠시 멈춘 후 숨을 들이쉬며 덤벨을 시작 자세로 천천히 내립니다. | Step:6 왼쪽 팔로 같은 동작을 반복합니다. | Step:7 원하는 횟수만큼 팔을 번갈아 가며 반복합니다.,https://melo2026.s3.ap-northeast-2.amazonaws.com/workout-images/6em2Dxj.webp,weight,5.0,팔,상완,덤벨,,덤벨
6FMU51h,세미 스쿼트 점프 (남성),https://static.exercisedb.dev/media/6FMU51h.gif,심폐 지구력,quadriceps | 햄스트링 | 종아리,Step:1 발을 어깨너비로 벌리고 섭니다. | Step:2 무릎을 구부려 몸을 스쿼트 자세로 낮춥니다. | Step:3 엉덩이와 무릎을 펴면서 팔을 휘둘러 추진력을 얻어 폭발적으로 점프합니다. | Step:4 발 앞꿈치로 부드럽게 착지하고 즉시 다음 반복으로 이어갑니다. | Step:5 원하는 횟수만큼 반복합니다.,https://melo2026.s3.ap-northeast-2.amazonaws.com/workout-images/6FMU51h.webp,cardio,3.5,유산소,,맨몸,,맨몸
6HiHHe0,바벨 스탠딩 락킹 레그 카프 레이즈,https://static.exercisedb.dev/media/6HiHHe0.gif,종아리,햄스트링 | quadriceps,Step:1 발을 어깨너비로 벌리고 서서 윗등에 바벨을 댑니다. | Step:2 발 앞꿈치로 균형을 잡으며 발뒤꿈치를 가능한 한 높이 들어 올립니다. | Step:3 발뒤꿈치를 시작 자세로 천천히 내립니다. | Step:4 원하는 횟수만큼 반복합니다.,https://melo2026.s3.ap-northeast-2.amazonaws.com/workout-images/6HiHHe0.webp,weight,5.0,하체,종아리,바벨,,바벨
6HmFgmx,스탠딩 카프 레이즈 (계단에서),https://static.exercisedb.dev/media/6HmFgmx.gif,종아리,ankles | feet,Step:1 계단이나 튼튼한 발판 가장자리에 서서 발뒤꿈치를 내밀고 발가락을 발판에 댑니다. | Step:2 필요한 경우 난간이나 벽을 잡고 균형을 잡습니다. | Step:3 발 앞꿈치로 몸무게를 들어 올리며 발뒤꿈치를 가능한 한 높이 천천히 들어 올립니다. | Step:4 맨 위에서 잠시 멈춘 후 발뒤꿈치를 시작 자세로 천천히 내립니다. | Step:5 원하는 횟수만큼 반복합니다.,https://melo2026.s3.ap-northeast-2.amazonaws.com/workout-images/6HmFgmx.webp,weight,3.5,하체,종아리,맨몸,,맨몸
6kSxYnw,바벨 리스트 컬 v. 2,https://static.exercisedb.dev/media/6kSxYnw.gif,전완근,이두근 | brachialis,Step:1 벤치에 앉아 발을 바닥에 대고 무릎을 구부립니다. | Step:2 바벨을 언더핸드 그립으로 잡고 손바닥이 위를 향하게 하며 손은 어깨너비로 벌립니다. | Step:3 팔뚝을 허벅지에 올리고 손목이 가장자리에 걸치도록 합니다. | Step:4 손목을 위로 천천히 컬링하여 바벨을 팔뚝 쪽으로 가져옵니다. | Step:5 맨 위에서 잠시 멈춘 후 바벨을 시작 자세로 천천히 내립니다. | Step:6 원하는 횟수만큼 반복합니다.,https://melo2026.s3.ap-northeast-2.amazonaws.com/workout-images/6kSxYnw.webp,weight,5.0,팔,전완,바벨,,바벨
6MaEjVA,스미스 스탠딩 레그 카프 레이즈,https://static.exercisedb.dev/media/6MaEjVA.gif,종아리,햄스트링 | 둔근,Step:1 스미스 머신 바를 발을 바닥에 대고 서서 어깨가 바 아래에 오도록 높이를 조절합니다. | Step:2 발을 어깨너비로 벌리고 발가락을 앞으로 향하게 하여 바 아래에 위치합니다. | Step:3 안정성을 위해 손으로 바를 잡습니다. | Step:4 종아리에 힘을 주고 발가락으로 몸을 들어 올리며 발뒤꿈치를 바닥에서 천천히 들어 올립니다. | Step:5 맨 위에서 잠시 멈춘 후 발뒤꿈치를 시작 자세로 천천히 내립니다. | Step:6 원하는 횟수만큼 반복합니다.,https://melo2026.s3.ap-northeast-2.amazonaws.com/workout-images/6MaEjVA.webp,weight,5.0,하체,종아리,스미스 머신,,스미스 머신
6MfS53i,덤벨 라잉 싱글 익스텐션,https://static.exercisedb.dev/media/6MfS53i.gif,삼두근,어깨,Step:1 벤치에 평평하게 누워 한 손에 덤벨을 들고 팔을 가슴 위로 완전히 뻗습니다. | Step:2 윗팔을 고정한 상태에서 덤벨을 이마 쪽으로 통제하며 천천히 내립니다. | Step:3 동작의 맨 아래에서 잠시 멈춘 후 팔을 시작 자세로 다시 뻗습니다. | Step:4 원하는 횟수만큼 반복한 후 팔을 바꿔줍니다.,https://melo2026.s3.ap-northeast-2.amazonaws.com/workout-images/6MfS53i.webp,weight,5.0,팔,상완,덤벨,,덤벨
6pTkI99,덤벨 원 암 스내치,https://static.exercisedb.dev/media/6pTkI99.gif,둔근,햄스트링 | quadriceps | 코어,"Step:1 발을 어깨너비로 벌리고 서서 한 손으로 덤벨을 오버핸드 그립으로 잡습니다. | Step:2 무릎을 살짝 구부리고 등을 곧게 펴고 가슴을 들어 올린 상태에서 엉덩이에서 앞으로 숙입니다. | Step:3 덤벨을 몸에 가깝게 유지하며 바닥 쪽으로 내립니다. | Step:4 엉덩이, 무릎, 발목을 폭발적으로 펴면서 덤벨을 직선으로 위로 밀어 올립니다. | Step:5 덤벨이 어깨 높이에 도달하면 손을 빠르게 돌려 머리 위로 펀치하듯 팔을 완전히 뻗습니다. | Step:6 무릎과 엉덩이를 살짝 구부린 상태로 머리 위에서 덤벨을 잡습니다. | Step:7 덤벨을 통제하며 시작 자세로 천천히 내립니다. | Step:8 원하는 횟수만큼 반복한 후 다른 팔로 바꿔줍니다.",https://melo2026.s3.ap-northeast-2.amazonaws.com/workout-images/6pTkI99.webp,weight,5.0,하체,허벅지,덤벨,,덤벨
6sMAmNv,덤벨 리버스 스파이더 컬,https://static.exercisedb.dev/media/6sMAmNv.gif,이두근,전완근,Step:1 똑바로 서서 각 손에 덤벨을 들고 손바닥이 몸을 향하게 하며 팔을 완전히 뻗습니다. | Step:2 윗팔을 고정한 상태에서 숨을 내쉬며 이두근을 수축하면서 덤벨을 컬링합니다. | Step:3 이두근이 완전히 수축되고 덤벨이 어깨 높이에 올 때까지 계속 들어 올립니다. | Step:4 이두근을 쥐어짜면서 수축된 자세를 잠시 유지합니다. | Step:5 숨을 들이쉬며 덤벨을 시작 자세로 천천히 내리기 시작합니다. | Step:6 원하는 횟수만큼 반복합니다.,https://melo2026.s3.ap-northeast-2.amazonaws.com/workout-images/6sMAmNv.webp,weight,5.0,팔,상완,덤벨,,덤벨
6sYyrRX,벤트 니 라잉 트위스트 (남성),https://static.exercisedb.dev/media/6sYyrRX.gif,둔근,obliques | 고관절 굴곡근,Step:1 등을 대고 평평하게 누워 무릎을 구부리고 발을 바닥에 댑니다. | Step:2 팔을 몸에 수직으로 옆으로 뻗습니다. | Step:3 무릎을 붙인 상태에서 무릎이 바닥에 닿도록 한쪽으로 천천히 내립니다. | Step:4 잠시 멈춘 후 코어에 힘을 주고 무릎을 시작 자세로 천천히 들어 올립니다. | Step:5 반대쪽으로 같은 동작을 반복합니다. | Step:6 원하는 횟수만큼 번갈아 가며 반복합니다.,https://melo2026.s3.ap-northeast-2.amazonaws.com/workout-images/6sYyrRX.webp,weight,3.5,하체,허벅지,맨몸,,맨몸
6t00BsF,케이블 원 암 인클라인 프레스 온 엑서사이즈 볼,https://static.exercisedb.dev/media/6t00BsF.gif,대흉근,어깨 | 삼두근,Step:1 발을 바닥에 대고 엎드린 자세로 운동 볼에 앉아 등을 인클라인 벤치에 기대게 합니다. | Step:2 한 손으로 케이블 핸들을 잡고 팔을 90도 각도로 팔꿈치를 구부립니다. | Step:3 케이블 핸들을 앞으로 위로 밀어 팔을 완전히 뻗습니다. | Step:4 맨 위에서 잠시 멈춘 후 케이블 핸들을 시작 자세로 천천히 내립니다. | Step:5 원하는 횟수만큼 반복한 후 다른 팔로 바꿔줍니다.,https://melo2026.s3.ap-northeast-2.amazonaws.com/workout-images/6t00BsF.webp,weight,5.0,가슴,,케이블 머신,,케이블
6TG6x2w,이지 바벨 컬,https://static.exercisedb.dev/media/6TG6x2w.gif,이두근,전완근,Step:1 발을 어깨너비로 벌리고 똑바로 서서 이지 바벨을 언더핸드 그립으로 잡고 손바닥이 위를 향하게 합니다. | Step:2 팔꿈치를 몸통 가까이에 두고 동작 내내 윗팔을 고정합니다. | Step:3 숨을 내쉬면서 바벨을 어깨 쪽으로 컬링하여 이두근을 수축합니다. | Step:4 맨 위에서 잠시 멈춘 후 숨을 들이쉬면서 바벨을 시작 자세로 천천히 내립니다. | Step:5 원하는 횟수만큼 반복합니다.,https://melo2026.s3.ap-northeast-2.amazonaws.com/workout-images/6TG6x2w.webp,weight,5.0,팔,상완,바벨,,EZ 바벨
6vcvsLS,해이잉 스트레이트 레그 레이즈 위드 엘리베이티드,,복근,고관절 굴곡근,"Step:1 풀업 바에 매달려 팔을 완전히 펴고 손바닥이 몸에서 멀어지도록 합니다. | Step:2 코어에 힘을 주고 다리를 곧게 편 상태로 앞으로 들어 올립니다. | Step:3 다리가 바닥과 평행이 되거나 편안하게 갈 수 있는 높이까지 계속 들어 올립니다. 엘리베이티드 자세를 유지합니다. | Step:4 맨 위에서 잠시 멈춘 후, 천천히 다리를 시작 자세로 내립니다. | Step:5 원하는 횟수만큼 반복합니다.",,weight,3.5,코어,허리 | 복부,맨몸,,맨몸
6Wr0F3W,라운디드 트위스티드 레그 레이즈 (여성),,복근,obliques | 고관절 굴곡근,"Step:1 등을 대고 바닥에 평평하게 누워 다리를 펴고 팔을 옆구리에 둡니다. | Step:2 무릎을 구부리고 다리를 바닥에서 들어 올려 가슴 쪽으로 가져옵니다. 라운디드 컨트롤을 강조합니다. | Step:3 다리를 들어 올리면서 엉덩이를 한쪽으로 비틀어 반대쪽 어깨 쪽으로 무릎을 가져옵니다. | Step:4 맨 위에서 잠시 멈춘 후, 천천히 다리를 시작 자세로 내립니다. | Step:5 이번에는 엉덩이를 다른 쪽으로 비틀면서 동작을 반복합니다. | Step:6 원하는 횟수만큼 번갈아 가며 반복합니다.",,weight,3.5,코어,허리 | 복부,맨몸,,맨몸
6YUfHPL,쿼드,https://static.exercisedb.dev/media/6YUfHPL.gif,대퇴사두근,햄스트링 | 둔근,Step:1 발을 어깨너비로 벌리고 섭니다. | Step:2 무릎을 구부리고 엉덩이를 뒤로 밀면서 의자에 앉는 것처럼 몸을 낮춥니다. | Step:3 가슴을 펴고 등을 곧게 유지합니다. | Step:4 허벅지가 바닥과 평행이 될 때까지 몸을 낮춥니다. | Step:5 발뒤꿈치로 밀어 시작 자세로 돌아옵니다. | Step:6 원하는 횟수만큼 반복합니다.,https://melo2026.s3.ap-northeast-2.amazonaws.com/workout-images/6YUfHPL.webp,weight,3.5,하체,허벅지,맨몸,,맨몸
6ZCiYWQ,싯업 위드 암스 온 체스트,https://static.exercisedb.dev/media/6ZCiYWQ.gif,복근,고관절 굴곡근,"Step:1 무릎을 구부리고 발을 바닥에 평평하게 댄 채로 등을 대고 눕습니다. | Step:2 팔을 가슴 위로 교차합니다. | Step:3 복근에 힘을 주고 상체를 바닥에서 무릎 쪽으로 들어 올립니다. | Step:4 맨 위에서 잠시 멈춘 후, 천천히 상체를 시작 자세로 내립니다. | Step:5 원하는 횟수만큼 반복합니다.",https://melo2026.s3.ap-northeast-2.amazonaws.com/workout-images/6ZCiYWQ.webp,weight,3.5,코어,허리 | 복부,맨몸,,맨몸
72BC5Za,아처 풀업,https://static.exercisedb.dev/media/72BC5Za.gif,광배근,이두근 | 전완근,Step:1 어깨너비보다 약간 넓게 오버핸드 그립으로 풀업 바에 매달립니다. | Step:2 코어에 힘을 주고 어깨뼈를 아래로 당겨 뒤로 보냅니다. | Step:3 몸을 당기면서 한쪽 팔을 구부려 반대쪽 팔은 곧게 편 상태로 팔꿈치를 옆구리 쪽으로 가져옵니다. | Step:4 턱이 바 위로 올라오고 구부린 팔이 완전히 펴질 때까지 계속 당깁니다. | Step:5 통제하면서 몸을 다시 내리고 구부린 팔을 펴면서 반대쪽으로 동작을 반복합니다. | Step:6 각 반복마다 번갈아 가며 반복합니다.,https://melo2026.s3.ap-northeast-2.amazonaws.com/workout-images/72BC5Za.webp,weight,3.5,등,,맨몸,,맨몸
75Bgtjy,포티 스쿼트,https://static.exercisedb.dev/media/75Bgtjy.gif,복근,quadriceps | 둔근,"Step:1 발을 어깨너비로 벌리고 발끝을 약간 바깥쪽으로 향하게 섭니다. | Step:2 무릎을 구부리고 엉덩이를 뒤로 밀면서 의자에 앉는 것처럼 몸을 낮춥니다. | Step:3 동작 내내 가슴을 펴고 등을 곧게 유지합니다. | Step:4 허벅지가 바닥과 평행이 되거나 편안하게 갈 수 있는 만큼 낮춥니다. | Step:5 맨 아래에서 잠시 멈춘 후, 발뒤꿈치로 밀어 시작 자세로 돌아옵니다. | Step:6 원하는 횟수만큼 반복합니다.",https://melo2026.s3.ap-northeast-2.amazonaws.com/workout-images/75Bgtjy.webp,weight,3.5,코어,허리 | 복부,맨몸,,맨몸
76vfTdU,덤벨 스텝업 싱글 레그 밸런스 위드 바이셉 컬,https://static.exercisedb.dev/media/76vfTdU.gif,이두근,quadriceps | 둔근 | 햄스트링,Step:1 스텝 또는 플랫폼 앞에 서서 각 손에 덤벨을 들고 손바닥이 몸을 향하도록 합니다. | Step:2 오른쪽 발을 스텝 위에 올려놓고 발 전체가 표면에 닿도록 합니다. | Step:3 코어에 힘을 주고 오른쪽 발뒤꿈치로 밀어 몸을 스텝 위로 들어 올리면서 왼쪽 무릎을 가슴 쪽으로 가져옵니다. | Step:4 동작의 맨 위에서 팔꿈치를 구부려 덤벨을 어깨 쪽으로 가져오면서 바이셉 컬을 수행합니다. | Step:5 덤벨을 다시 내리고 동시에 왼쪽 발을 바닥으로 내립니다. | Step:6 왼쪽 발로 스텝을 밟고 덤벨을 컬하면서 반대쪽으로 동작을 반복합니다. | Step:7 원하는 횟수만큼 번갈아 가며 반복합니다.,https://melo2026.s3.ap-northeast-2.amazonaws.com/workout-images/76vfTdU.webp,weight,5.0,팔,상완,덤벨,,덤벨
7858za8,플루이드 덤벨 스텝업 런지,,대퇴사두근,둔근 | 햄스트링 | 종아리,"Step:1 스텝 또는 플랫폼 앞에 서서 각 손에 덤벨을 들고 손바닥이 옆을 향하도록 합니다. | Step:2 오른쪽 발을 스텝 위에 올려놓고 발 전체가 표면에 닿도록 합니다. | Step:3 오른쪽 발뒤꿈치로 밀어 몸을 스텝 위로 들어 올리면서 왼쪽 발도 함께 올립니다. | Step:4 (플루이드 변형) 양발이 스텝 위에 올라오면, 오른쪽 발은 스텝 위에 둔 채로 왼쪽 발을 시작 자세로 다시 내립니다. | Step:5 매번 밟고 올라가는 발을 번갈아 가며 동작을 반복합니다. | Step:6 원하는 횟수만큼 반복합니다.",,weight,5.0,하체,허벅지,덤벨,,덤벨
78VqWQK,스미스 인클라인 리버스 그립 프레스,https://static.exercisedb.dev/media/78VqWQK.gif,대흉근,삼두근 | 어깨,Step:1 스미스 머신의 시트를 편안한 인클라인 각도로 조절합니다. | Step:2 머신에 앉아 등을 패드에 대고 발을 바닥에 평평하게 댑니다. | Step:3 어깨너비보다 약간 넓게 오버핸드 그립으로 바를 잡습니다. | Step:4 바를 언랙하고 팔꿈치를 몸에 가깝게 붙인 채 천천히 가슴 쪽으로 내립니다. | Step:5 바가 가슴 바로 위에 오면 잠시 멈춥니다. | Step:6 팔을 완전히 펴면서 바를 시작 자세로 다시 밀어 올립니다. | Step:7 원하는 횟수만큼 반복합니다.,https://melo2026.s3.ap-northeast-2.amazonaws.com/workout-images/78VqWQK.webp,weight,5.0,가슴,,스미스 머신,,스미스 머신
79AmJsI,덤벨 해머 컬 위드 트래디셔널,,이두근,전완근,Step:1 똑바로 서서 각 손에 덤벨을 들고 손바닥이 몸통을 향하도록 합니다. | Step:2 팔꿈치를 몸통에 가깝게 붙이고 손바닥이 앞을 향하도록 돌립니다. | Step:3 이것이 시작 자세입니다. | Step:4 이제 윗팔을 고정한 상태에서 숨을 내쉬며 이두근을 수축하면서 무게를 컬합니다. | Step:5 이두근이 완전히 수축되고 덤벨이 어깨 높이에 올 때까지 무게를 들어 올립니다. | Step:6 수축된 자세에서 잠시 멈추면서 이두근을 쥐어짜줍니다. | Step:7 그런 다음 숨을 들이쉬면서 천천히 덤벨을 시작 자세로 내립니다. | Step:8 권장 횟수만큼 반복합니다. 트래디셔널 동작에 집중합니다.,,weight,5.0,팔,상완,덤벨,,덤벨
7AnZtSv,덤벨 오버 벤치 원 암 리스트 컬 - 스트렝스 베리에이션,,전완근,이두근 | 어깨,"Step:1 벤치에 앉아 발을 바닥에 평평하게 대고 한 손으로 덤벨을 잡고 손바닥이 아래를 향하도록 합니다. | Step:2 팔뚝을 벤치에 대고 손목이 가장자리에 걸쳐지도록 합니다. | Step:3 손목을 천천히 위로 컬하여 덤벨을 팔뚝 쪽으로 가져옵니다. | Step:4 맨 위에서 잠시 멈춘 후, 천천히 덤벨을 시작 자세로 내립니다. 스트렝스 자세를 유지합니다. | Step:5 원하는 횟수만큼 반복한 후 다른 팔로 전환합니다.",,weight,5.0,팔,전완,덤벨,,덤벨
7aolH9D,메디신 볼 체스트 푸시 멀티플 리스폰스,https://static.exercisedb.dev/media/7aolH9D.gif,대흉근,삼두근 | 어깨,"Step:1 발을 어깨너비로 벌리고 서서 메디신 볼을 가슴 높이로 잡습니다. | Step:2 팔을 앞으로 뻗어 메디신 볼을 가슴에서 밀어냅니다. | Step:3 잠시 멈춘 후, 천천히 메디신 볼을 가슴으로 다시 가져옵니다. | Step:4 원하는 횟수만큼 반복합니다.",https://melo2026.s3.ap-northeast-2.amazonaws.com/workout-images/7aolH9D.webp,weight,5.0,가슴,,기타,메디신볼,메디신볼
7aVz15j,트라이셉스 딥스 플로어,https://static.exercisedb.dev/media/7aVz15j.gif,삼두근,가슴 | 어깨,Step:1 의자 또는 벤치 가장자리에 앉아 손을 엉덩이 옆에 두고 손가락이 앞을 향하도록 합니다. | Step:2 다리를 앞으로 뻗은 상태에서 엉덩이를 의자 앞쪽으로 미끄러뜨립니다. | Step:3 팔을 펴되 팔꿈치를 약간 구부려 삼두근에 긴장을 유지하고 팔꿈치 관절에 부담을 주지 않도록 합니다. | Step:4 팔꿈치를 천천히 구부려 몸을 바닥 쪽으로 내리되 팔꿈치가 약 90도 각도가 될 때까지 내립니다. | Step:5 동작의 맨 아래에 도달하면 의자를 밀어 팔꿈치를 펴서 시작 자세로 돌아옵니다. | Step:6 원하는 횟수만큼 반복합니다.,https://melo2026.s3.ap-northeast-2.amazonaws.com/workout-images/7aVz15j.webp,weight,3.5,팔,상완,맨몸,,맨몸
7B4F5nZ,레버 카프 프레스,https://static.exercisedb.dev/media/7B4F5nZ.gif,종아리,햄스트링,Step:1 레버리지 머신의 시트를 조절하여 어깨가 레버 패드와 정렬되도록 합니다. | Step:2 발가락을 레버 패드에 놓고 발뒤꿈치는 가장자리에서 벗어나도록 합니다. | Step:3 안정성을 위해 손잡이나 측면 지지대를 잡습니다. | Step:4 발목을 펴서 레버 패드를 아래로 밀어 종아리 근육을 수축합니다. | Step:5 동작의 맨 아래에서 잠시 멈춥니다. | Step:6 발뒤꿈치를 다시 들어 올려 시작 자세로 천천히 돌아옵니다. | Step:7 원하는 횟수만큼 반복합니다.,https://melo2026.s3.ap-northeast-2.amazonaws.com/workout-images/7B4F5nZ.webp,weight,5.0,하체,종아리,머신,레버리지 머신,레버리지 머신
7Ba7bQ2,케틀벨 투 암 클린,https://static.exercisedb.dev/media/7Ba7bQ2.gif,삼각근,승모근 | 전완근,Step:1 발을 어깨너비로 벌리고 서서 양손으로 케틀벨을 허벅지 앞에 두고 손바닥이 서로를 향하도록 합니다. | Step:2 무릎을 약간 구부리고 엉덩이를 힌지하여 케틀벨을 바닥 쪽으로 내립니다. | Step:3 엉덩이와 무릎을 폭발적으로 펴면서 추진력을 사용하여 케틀벨을 어깨 쪽으로 끌어 올립니다. | Step:4 케틀벨이 어깨 높이에 도달하면 손목을 돌려 랙 자세로 케틀벨을 잡습니다. 이때 팔꿈치는 몸에 붙이고 케틀벨은 팔뚝 뒤쪽에 놓입니다. | Step:5 케틀벨을 시작 자세로 다시 내리고 원하는 횟수만큼 반복합니다.,https://melo2026.s3.ap-northeast-2.amazonaws.com/workout-images/7Ba7bQ2.webp,weight,5.0,어깨,,케틀벨,,케틀벨
7D5bgLT,덤벨 시티드 프리쳐 컬,https://static.exercisedb.dev/media/7D5bgLT.gif,이두근,전완근,"Step:1 발을 바닥에 평평하게 대고 프리쳐 컬 벤치에 앉습니다. | Step:2 한 손으로 덤벨을 언더핸드 그립으로 잡고, 윗팔을 프리쳐 패드에 댑니다. | Step:3 윗팔을 고정한 상태에서 숨을 내쉬며 덤벨을 어깨 쪽으로 컬링합니다. | Step:4 맨 위에서 잠시 멈춘 후, 숨을 들이쉬며 덤벨을 천천히 시작 자세로 내립니다. | Step:5 원하는 횟수만큼 반복한 후 팔을 바꿉니다.",https://melo2026.s3.ap-northeast-2.amazonaws.com/workout-images/7D5bgLT.webp,weight,5.0,팔,상완,덤벨,,덤벨
7E06s6d,체스트 탭 푸시업 (남성),https://static.exercisedb.dev/media/7E06s6d.gif,대흉근,삼두근 | 어깨,Step:1 손을 어깨너비보다 약간 넓게 벌리고 몸이 일직선이 되도록 하이 플랭크 자세를 취합니다. | Step:2 팔꿈치를 옆구리에 가깝게 붙이고 팔꿈치를 구부려 몸을 바닥 쪽으로 내립니다. | Step:3 몸을 내리면서 오른손으로 가슴을 탭합니다. | Step:4 시작 자세로 다시 밀어 올립니다. | Step:5 이번에는 왼손으로 가슴을 탭하며 동작을 반복합니다. | Step:6 원하는 횟수만큼 번갈아 가며 반복합니다.,https://melo2026.s3.ap-northeast-2.amazonaws.com/workout-images/7E06s6d.webp,weight,3.5,가슴,,맨몸,,맨몸
7ePTw4B,운동 볼 시티드 트라이셉스 스트레치,https://static.exercisedb.dev/media/7ePTw4B.gif,삼두근,어깨,Step:1 발을 바닥에 평평하게 대고 등을 곧게 편 상태로 안정성 볼에 앉습니다. | Step:2 한 손으로 덤벨을 잡고 팔을 머리 위로 곧게 뻗습니다. | Step:3 팔꿈치를 구부려 윗팔을 귀에 가깝게 붙인 상태로 덤벨을 머리 뒤로 내립니다. | Step:4 몇 초간 스트레칭을 유지한 후 시작 자세로 돌아갑니다. | Step:5 다른 팔로 반복합니다.,https://melo2026.s3.ap-northeast-2.amazonaws.com/workout-images/7ePTw4B.webp,weight,2.5,팔,상완,기타,짐볼,짐볼
7F1DVzn,레버 프론트 풀다운,https://static.exercisedb.dev/media/7F1DVzn.gif,광배근,이두근 | rhomboids | rear deltoids,"Step:1 시트 높이를 조절하고 무릎을 패드 아래에 두고 발을 바닥에 평평하게 대고 기구에 앉습니다. | Step:2 손잡이를 어깨너비보다 약간 넓게 오버핸드 그립으로 잡습니다. | Step:3 가슴을 들어 올리고 어깨를 뒤로 젖힌 상태로 똑바로 앉아 허리에 약간의 아치를 유지합니다. | Step:4 광배근을 사용하여 손잡이를 가슴 쪽으로 당기면서 날개뼈를 함께 조입니다. | Step:5 동작의 맨 아래에서 잠시 멈춘 후, 손잡이를 천천히 시작 자세로 되돌립니다. | Step:6 원하는 횟수만큼 반복합니다.",https://melo2026.s3.ap-northeast-2.amazonaws.com/workout-images/7F1DVzn.webp,weight,5.0,등,,머신,레버리지 머신,레버리지 머신
7f2jsqP,덤벨 시티드 원 암 로테이트,https://static.exercisedb.dev/media/7f2jsqP.gif,전완근,어깨 | 이두근,"Step:1 등을 곧게 펴고 벤치에 앉아 한 손으로 덤벨을 잡고 허벅지에 올려놓습니다. | Step:2 팔꿈치를 몸에 가깝게 붙인 상태로 덤벨을 어깨 높이까지 들어 올립니다. | Step:3 윗팔을 고정한 상태에서 팔뚝을 몸 바깥쪽으로 회전시킵니다. | Step:4 맨 위에서 잠시 멈춘 후, 팔뚝을 천천히 시작 자세로 되돌립니다. | Step:5 원하는 횟수만큼 반복한 후 다른 팔로 전환합니다.",https://melo2026.s3.ap-northeast-2.amazonaws.com/workout-images/7f2jsqP.webp,weight,5.0,팔,전완,덤벨,,덤벨
7gdLIXa,덤벨 라잉 해머 프레스,https://static.exercisedb.dev/media/7gdLIXa.gif,대흉근,삼두근 | 어깨,Step:1 벤치에 평평하게 누워 각 손에 덤벨을 잡고 손바닥이 서로 마주보게 하며 팔을 위로 곧게 뻗습니다. | Step:2 팔꿈치를 90도 각도로 유지하면서 덤벨을 가슴 옆으로 내립니다. | Step:3 팔을 완전히 펴면서 덤벨을 다시 시작 자세로 밀어 올립니다. | Step:4 원하는 횟수만큼 반복합니다.,https://melo2026.s3.ap-northeast-2.amazonaws.com/workout-images/7gdLIXa.webp,weight,5.0,가슴,,덤벨,,덤벨
7HcfMBP,어시스티드 스탠딩 트라이셉스 익스텐션 (수건 사용),https://static.exercisedb.dev/media/7HcfMBP.gif,삼두근,어깨,"Step:1 발을 어깨너비로 벌리고 서서 머리 뒤에서 수건을 양손으로 잡습니다. | Step:2 팔꿈치를 귀에 가깝게 붙이고 윗팔을 고정합니다. | Step:3 팔꿈치를 천천히 위로 뻗으면서 맨 위에서 삼두근을 조입니다. | Step:4 잠시 멈춘 후, 수건을 천천히 시작 자세로 내립니다. | Step:5 원하는 횟수만큼 반복합니다.",https://melo2026.s3.ap-northeast-2.amazonaws.com/workout-images/7HcfMBP.webp,weight,5.0,팔,상완,기타,보조 기구,보조 기구
7Hg55JG,덤벨 클린,https://static.exercisedb.dev/media/7Hg55JG.gif,둔근,햄스트링 | quadriceps | 종아리,Step:1 발을 어깨너비로 벌리고 서서 각 손에 덤벨을 오버핸드 그립으로 잡습니다. | Step:2 무릎을 구부리고 등을 곧게 펴고 가슴을 들어 올린 스쿼트 자세로 엉덩이를 내립니다. | Step:3 엉덩이와 무릎을 폭발적으로 펴면서 발뒤꿈치로 바닥을 밀어 점프합니다. | Step:4 점프하면서 어깨를 으쓱하고 덤벨을 몸에 가깝게 붙인 채 어깨 높이까지 들어 올립니다. | Step:5 팔꿈치를 앞으로 향하게 하고 손바닥이 위를 향하게 하여 어깨 높이에서 덤벨을 잡습니다. | Step:6 동작을 거꾸로 하여 덤벨을 시작 자세로 내립니다. | Step:7 원하는 횟수만큼 반복합니다.,https://melo2026.s3.ap-northeast-2.amazonaws.com/workout-images/7Hg55JG.webp,weight,5.0,하체,허벅지,덤벨,,덤벨
7i4msxz,코쿤 위드 메가,,복근,고관절 굴곡근 | lower back,"Step:1 무릎을 구부리고 발을 바닥에 평평하게 댄 상태로 등을 대고 눕습니다. | Step:2 손을 머리 뒤에 놓고 팔꿈치를 바깥쪽으로 향하게 합니다. | Step:3 복근을 사용하여 상체를 천천히 들어 올리고 몸통이 45도 각도가 될 때까지 앞으로 말아 올립니다. | Step:4 맨 위에서 잠시 멈춘 후, 상체를 천천히 시작 자세로 내립니다. | Step:5 원하는 횟수만큼 반복합니다. 메가 컨트롤을 강조합니다.",,weight,3.5,코어,허리 | 복부,맨몸,,맨몸
7I6LNUG,레버 시티드 로우,https://static.exercisedb.dev/media/7I6LNUG.gif,상부 등,이두근 | 전완근,Step:1 시트 높이와 발 받침대를 편안한 위치로 조절합니다. | Step:2 가슴을 패드에 대고 발을 발 받침대에 댄 상태로 기구에 앉습니다. | Step:3 손잡이를 어깨너비로 오버핸드 그립으로 잡습니다. | Step:4 등을 곧게 펴고 코어를 고정합니다. | Step:5 손잡이를 몸 쪽으로 당기면서 날개뼈를 함께 조입니다. | Step:6 동작의 정점에서 잠시 멈춥니다. | Step:7 손잡이를 천천히 놓고 시작 자세로 돌아갑니다. | Step:8 원하는 횟수만큼 반복합니다.,https://melo2026.s3.ap-northeast-2.amazonaws.com/workout-images/7I6LNUG.webp,weight,5.0,등,,머신,레버리지 머신,레버리지 머신
7inpWch,덤벨 스탠딩 컨센트레이션 컬,https://static.exercisedb.dev/media/7inpWch.gif,이두근,전완근,Step:1 발을 어깨너비로 벌리고 서서 한 손으로 덤벨을 잡고 팔을 완전히 뻗고 손바닥이 안쪽을 향하게 합니다. | Step:2 반대쪽 손으로 허벅지를 짚어 지지합니다. | Step:3 윗팔을 고정한 상태에서 숨을 내쉬며 이두근을 수축하여 덤벨을 어깨 쪽으로 컬링합니다. | Step:4 이두근이 완전히 수축되고 덤벨이 어깨 높이에 올 때까지 계속 들어 올립니다. | Step:5 이두근을 쥐어짜면서 수축된 자세를 잠시 유지합니다. | Step:6 숨을 들이쉬면서 덤벨을 천천히 시작 자세로 내립니다. | Step:7 원하는 횟수만큼 반복한 후 팔을 바꿉니다.,https://melo2026.s3.ap-northeast-2.amazonaws.com/workout-images/7inpWch.webp,weight,5.0,팔,상완,덤벨,,덤벨
7jGOBF3,덤벨 클로즈 그립 프레스,https://static.exercisedb.dev/media/7jGOBF3.gif,삼두근,가슴 | 어깨,"Step:1 플랫 벤치에 앉아 각 손에 덤벨을 잡고 허벅지에 올려놓습니다. | Step:2 허벅지를 사용하여 덤벨을 들어 올려 한 번에 하나씩 어깨 너비로 앞에 잡을 수 있도록 합니다. | Step:3 어깨 너비에 도달하면 손목을 앞으로 돌려 손바닥이 몸 바깥쪽을 향하도록 합니다. 이것이 시작 자세입니다. | Step:4 숨을 들이쉬면서 덤벨을 옆구리까지 천천히 내려 가슴 높이 정도가 되도록 합니다. | Step:5 숨을 내쉬면서 삼두근을 사용하여 덤벨을 시작 자세로 다시 들어 올립니다. 팔뚝이나 이두근을 사용하여 들어 올리지 않도록 주의합니다. | Step:6 수축된 자세에서 잠시 멈춘 후, 처방된 횟수만큼 동작을 반복합니다.",https://melo2026.s3.ap-northeast-2.amazonaws.com/workout-images/7jGOBF3.webp,weight,5.0,팔,상완,덤벨,,덤벨
7M66AVi,바벨 롤아웃,https://static.exercisedb.dev/media/7M66AVi.gif,복근,lower back,"Step:1 바닥에 무릎을 꿇고 양손으로 어깨너비만큼 바벨을 잡습니다. | Step:2 팔을 뻗고 코어를 고정한 상태에서 바벨을 앞으로 굴립니다. | Step:3 몸이 완전히 펴지고 팔이 머리 위로 올라갈 때까지 앞으로 계속 굴립니다. | Step:4 잠시 멈춘 후, 제어력을 유지하면서 바벨을 무릎 쪽으로 천천히 되돌립니다. | Step:5 원하는 횟수만큼 반복합니다.",https://melo2026.s3.ap-northeast-2.amazonaws.com/workout-images/7M66AVi.webp,weight,5.0,코어,허리 | 복부,바벨,,바벨
7OeHptV,어시스티드 스탠딩 친업,https://static.exercisedb.dev/media/7OeHptV.gif,광배근,이두근 | 전완근,"Step:1 기계를 원하는 보조 수준으로 조절합니다. | Step:2 발판에 서서 손잡이를 어깨너비보다 약간 넓게 오버핸드 그립으로 잡습니다. | Step:3 가슴을 들어 올리고 어깨를 뒤로 젖히고 코어를 고정하고 무릎을 약간 구부립니다. | Step:4 팔꿈치를 구부리고 팔꿈치를 옆구리 쪽으로 내리면서 몸을 위로 당깁니다. | Step:5 턱이 바 위로 올라갈 때까지 계속 당깁니다. | Step:6 맨 위에서 잠시 멈춘 후, 몸을 천천히 시작 자세로 내립니다. | Step:7 원하는 횟수만큼 반복합니다.",https://melo2026.s3.ap-northeast-2.amazonaws.com/workout-images/7OeHptV.webp,weight,5.0,등,,머신,레버리지 머신,레버리지 머신
7R4NIjL,어시스티드 스탠딩 트라이셉스 익스텐션 (수건 사용) 수평,,삼두근,어깨,"Step:1 발을 어깨너비로 벌리고 서서 머리 뒤에서 수건을 양손으로 잡습니다. | Step:2 팔꿈치를 귀에 가깝게 붙이고 윗팔을 고정합니다. | Step:3 (수평 변형) 팔꿈치를 천천히 위로 뻗으면서 맨 위에서 삼두근을 조입니다. | Step:4 잠시 멈춘 후, 수건을 천천히 시작 자세로 내립니다. | Step:5 원하는 횟수만큼 반복합니다.",,weight,5.0,팔,상완,기타,보조 기구,보조 기구
7RWNjiB,덤벨 라잉 프로네이션 온 플로어,https://static.exercisedb.dev/media/7RWNjiB.gif,전완근,이두근 | 삼두근,Step:1 얼굴을 바닥으로 향하게 하고 팔을 앞으로 쭉 뻗은 상태로 바닥에 눕습니다. 각 손에 덤벨을 쥡니다. | Step:2 손바닥이 바닥을 향하도록 돌립니다. | Step:3 팔을 곧게 편 상태를 유지하면서 전완근을 수축하여 덤벨을 바닥에서 들어 올립니다. | Step:4 전완근이 완전히 수축되고 덤벨이 어깨 높이에 올 때까지 계속 들어 올립니다. | Step:5 잠시 멈춘 후 천천히 덤벨을 시작 자세로 다시 내립니다. | Step:6 원하는 횟수만큼 반복합니다.,https://melo2026.s3.ap-northeast-2.amazonaws.com/workout-images/7RWNjiB.webp,weight,5.0,팔,전완,덤벨,,덤벨
7saC5zz,케이블 디클라인 플라이,https://static.exercisedb.dev/media/7saC5zz.gif,대흉근,어깨 | 삼두근,Step:1 케이블 머신을 디클라인(내리막) 자세로 조절합니다. | Step:2 발을 어깨너비로 벌리고 머신을 등지고 섭니다. | Step:3 손잡이를 잡고 손바닥이 앞을 향하게 하며 팔을 앞으로 쭉 뻗습니다. | Step:4 팔꿈치를 살짝 구부린 상태를 유지하면서 팔을 옆으로 통제된 움직임으로 엽니다. | Step:5 완전히 뻗은 자세에서 잠시 멈춘 후 천천히 시작 자세로 돌아옵니다. | Step:6 원하는 횟수만큼 반복합니다.,https://melo2026.s3.ap-northeast-2.amazonaws.com/workout-images/7saC5zz.webp,weight,5.0,가슴,,케이블 머신,,케이블
7uFJuXp,웨이티드 니일링 스텝 위드 스윙,https://static.exercisedb.dev/media/7uFJuXp.gif,삼각근,삼두근 | 코어,Step:1 무릎을 엉덩이 너비로 벌리고 등을 곧게 편 상태에서 무릎을 꿇습니다. | Step:2 각 손에 무게를 쥐고 팔을 앞으로 쭉 뻗습니다. | Step:3 코어에 힘을 주고 팔을 곧게 편 상태를 유지하면서 무게를 위로 머리 위로 휘두릅니다. | Step:4 무게를 시작 자세로 다시 내리고 원하는 횟수만큼 반복합니다.,https://melo2026.s3.ap-northeast-2.amazonaws.com/workout-images/7uFJuXp.webp,weight,5.0,어깨,,기타,중량,중량
7vG5o25,덤벨 인클라인 로우,https://static.exercisedb.dev/media/7vG5o25.gif,상부 등,이두근 | 어깨,Step:1 인클라인 벤치를 45도 각도로 설정합니다. | Step:2 각 손에 덤벨을 잡고 가슴을 벤치에 대고 앉습니다. | Step:3 팔을 완전히 뻗어 덤벨이 어깨에서 곧게 아래로 늘어지게 합니다. | Step:4 덤벨을 가슴 쪽으로 당기면서 견갑골을 함께 조입니다. | Step:5 맨 위에서 잠시 멈춘 후 천천히 덤벨을 시작 자세로 다시 내립니다. | Step:6 원하는 횟수만큼 반복합니다.,https://melo2026.s3.ap-northeast-2.amazonaws.com/workout-images/7vG5o25.webp,weight,5.0,등,,덤벨,,덤벨
7w6i0vE,케틀벨 얼터네이팅 프레스 온 플로어,https://static.exercisedb.dev/media/7w6i0vE.gif,대흉근,어깨 | 삼두근,Step:1 무릎을 구부리고 발을 바닥에 댄 상태로 등을 바닥에 대고 눕습니다. | Step:2 각 손에 케틀벨을 쥐고 손바닥이 발 쪽을 향하게 하며 팔을 천장으로 곧게 뻗습니다. | Step:3 다른 케틀벨을 곧게 위로 뻗은 상태를 유지하면서 한쪽 케틀벨을 어깨 쪽으로 내립니다. | Step:4 내린 케틀벨을 시작 자세로 다시 밀어 올리면서 동시에 다른 케틀벨을 어깨 쪽으로 내립니다. | Step:5 원하는 횟수만큼 각 케틀벨로 번갈아 가며 프레스 동작을 계속합니다.,https://melo2026.s3.ap-northeast-2.amazonaws.com/workout-images/7w6i0vE.webp,weight,5.0,가슴,,케틀벨,,케틀벨
7WaDzyL,사이드 힙 앱덕션,https://static.exercisedb.dev/media/7WaDzyL.gif,외전근,둔근 | quadriceps,Step:1 발을 어깨너비로 벌리고 손을 엉덩이에 댑니다. | Step:2 한쪽 다리에 체중을 싣고 반대쪽 다리를 곧게 편 상태로 옆으로 들어 올립니다. | Step:3 맨 위에서 잠시 멈춘 후 천천히 다리를 시작 자세로 다시 내립니다. | Step:4 반대쪽도 반복합니다. | Step:5 원하는 횟수만큼 양쪽을 번갈아 가며 반복합니다.,https://melo2026.s3.ap-northeast-2.amazonaws.com/workout-images/7WaDzyL.webp,weight,3.5,하체,허벅지,맨몸,,맨몸
7WcQgkm,스미스 머신 인클라인 트라이셉스 익스텐션 - 스트레이트 바리에이션,,삼두근,어깨,Step:1 스미스 머신의 시트 높이를 조절하여 바가 어깨 높이에 오도록 합니다. | Step:2 패드에 등을 대고 앉아 발을 바닥에 평평하게 댑니다. | Step:3 어깨너비보다 약간 넓게 오버핸드 그립으로 바를 잡습니다. | Step:4 팔을 완전히 뻗어 바를 랙에서 들어 올려 가슴 바로 위에 잡습니다. 직선 움직임에 집중합니다. | Step:5 팔꿈치를 머리 가까이에 유지하면서 바를 이마 쪽으로 천천히 내립니다. | Step:6 맨 아래에서 잠시 멈춘 후 시작 자세로 바를 다시 밀어 올립니다. | Step:7 원하는 횟수만큼 반복합니다.,,weight,5.0,팔,상완,스미스 머신,,스미스 머신
7xeukSt,견갑골 딥스,https://static.exercisedb.dev/media/7xeukSt.gif,승모근,rhomboids | deltoids,Step:1 발을 어깨너비로 벌리고 팔을 앞으로 뻗은 상태에서 시작합니다. | Step:2 무릎을 살짝 구부리고 등을 곧게 편 상태를 유지하면서 엉덩이에서 앞으로 숙입니다. | Step:3 팔꿈치를 구부리고 견갑골을 뒤로 당기면서 몸을 내립니다. 마치 그 사이에 연필을 쥐어짜려는 것처럼 합니다. | Step:4 맨 아래에서 잠시 멈춘 후 손을 밀어 팔꿈치를 펴고 시작 자세로 돌아옵니다. | Step:5 원하는 횟수만큼 반복합니다.,https://melo2026.s3.ap-northeast-2.amazonaws.com/workout-images/7xeukSt.webp,weight,3.5,등,,맨몸,,맨몸
7xI5MXA,케이블 벤치 프레스,https://static.exercisedb.dev/media/7xI5MXA.gif,대흉근,삼두근 | 어깨,Step:1 케이블 머신을 가슴 높이로 조절하고 손잡이를 연결합니다. | Step:2 발을 어깨너비로 벌리고 머신을 등지고 섭니다. | Step:3 오버핸드 그립으로 손잡이를 잡고 앞으로 걸어 나와 케이블에 장력을 만듭니다. | Step:4 발을 바닥에 단단히 고정하고 코어에 힘을 줍니다. | Step:5 팔꿈치를 구부리고 손을 어깨 높이로 가져옵니다. 팔꿈치는 90도 각도를 유지합니다. | Step:6 손잡이를 앞으로 밀어 팔을 앞으로 완전히 뻗습니다. | Step:7 잠시 멈춘 후 천천히 움직임을 역으로 하여 손을 어깨 높이로 되돌립니다. | Step:8 원하는 횟수만큼 반복합니다.,https://melo2026.s3.ap-northeast-2.amazonaws.com/workout-images/7xI5MXA.webp,weight,5.0,가슴,,케이블 머신,,케이블
7y9JIMj,레버 리버스 그립 프레처 컬 위드 프리시전,,이두근,전완근,Step:1 시트 높이를 조절하고 레버리지 머신에 앉습니다. | Step:2 언더핸드 그립으로 손잡이를 잡고 손바닥이 위를 향하게 합니다. | Step:3 팔꿈치가 완전히 펴지도록 상완을 프레처 패드에 댑니다. 전체 동작 동안 정밀한 자세를 유지합니다. | Step:4 상완을 고정한 상태를 유지하면서 숨을 내쉬며 손잡이를 어깨 쪽으로 컬링합니다. | Step:5 동작의 맨 위에서 잠시 멈추면서 이두근을 쥐어짭니다. | Step:6 숨을 들이쉬면서 천천히 손잡이를 시작 자세로 되돌려 팔꿈치를 완전히 폅니다. | Step:7 원하는 횟수만큼 반복합니다.,,weight,5.0,팔,상완,머신,레버리지 머신,레버리지 머신
7zdxRTl,스미스 레그 프레스,https://static.exercisedb.dev/media/7zdxRTl.gif,둔근,quadriceps | 햄스트링 | 종아리,Step:1 스미스 머신의 시트와 발판을 편안한 위치로 조절합니다. | Step:2 등받이에 등을 대고 앉아 발을 어깨너비로 벌리고 발판에 댑니다. | Step:3 안정성을 위해 손잡이나 머신 측면을 잡습니다. | Step:4 등을 등받이에 대고 다리를 펴서 발판을 밀어냅니다. | Step:5 완전히 펴진 자세에서 잠시 멈춥니다. | Step:6 천천히 무릎을 구부려 발판을 다시 몸 쪽으로 내리면서 시작 자세로 돌아옵니다. | Step:7 원하는 횟수만큼 반복합니다.,https://melo2026.s3.ap-northeast-2.amazonaws.com/workout-images/7zdxRTl.webp,weight,5.0,하체,허벅지,스미스 머신,,스미스 머신
82LxxkW,바벨 손목 컬,https://static.exercisedb.dev/media/82LxxkW.gif,전완근,이두근 | brachialis,Step:1 벤치에 앉아 발을 바닥에 평평하게 대고 허벅지에 전완을 올려놓습니다. 언더핸드 그립으로 바벨을 잡습니다. | Step:2 손목을 곧게 편 상태를 유지하면서 바벨이 손가락 끝까지 굴러가도록 합니다. | Step:3 손목을 굽혀 바벨을 전완 쪽으로 천천히 컬링합니다. | Step:4 맨 위에서 잠시 멈춘 후 천천히 바벨을 시작 자세로 다시 내립니다. | Step:5 원하는 횟수만큼 반복합니다.,https://melo2026.s3.ap-northeast-2.amazonaws.com/workout-images/82LxxkW.webp,weight,5.0,팔,전완,바벨,,바벨
83HoW9X,바벨 업라이트 로우 v. 2,https://static.exercisedb.dev/media/83HoW9X.gif,삼각근,승모근 | 이두근,Step:1 발을 어깨너비로 벌리고 서서 오버핸드 그립으로 바벨을 잡습니다. 손은 어깨너비보다 약간 넓게 잡습니다. | Step:2 바벨이 허벅지 앞에 늘어지도록 하고 팔을 완전히 뻗습니다. | Step:3 등을 곧게 편 상태를 유지하면서 숨을 내쉬고 팔꿈치를 리드하여 바벨을 턱 쪽으로 곧게 들어 올립니다. | Step:4 맨 위에서 잠시 멈춘 후 숨을 들이쉬면서 천천히 바벨을 시작 자세로 다시 내립니다. | Step:5 원하는 횟수만큼 반복합니다.,https://melo2026.s3.ap-northeast-2.amazonaws.com/workout-images/83HoW9X.webp,weight,5.0,어깨,,바벨,,바벨
84RyJf8,덤벨 원 암 숄더 프레스,https://static.exercisedb.dev/media/84RyJf8.gif,삼각근,삼두근 | 상부 등,Step:1 발을 어깨너비로 벌리고 서서 한 손에 덤벨을 어깨 높이로 잡습니다. 손바닥은 앞을 향하게 합니다. | Step:2 팔이 머리 위로 완전히 펴질 때까지 덤벨을 위로 밀어 올립니다. | Step:3 맨 위에서 잠시 멈춘 후 천천히 덤벨을 시작 자세로 다시 내립니다. | Step:4 원하는 횟수만큼 반복한 후 반대쪽 팔로 바꿔 반복합니다.,https://melo2026.s3.ap-northeast-2.amazonaws.com/workout-images/84RyJf8.webp,weight,5.0,어깨,,덤벨,,덤벨
84sESNy,덤벨 시티드 원 암 바이셉스 컬 온 엑서사이즈 볼 위드 레그 레이즈드,https://static.exercisedb.dev/media/84sESNy.gif,이두근,전완근 | 어깨,Step:1 발을 바닥에 평평하게 대고 등을 곧게 편 상태로 운동 공에 앉습니다. | Step:2 한 손에 덤벨을 잡고 손바닥이 위를 향하게 하며 팔을 완전히 뻗습니다. | Step:3 안정성을 위해 다른 손을 엉덩이에 댑니다. | Step:4 상완을 고정한 상태를 유지하면서 덤벨을 어깨 쪽으로 천천히 컬링합니다. | Step:5 동작의 맨 위에서 잠시 멈추면서 이두근을 쥐어짭니다. | Step:6 천천히 덤벨을 시작 자세로 되돌립니다. | Step:7 원하는 횟수만큼 반복합니다. | Step:8 팔을 바꿔 운동을 반복합니다.,https://melo2026.s3.ap-northeast-2.amazonaws.com/workout-images/84sESNy.webp,weight,5.0,팔,상완,덤벨,,덤벨
89HVjEp,케틀벨 시티드 프레스 위드 하이,,삼각근,삼두근 | 코어,Step:1 벤치에 앉아 허리를 곧게 펴고 발을 바닥에 평평하게 댑니다. | Step:2 양손에 케틀벨을 어깨 높이로 잡고 손바닥은 앞을 향하게 합니다. | Step:3 팔을 완전히 펴면서 케틀벨을 머리 위로 밀어 올립니다. 높은 움직임에 집중합니다. | Step:4 케틀벨을 어깨 높이로 다시 내립니다. | Step:5 원하는 횟수만큼 반복합니다.,,weight,5.0,어깨,,케틀벨,,케틀벨
8ARQ9Hw,케틀벨 수모 하이 풀,https://static.exercisedb.dev/media/8ARQ9Hw.gif,승모근,어깨 | 둔근 | 햄스트링,Step:1 발을 어깨너비보다 넓게 벌리고 발끝을 바깥쪽으로 향하게 서서 시작합니다. | Step:2 양손으로 케틀벨을 몸 앞에 잡고 팔을 아래로 뻗습니다. | Step:3 무릎을 구부리고 허리를 곧게 편 상태로 스쿼트 자세를 취합니다. | Step:4 발뒤꿈치로 밀어내면서 엉덩이와 무릎을 폭발적으로 펴면서 케틀벨을 턱 쪽으로 당겨 올립니다. | Step:5 케틀벨을 위로 당기면서 팔꿈치를 높고 넓게 유지하고 날개뼈를 함께 꽉 조입니다. | Step:6 케틀벨을 시작 자세로 다시 내리고 원하는 횟수만큼 반복합니다.,https://melo2026.s3.ap-northeast-2.amazonaws.com/workout-images/8ARQ9Hw.webp,weight,5.0,등,,케틀벨,,케틀벨
8coXSYU,롤러 시티드 숄더 플렉서 디프레서 리트랙터,https://static.exercisedb.dev/media/8coXSYU.gif,대흉근,deltoids | 삼두근,Step:1 다리를 앞으로 뻗고 평평한 바닥에 앉습니다. | Step:2 양손으로 롤러를 잡고 손바닥을 아래로 향하게 하여 허벅지에 댑니다. | Step:3 상체를 약간 앞으로 기울이고 팔을 앞으로 쭉 뻗으면서 롤러를 몸에서 멀리 굴립니다. | Step:4 잠시 멈춘 후 팔을 구부리고 롤러를 허벅지로 다시 가져오면서 천천히 몸 쪽으로 굴립니다. | Step:5 원하는 횟수만큼 반복합니다.,https://melo2026.s3.ap-northeast-2.amazonaws.com/workout-images/8coXSYU.webp,weight,3.5,가슴,,폼롤러,,롤러
8d8qJQI,바벨 리버스 그립 인클라인 벤치 로우,https://static.exercisedb.dev/media/8d8qJQI.gif,상부 등,이두근 | 전완근,Step:1 인클라인 벤치를 45도 각도로 설정합니다. | Step:2 벤치에 앉아 등받이를 향하고 가슴을 등받이에 댑니다. | Step:3 바벨을 리버스 그립(손바닥을 아래로 향하게)으로 잡고 손은 어깨너비보다 약간 넓게 벌립니다. | Step:4 허리를 곧게 펴고 코어를 단단하게 유지합니다. | Step:5 날개뼈를 함께 조이면서 바벨을 복부 위쪽으로 당깁니다. | Step:6 동작의 가장 높은 지점에서 잠시 멈춥니다. | Step:7 바벨을 천천히 시작 자세로 다시 내립니다. | Step:8 원하는 횟수만큼 반복합니다.,https://melo2026.s3.ap-northeast-2.amazonaws.com/workout-images/8d8qJQI.webp,weight,5.0,등,,바벨,,바벨
8DiFDVA,덤벨 리어 플라이,https://static.exercisedb.dev/media/8DiFDVA.gif,삼각근,trapezius | rhomboids,Step:1 발을 어깨너비로 벌리고 서서 양손에 덤벨을 잡습니다. | Step:2 무릎을 약간 구부리고 허리를 앞으로 숙여 엉덩이를 뒤로 빼면서 허리를 곧게 유지합니다. | Step:3 팔을 바닥을 향해 곧게 뻗고 손바닥은 서로 마주보게 합니다. | Step:4 팔꿈치를 약간 구부린 상태를 유지하면서 팔을 옆으로 들어 올리고 날개뼈를 함께 조입니다. | Step:5 가장 높은 지점에서 잠시 멈춘 후 팔을 천천히 시작 자세로 다시 내립니다. | Step:6 원하는 횟수만큼 반복합니다.,https://melo2026.s3.ap-northeast-2.amazonaws.com/workout-images/8DiFDVA.webp,weight,5.0,어깨,,덤벨,,덤벨
8eqjhOl,덤벨 팜스 인 인클라인 벤치 프레스,https://static.exercisedb.dev/media/8eqjhOl.gif,삼두근,가슴 | 어깨,Step:1 인클라인 벤치를 45도 각도로 설정합니다. | Step:2 벤치에 앉아 등받이에 등을 대고 발을 바닥에 평평하게 댑니다. | Step:3 양손에 덤벨을 오버핸드 그립으로 잡고 손바닥은 안쪽을 향하게 합니다. | Step:4 팔꿈치를 약간 구부린 상태를 유지하면서 팔을 가슴 위로 곧게 뻗습니다. | Step:5 팔꿈치를 몸에 가깝게 유지하면서 덤벨을 어깨 쪽으로 천천히 내립니다. | Step:6 가장 낮은 지점에서 잠시 멈춘 후 덤벨을 다시 시작 자세로 밀어 올립니다. | Step:7 원하는 횟수만큼 반복합니다.,https://melo2026.s3.ap-northeast-2.amazonaws.com/workout-images/8eqjhOl.webp,weight,5.0,팔,상완,덤벨,,덤벨
8fgqP5a,덤벨 스탠딩 원 암 컨센트레이션 컬,https://static.exercisedb.dev/media/8fgqP5a.gif,이두근,전완근,Step:1 발을 어깨너비로 벌리고 똑바로 서서 한 손에 덤벨을 잡고 손바닥을 위로 향하게 합니다. | Step:2 다른 손은 허벅지에 대고 지지합니다. | Step:3 윗팔을 고정한 상태에서 숨을 내쉬면서 이두근을 수축하여 덤벨을 어깨 쪽으로 컬링합니다. | Step:4 이두근이 완전히 수축되고 덤벨이 어깨 높이에 올 때까지 덤벨을 계속 들어 올립니다. | Step:5 이두근을 꽉 조이면서 수축된 자세를 잠시 유지합니다. | Step:6 숨을 들이쉬면서 덤벨을 천천히 시작 자세로 내립니다. | Step:7 원하는 횟수만큼 반복한 후 팔을 바꿉니다.,https://melo2026.s3.ap-northeast-2.amazonaws.com/workout-images/8fgqP5a.webp,weight,5.0,팔,상완,덤벨,,덤벨
8gQo5Ss,싱글 스타일 케이블 스탠딩 크런치 (로프 어태치먼트 포함),,복근,obliques,Step:1 케이블 머신에 가슴 높이로 로프를 연결합니다. | Step:2 머신을 등지고 발을 어깨너비로 벌리고 섭니다. 싱글 동작에 집중합니다. | Step:3 양손으로 로프를 잡고 팔꿈치를 구부린 상태를 유지하면서 머리 뒤로 가져갑니다. | Step:4 복근을 사용하면서 팔꿈치를 무릎 쪽으로 가져오면서 상체를 천천히 앞으로 구부립니다. | Step:5 크런치 동작의 가장 높은 지점에서 잠시 멈춘 후 천천히 시작 자세로 돌아옵니다. | Step:6 원하는 횟수만큼 반복합니다.,,weight,5.0,코어,허리 | 복부,케이블 머신,,케이블
8IbNZwc,러프 밴드 힙 리프트,,둔근,햄스트링 | quadriceps,Step:1 무릎을 구부리고 발을 바닥에 평평하게 댄 상태로 등을 대고 눕습니다. | Step:2 무릎 바로 위쪽에 저항 밴드를 놓습니다. | Step:3 둔근과 코어 근육을 사용합니다. | Step:4 발뒤꿈치를 바닥에 누르고 엉덩이를 바닥에서 들어 올리면서 둔근을 꽉 조입니다. | Step:5 가장 높은 지점에서 잠시 멈춘 후 엉덩이를 천천히 시작 자세로 다시 내립니다. | Step:6 원하는 횟수만큼 반복합니다. 러프 동작에 집중합니다.,,weight,3.5,하체,허벅지,밴드,,밴드
8K0w2yA,어시스티드 행잉 니 레이즈 위드 스로우 다운,https://static.exercisedb.dev/media/8K0w2yA.gif,복근,고관절 굴곡근 | lower back,Step:1 팔을 완전히 펴고 손바닥이 몸에서 멀어지도록 하여 풀업 바에 매달립니다. | Step:2 코어를 사용하고 다리를 모은 상태로 무릎을 가슴 쪽으로 들어 올립니다. | Step:3 무릎이 가슴 높이에 오면 다리를 바닥 쪽으로 폭발적으로 던지면서 완전히 폅니다. | Step:4 다리가 다시 올라오도록 하고 원하는 횟수만큼 반복합니다.,https://melo2026.s3.ap-northeast-2.amazonaws.com/workout-images/8K0w2yA.webp,weight,5.0,코어,허리 | 복부,기타,보조 기구,보조 기구
8K7m2SS,메디신 볼 클로즈 그립 푸시업,https://static.exercisedb.dev/media/8K7m2SS.gif,삼두근,가슴 | 어깨,Step:1 메디신 볼 위에 어깨너비로 손을 짚고 하이 플랭크 자세로 시작합니다. | Step:2 팔꿈치를 몸에 가깝게 유지하면서 팔꿈치를 구부려 몸을 바닥 쪽으로 내립니다. | Step:3 팔을 완전히 펴면서 시작 자세로 다시 밀어 올립니다. | Step:4 원하는 횟수만큼 반복합니다.,https://melo2026.s3.ap-northeast-2.amazonaws.com/workout-images/8K7m2SS.webp,weight,5.0,팔,상완,기타,메디신볼,메디신볼
8oYqOt9,케이블 시티드 컬,https://static.exercisedb.dev/media/8oYqOt9.gif,이두근,전완근,Step:1 케이블 머신에 앉아 발을 바닥에 평평하게 대고 허리를 곧게 폅니다. | Step:2 케이블 어태치먼트를 언더핸드 그립으로 잡고 손바닥을 위로 향하게 하며 팔을 완전히 폅니다. | Step:3 윗팔을 고정한 상태에서 숨을 내쉬면서 이두근을 수축하여 케이블 어태치먼트를 어깨 쪽으로 컬링합니다. | Step:4 동작의 가장 높은 지점에서 잠시 멈추고 이두근을 꽉 조입니다. | Step:5 숨을 들이쉬면서 팔을 완전히 펴면서 케이블 어태치먼트를 천천히 시작 자세로 내립니다. | Step:6 원하는 횟수만큼 반복합니다.,https://melo2026.s3.ap-northeast-2.amazonaws.com/workout-images/8oYqOt9.webp,weight,5.0,팔,상완,케이블 머신,,케이블
8ozhUIZ,바벨 스탠딩 카프 레이즈,https://static.exercisedb.dev/media/8ozhUIZ.gif,종아리,햄스트링 | 둔근,Step:1 발을 어깨너비로 벌리고 서서 바벨을 등 위쪽에 올립니다. | Step:2 발가락만을 사용하여 발뒤꿈치를 가능한 한 높이 들어 올립니다. | Step:3 가장 높은 지점에서 잠시 멈춘 후 발뒤꿈치를 천천히 시작 자세로 다시 내립니다. | Step:4 원하는 횟수만큼 반복합니다.,https://melo2026.s3.ap-northeast-2.amazonaws.com/workout-images/8ozhUIZ.webp,weight,5.0,하체,종아리,바벨,,바벨
8urJS9b,웨이티드 하이퍼익스텐션 (온 스태빌리티 볼),https://static.exercisedb.dev/media/8urJS9b.gif,척추,둔근 | 햄스트링,Step:1 스태빌리티 볼 위에 얼굴을 아래로 향하게 엎드려 엉덩이를 볼 위에 올리고 발은 벽에 대어 안정성을 확보합니다. | Step:2 손을 머리 뒤에 대거나 가슴 위에 교차합니다. | Step:3 코어를 사용하고 상체를 볼에서 천천히 들어 올려 등까지 펴서 몸이 일직선이 되도록 합니다. | Step:4 가장 높은 지점에서 잠시 멈춘 후 상체를 천천히 시작 자세로 다시 내립니다. | Step:5 원하는 횟수만큼 반복합니다.,https://melo2026.s3.ap-northeast-2.amazonaws.com/workout-images/8urJS9b.webp,weight,5.0,등,,기타,중량,중량
8xUv4J7,케이블 시티드 크런치,https://static.exercisedb.dev/media/8xUv4J7.gif,복근,obliques,Step:1 케이블 머신에 앉아 발을 바닥에 평평하게 대고 무릎을 구부립니다. | Step:2 양손으로 케이블 핸들을 잡고 머리 뒤에 위치시킵니다. | Step:3 복근을 사용하면서 상체를 천천히 앞으로 구부려 가슴을 무릎 쪽으로 가져옵니다. | Step:4 가장 높은 지점에서 잠시 멈춘 후 천천히 시작 자세로 돌아옵니다. | Step:5 원하는 횟수만큼 반복합니다.,https://melo2026.s3.ap-northeast-2.amazonaws.com/workout-images/8xUv4J7.webp,weight,5.0,코어,허리 | 복부,케이블 머신,,케이블
8yBgwBS,케이블 컨센트레이션 컬 템포,,이두근,전완근,"Step:1 벤치나 의자에 앉아 발을 바닥에 평평하게 대고 무릎을 살짝 구부립니다. | Step:2 언더핸드 그립으로 케이블 핸들을 잡고 팔꿈치를 허벅지 안쪽에 댑니다. 템포 움직임에 집중합니다. | Step:3 윗팔을 고정한 상태에서 숨을 내쉬며 이두근을 수축하면서 케이블 핸들을 어깨 쪽으로 컬합니다. | Step:4 움직임의 맨 위에서 잠시 멈춘 다음, 숨을 들이쉬면서 케이블 핸들을 천천히 시작 위치로 되돌립니다. | Step:5 원하는 횟수만큼 반복한 다음 팔을 바꿉니다.",,weight,5.0,팔,상완,케이블 머신,,케이블
903mzG8,스미스 숄더 프레스,https://static.exercisedb.dev/media/903mzG8.gif,삼각근,삼두근 | 상부 등,"Step:1 좌석 높이를 조절하고 발을 어깨너비로 벌려 스미스 머신에 위치합니다. | Step:2 어깨너비보다 약간 넓게 오버핸드 그립으로 바를 잡습니다. | Step:3 랙에서 바를 들어 올려 어깨 높이에 위치시키고, 팔꿈치를 구부리고 손바닥이 앞을 향하도록 합니다. | Step:4 팔이 머리 위로 완전히 펴질 때까지 바를 위로 누릅니다. | Step:5 맨 위에서 잠시 멈춘 다음, 바를 어깨 높이로 천천히 되돌립니다. | Step:6 원하는 횟수만큼 반복합니다.",https://melo2026.s3.ap-northeast-2.amazonaws.com/workout-images/903mzG8.webp,weight,5.0,어깨,,스미스 머신,,스미스 머신
945zpRg,바벨 와이드 리버스 그립 벤치 프레스,https://static.exercisedb.dev/media/945zpRg.gif,대흉근,삼두근 | 어깨,"Step:1 발을 바닥에 평평하게 대고 등을 벤치에 대고 눕습니다. | Step:2 어깨너비보다 약간 넓게 와이드 리버스 그립으로 바벨을 잡습니다. | Step:3 랙에서 바벨을 들어 올려 가슴 바로 위에 팔을 완전히 펴고 잡습니다. | Step:4 팔꿈치를 몸에 가깝게 붙이고 손목을 곧게 유지하면서 바벨을 천천히 가슴 쪽으로 내립니다. | Step:5 바벨이 가슴에 닿으면 잠시 멈춘 다음, 시작 위치로 다시 밀어 올립니다. | Step:6 원하는 횟수만큼 반복합니다.",https://melo2026.s3.ap-northeast-2.amazonaws.com/workout-images/945zpRg.webp,weight,5.0,가슴,,바벨,,바벨
99rWm7w,햄스트링 스트레치,https://static.exercisedb.dev/media/99rWm7w.gif,햄스트링,둔근,Step:1 발을 어깨너비로 벌리고 섭니다. | Step:2 오른쪽 발을 앞으로 내딛고 체중을 오른쪽 다리에 싣습니다. | Step:3 등을 곧게 펴고 엉덩이를 앞으로 천천히 구부리면서 양손으로 오른쪽 발을 향해 뻗습니다. | Step:4 20-30초 동안 스트레칭을 유지한 다음 시작 위치로 돌아옵니다. | Step:5 반대쪽도 반복합니다.,https://melo2026.s3.ap-northeast-2.amazonaws.com/workout-images/99rWm7w.webp,weight,2.5,하체,허벅지,맨몸,,맨몸
9Ap7miY,디클라인 크런치,https://static.exercisedb.dev/media/9Ap7miY.gif,복근,고관절 굴곡근,"Step:1 발을 고정하고 무릎을 90도 각도로 구부린 상태에서 디클라인 벤치에 눕습니다. | Step:2 손을 머리 뒤나 가슴 위에 둡니다. | Step:3 복근에 힘을 주고 상체를 무릎 쪽으로 들어 올려 몸통을 말아 올립니다. | Step:4 맨 위에서 잠시 멈춘 다음, 상체를 천천히 시작 위치로 되돌립니다. | Step:5 원하는 횟수만큼 반복합니다.",https://melo2026.s3.ap-northeast-2.amazonaws.com/workout-images/9Ap7miY.webp,weight,3.5,코어,허리 | 복부,맨몸,,맨몸
9c6T1YX,브릿지 - 마운틴 클라이머 (크로스 바디),https://static.exercisedb.dev/media/9c6T1YX.gif,복근,둔근 | quadriceps | 햄스트링 | 어깨 | 삼두근,Step:1 손이 어깨 바로 아래에 있고 몸이 일직선이 되도록 하이 플랭크 자세를 취합니다. | Step:2 코어에 힘을 주고 오른쪽 발을 땅에서 들어 올려 오른쪽 무릎을 왼쪽 팔꿈치 쪽으로 가져옵니다. | Step:3 오른쪽 발을 시작 위치로 되돌리고 왼쪽 발을 오른쪽 팔꿈치 쪽으로 움직이는 동작을 반복합니다. | Step:4 통제된 속도로 계속해서 번갈아 가며 실시합니다. | Step:5 엉덩이를 수평으로 유지하고 엉덩이를 너무 높이 들거나 너무 낮게 처지지 않도록 합니다. | Step:6 운동 내내 꾸준한 호흡 패턴을 유지합니다. | Step:7 원하는 횟수만큼 반복합니다.,https://melo2026.s3.ap-northeast-2.amazonaws.com/workout-images/9c6T1YX.webp,weight,3.5,코어,허리 | 복부,맨몸,,맨몸
9E25EOx,스플릿 스쿼트,https://static.exercisedb.dev/media/9E25EOx.gif,대퇴사두근,둔근 | 햄스트링 | 종아리,"Step:1 발을 어깨너비로 벌리고 섭니다. | Step:2 한 발을 앞으로 내딛고 다른 발보다 약 2피트 앞에 놓습니다. | Step:3 등을 곧게 펴고 무릎과 엉덩이를 구부려 몸을 낮춥니다. | Step:4 앞 허벅지가 바닥과 평행이 되고 뒷 무릎이 바닥 바로 위에 오도록 낮춥니다. | Step:5 잠시 멈춘 다음, 앞 발뒤꿈치로 밀어 시작 위치로 돌아옵니다. | Step:6 원하는 횟수만큼 반복한 다음 다리를 바꿔 반복합니다.",https://melo2026.s3.ap-northeast-2.amazonaws.com/workout-images/9E25EOx.webp,weight,3.5,하체,허벅지,맨몸,,맨몸
9fCHfSc,포인티드 케이블 팜 로테이셔널 로우,,상부 등,이두근 | 전완근,"Step:1 허리 높이에서 케이블 머신에 핸들을 부착합니다. | Step:2 발을 어깨너비로 벌리고 머신을 향해 섭니다. | Step:3 손바닥이 아래를 향하도록 오버핸드 그립으로 핸들을 잡습니다. | Step:4 케이블에 장력이 생기도록 뒤로 물러서고, 등을 곧게 펴고 무릎을 살짝 구부립니다. 포인트 컨트롤을 강조합니다. | Step:5 핸들을 몸 쪽으로 당기면서 손바닥을 위로 회전시킵니다. | Step:6 움직임의 끝에서 견갑골을 함께 쥐어짭니다. | Step:7 핸들을 천천히 시작 위치로 되돌립니다. | Step:8 원하는 횟수만큼 반복합니다.",,weight,5.0,등,,케이블 머신,,케이블
9gbyYKk,밴드 시티드 힙 내부 회전,https://static.exercisedb.dev/media/9gbyYKk.gif,둔근,햄스트링 | quadriceps,"Step:1 의자나 벤치에 앉아 등을 곧게 펴고 발을 바닥에 평평하게 댑니다. | Step:2 무릎 바로 위 허벅지에 저항 밴드를 두릅니다. | Step:3 무릎을 90도 각도로 구부리고 발을 어깨너비로 벌립니다. | Step:4 둔근에 힘을 주고 무릎을 천천히 바깥쪽으로 회전시키면서 밴드의 저항을 밀어냅니다. | Step:5 움직임의 끝에서 잠시 멈춘 다음, 천천히 시작 위치로 돌아옵니다. | Step:6 원하는 횟수만큼 반복합니다.",https://melo2026.s3.ap-northeast-2.amazonaws.com/workout-images/9gbyYKk.webp,weight,3.5,하체,허벅지,밴드,,밴드
9GXrTE6,스미스 원 레그 플로어 카프 레이즈,https://static.exercisedb.dev/media/9GXrTE6.gif,종아리,햄스트링 | 둔근,"Step:1 스미스 머신 바 아래 바닥에 발뒤꿈치를 들 수 있는 표면(예: 플레이트 또는 블록) 위에 놓고 머신을 향해 섭니다. | Step:2 발의 앞부분을 들어 올린 표면 위에 놓습니다. | Step:3 스미스 머신 바를 발목 바로 위, 종아리 아래에 위치시킵니다. | Step:4 안정성을 위해 손으로 바를 잡습니다. | Step:5 발목을 펴서 발뒤꿈치를 땅에서 들어 올려 몸을 들어 올립니다. | Step:6 맨 위에서 잠시 멈춘 다음, 발뒤꿈치를 천천히 시작 위치로 되돌립니다. | Step:7 원하는 횟수만큼 반복합니다.",https://melo2026.s3.ap-northeast-2.amazonaws.com/workout-images/9GXrTE6.webp,weight,5.0,하체,종아리,스미스 머신,,스미스 머신
9IxJdtC,라잉 레그-힙 레이즈,https://static.exercisedb.dev/media/9IxJdtC.gif,복근,고관절 굴곡근,"Step:1 등을 대고 누워 다리를 펴고 팔을 옆구리에 둡니다. | Step:2 지지를 위해 엉덩이 아래에 손을 둡니다. | Step:3 코어에 힘을 주고 다리를 땅에서 들어 올려 천장 쪽으로 들어 올립니다. | Step:4 맨 위에서 잠시 멈춘 다음, 다리를 천천히 시작 위치로 되돌립니다. | Step:5 원하는 횟수만큼 반복합니다.",https://melo2026.s3.ap-northeast-2.amazonaws.com/workout-images/9IxJdtC.webp,weight,3.5,코어,허리 | 복부,맨몸,,맨몸
9JprnPh,밴드 싱글 레그 카프 레이즈,https://static.exercisedb.dev/media/9JprnPh.gif,종아리,ankles | feet,"Step:1 발을 엉덩이 너비로 벌리고 서서 밴드를 왼쪽 발 앞쪽에 두릅니다. | Step:2 필요한 경우 안정적인 물체를 잡고 균형을 잡습니다. | Step:3 왼쪽 발뒤꿈치를 천천히 땅에서 들어 올려 발 앞부분으로 몸무게를 들어 올립니다. | Step:4 맨 위에서 잠시 멈춘 다음, 왼쪽 발뒤꿈치를 천천히 시작 위치로 되돌립니다. | Step:5 원하는 횟수만큼 반복한 다음 오른쪽 다리로 바꿉니다.",https://melo2026.s3.ap-northeast-2.amazonaws.com/workout-images/9JprnPh.webp,weight,5.0,하체,종아리,밴드,,밴드
9KU9TYF,레버 호리젠탈 원 레그 프레스,https://static.exercisedb.dev/media/9KU9TYF.gif,둔근,quadriceps | 햄스트링 | 종아리,"Step:1 발을 발판에 댔을 때 무릎이 90도 각도가 되도록 기계 좌석을 조절합니다. | Step:2 등받이에 등을 대고 앉아 발판에 발을 어깨너비로 벌립니다. | Step:3 안정성을 위해 손잡이나 기계 측면을 잡습니다. | Step:4 등을 등받이에 대고 다리를 펴서 발판을 몸에서 멀리 밀어냅니다. | Step:5 완전히 펴진 위치에서 잠시 멈춘 다음, 다리를 천천히 구부려 시작 위치로 돌아옵니다. | Step:6 원하는 횟수만큼 반복한 다음 다리를 바꿔 반복합니다.",https://melo2026.s3.ap-northeast-2.amazonaws.com/workout-images/9KU9TYF.webp,weight,5.0,하체,허벅지,머신,레버리지 머신,레버리지 머신
9n2149Z,슬레드 라잉 스쿼트,https://static.exercisedb.dev/media/9n2149Z.gif,둔근,quadriceps | 햄스트링 | 종아리,Step:1 슬레드 머신을 편안한 무게로 조절합니다. | Step:2 발을 발판에 대고 슬레드 머신에 등을 대고 눕습니다. | Step:3 발을 어깨너비로 벌리고 약간 바깥쪽으로 기울입니다. | Step:4 안정성을 위해 슬레드 머신 손잡이를 잡습니다. | Step:5 둔근과 코어 근육에 힘을 줍니다. | Step:6 발뒤꿈치로 밀고 다리를 펴서 슬레드를 들어 올립니다. | Step:7 무릎과 엉덩이를 구부려 슬레드를 다시 내립니다. | Step:8 원하는 횟수만큼 반복합니다.,https://melo2026.s3.ap-northeast-2.amazonaws.com/workout-images/9n2149Z.webp,weight,5.0,하체,허벅지,머신,슬레드 머신,슬레드 머신
9pa4H5m,밴드 호리젠탈 팔로프 프레스,https://static.exercisedb.dev/media/9pa4H5m.gif,복근,obliques | 둔근,Step:1 허리 높이의 튼튼한 고정 지점에 밴드를 부착합니다. | Step:2 발을 어깨너비로 벌리고 고정 지점에 수직으로 섭니다. | Step:3 양손으로 밴드 핸들을 잡고 밴드에 장력이 생기도록 고정 지점에서 멀리 떨어집니다. | Step:4 팔꿈치를 구부리고 몸에 가깝게 붙인 상태에서 손을 가슴으로 가져옵니다. | Step:5 코어에 힘을 주고 안정적인 자세를 유지합니다. | Step:6 팔을 몸 앞에서 똑바로 뻗어 밴드를 몸에서 멀리 밀어냅니다. | Step:7 코어의 긴장을 유지하는 데 집중하면서 뻗은 자세를 몇 초 동안 유지합니다. | Step:8 밴드의 당김에 저항하면서 손을 천천히 가슴으로 되돌립니다. | Step:9 원하는 횟수만큼 반복합니다.,https://melo2026.s3.ap-northeast-2.amazonaws.com/workout-images/9pa4H5m.webp,weight,5.0,코어,허리 | 복부,밴드,,밴드
9pQSkH8,덤벨 리버스 그립 인클라인 벤치 투 암 로우,https://static.exercisedb.dev/media/9pQSkH8.gif,상부 등,이두근 | 전완근,"Step:1 인클라인 벤치를 45도 각도로 설정합니다. | Step:2 벤치에 앉아 가슴을 등받이에 대고 발을 바닥에 평평하게 댑니다. | Step:3 덤벨을 언더핸드 그립으로 각 손에 잡습니다. | Step:4 앞으로 몸을 기울이고 팔을 완전히 뻗어 아래로 늘어뜨립니다. | Step:5 덤벨을 가슴 쪽으로 당기면서 어깨뼈를 함께 꽉 조입니다. | Step:6 맨 위에서 잠시 멈춘 다음, 천천히 덤벨을 시작 자세로 되돌립니다. | Step:7 원하는 횟수만큼 반복합니다.",https://melo2026.s3.ap-northeast-2.amazonaws.com/workout-images/9pQSkH8.webp,weight,5.0,등,,덤벨,,덤벨
9RT8oQW,벤치 딥 온 플로어,https://static.exercisedb.dev/media/9RT8oQW.gif,삼두근,가슴 | 어깨,Step:1 벤치나 의자 가장자리에 앉아 손가락이 앞을 향하도록 가장자리를 잡습니다. | Step:2 손으로 체중을 지탱하며 엉덩이를 벤치에서 뗍니다. | Step:3 팔꿈치를 구부려 상완이 바닥과 평행이 될 때까지 몸을 내립니다. | Step:4 팔을 펴서 시작 자세로 다시 밀어 올립니다. | Step:5 원하는 횟수만큼 반복합니다.,https://melo2026.s3.ap-northeast-2.amazonaws.com/workout-images/9RT8oQW.webp,weight,3.5,팔,상완,맨몸,,맨몸
9sgNE2O,바벨 딜라인 풀오버,https://static.exercisedb.dev/media/9sgNE2O.gif,대흉근,삼두근 | 어깨,"Step:1 머리가 엉덩이보다 낮게 내려가도록 딜라인 벤치에 눕고 발을 고정합니다. | Step:2 바벨을 손바닥이 몸에서 멀어지도록 잡고 어깨너비보다 약간 넓게 잡습니다. | Step:3 팔꿈치를 약간 구부린 상태로 팔을 가슴 위로 뻗습니다. | Step:4 가슴과 어깨에 스트레칭이 느껴질 때까지 바벨을 머리 뒤쪽으로 호를 그리며 내립니다. | Step:5 잠시 멈춘 다음, 동작을 반대로 하여 바벨을 시작 자세로 되돌립니다. | Step:6 원하는 횟수만큼 반복합니다.",https://melo2026.s3.ap-northeast-2.amazonaws.com/workout-images/9sgNE2O.webp,weight,2.5,가슴,,바벨,,바벨
9Tkqa9O,케틀벨 윈드밀,https://static.exercisedb.dev/media/9Tkqa9O.gif,복근,obliques | 어깨,"Step:1 발을 어깨너비로 벌리고 오른손으로 케틀벨을 머리 위로 듭니다. | Step:2 왼쪽 발을 약 45도 바깥쪽으로 돌리고 오른쪽 발은 앞을 향하게 유지합니다. | Step:3 오른쪽 팔을 머리 위로 뻗은 상태를 유지하고 케틀벨을 주시하며 몸통을 왼쪽으로 구부립니다. | Step:4 오른쪽 팔을 곧게 펴고 왼쪽 팔을 옆으로 뻗은 상태를 유지하면서 몸통을 최대한 내립니다. | Step:5 잠시 멈춘 다음, 오른쪽 발로 밀어 올리고 복사근을 사용하여 시작 자세로 돌아옵니다. | Step:6 원하는 횟수만큼 반복한 다음, 반대쪽으로 전환합니다.",https://melo2026.s3.ap-northeast-2.amazonaws.com/workout-images/9Tkqa9O.webp,weight,5.0,코어,허리 | 복부,케틀벨,,케틀벨
9tvVVM9,플렉서블 케이블 트라이셉스 푸시다운 (V-바),,삼두근,전완근,Step:1 케이블 머신에 V-바 부착물을 가장 높은 설정으로 연결합니다. | Step:2 케이블 머신을 마주보고 서서 발을 어깨너비로 벌립니다. | Step:3 V-바를 오버핸드 그립으로 잡고 손바닥이 아래를 향하게 하며 손은 어깨너비로 벌립니다. | Step:4 팔꿈치를 옆구리에 가깝게 유지하고 운동 내내 상완을 고정합니다. | Step:5 삼두근을 사용하고 숨을 내쉬면서 팔이 완전히 펴질 때까지 V-바를 아래로 누릅니다. 유연한 강도로 수행합니다. | Step:6 동작의 맨 아래에서 잠시 멈추고 삼두근을 꽉 조입니다. | Step:7 숨을 들이쉬면서 V-바를 제어하며 천천히 시작 자세로 되돌립니다. | Step:8 원하는 횟수만큼 반복합니다.,,weight,5.0,팔,상완,케이블 머신,,케이블
9vz4JlC,웨이티드 런지 위드 스윙 트위스티드,,둔근,quadriceps | 햄스트링 | 종아리,Step:1 발을 어깨너비로 벌리고 각 손에 무게를 듭니다. | Step:2 오른쪽 발을 앞으로 내딛으며 런지 자세로 몸을 낮춥니다. | Step:3 앞으로 런지하면서 팔을 곧게 펴고 무게를 앞 위로 스윙합니다. | Step:4 오른쪽 발로 밀고 시작 자세로 돌아오면서 무게를 뒤로 내립니다. | Step:5 (트위스티드 변형) 왼쪽 발로 반복하고 원하는 횟수만큼 다리를 번갈아 가며 계속합니다.,,weight,5.0,하체,허벅지,기타,중량,중량
9WTm7dq,체스트 딥,https://static.exercisedb.dev/media/9WTm7dq.gif,대흉근,삼두근 | 어깨,Step:1 평행봉 위에 서서 팔을 완전히 펴고 몸을 곧게 유지합니다. | Step:2 팔꿈치를 구부려 어깨가 팔꿈치 아래로 내려갈 때까지 몸을 내립니다. | Step:3 팔을 펴서 시작 자세로 다시 밀어 올립니다. | Step:4 원하는 횟수만큼 반복합니다.,https://melo2026.s3.ap-northeast-2.amazonaws.com/workout-images/9WTm7dq.webp,weight,3.5,가슴,,맨몸,,맨몸
9XjtHvS,덤벨 풀오버,https://static.exercisedb.dev/media/9XjtHvS.gif,대흉근,latissimus dorsi | 삼두근,"Step:1 벤치 한쪽 끝에 머리를 두고 발을 바닥에 댄 채 평평하게 눕습니다. | Step:2 양손으로 덤벨을 잡고 팔을 가슴 위로 곧게 뻗습니다. | Step:3 팔꿈치를 약간 구부린 상태를 유지하면서 가슴과 어깨에 스트레칭이 느껴질 때까지 덤벨을 머리 뒤로 천천히 내립니다. | Step:4 잠시 멈춘 다음, 덤벨을 시작 자세로 다시 들어 올립니다. | Step:5 원하는 횟수만큼 반복합니다.",https://melo2026.s3.ap-northeast-2.amazonaws.com/workout-images/9XjtHvS.webp,weight,2.5,가슴,,덤벨,,덤벨
9Z23cLE,바벨 인클라인 벤치 프레스 시티드,,대흉근,어깨 | 삼두근,"Step:1 인클라인 벤치를 45도 각도로 설정합니다. | Step:2 (시티드 변형) 벤치에 누워 발을 바닥에 평평하게 댑니다. | Step:3 바벨을 어깨너비보다 약간 넓게 오버핸드 그립으로 잡습니다. | Step:4 바벨을 언랙하고 팔꿈치를 45도 각도로 유지하면서 천천히 가슴 쪽으로 내립니다. | Step:5 맨 아래에서 잠시 멈춘 다음, 바벨을 시작 자세로 다시 밀어 올립니다. | Step:6 원하는 횟수만큼 반복합니다.",,weight,5.0,가슴,,바벨,,바벨
9ZGnq1w,트라이셉스 딥 (벤치 사이) - 익스트림 변형,,삼두근,가슴 | 어깨,"Step:1 벤치에 앉아 손가락이 앞을 향하도록 벤치 가장자리를 잡습니다. | Step:2 (익스트림 변형) 손으로 체중을 지탱하며 엉덩이를 벤치에서 뗍니다. | Step:3 팔꿈치를 구부려 등을 벤치에 가깝게 유지하면서 몸을 바닥 쪽으로 내립니다. | Step:4 맨 아래에서 잠시 멈춘 다음, 시작 자세로 다시 밀어 올립니다. | Step:5 원하는 횟수만큼 반복합니다.",,weight,3.5,팔,상완,맨몸,,맨몸
9ZGZuOD,인클라인 트위스팅 싯업,https://static.exercisedb.dev/media/9ZGZuOD.gif,복근,obliques,"Step:1 인클라인 벤치를 45도 각도로 설정합니다. | Step:2 발판 아래에 발을 고정하고 벤치에 눕습니다. | Step:3 손을 머리 뒤나 가슴 위에 올립니다. | Step:4 복근을 사용하고 상체를 벤치에서 들어 올려 앞으로 구부립니다. | Step:5 위로 구부리면서 몸통을 한쪽으로 비틀어 팔꿈치를 반대쪽 무릎 쪽으로 가져옵니다. | Step:6 맨 위에서 잠시 멈춘 다음, 상체를 천천히 시작 자세로 되돌립니다. | Step:7 이번에는 몸통을 다른 쪽으로 비틀면서 동작을 반복합니다. | Step:8 원하는 횟수만큼 번갈아 가며 계속합니다.",https://melo2026.s3.ap-northeast-2.amazonaws.com/workout-images/9ZGZuOD.webp,weight,3.5,코어,허리 | 복부,맨몸,,맨몸
A2upspL,원 레그 돈키 카프 레이즈,https://static.exercisedb.dev/media/A2upspL.gif,종아리,햄스트링 | 둔근,"Step:1 발을 어깨너비로 벌리고 발가락이 앞을 향하도록 섭니다. | Step:2 벽이나 바와 같이 안정적인 표면에 손을 대고 지지합니다. | Step:3 무릎을 약간 구부린 상태로 한쪽 다리를 들어 올립니다. | Step:4 종아리 근육을 사용하여 발뒤꿈치를 최대한 높이 들어 올립니다. | Step:5 맨 위에서 잠시 멈춘 다음, 발뒤꿈치를 천천히 다시 내립니다. | Step:6 원하는 횟수만큼 반복한 다음, 반대쪽 다리로 전환합니다.",https://melo2026.s3.ap-northeast-2.amazonaws.com/workout-images/A2upspL.webp,weight,3.5,하체,종아리,맨몸,,맨몸
A3P4O0R,케이블 시티드 로우 위드 리버스,,상부 등,이두근 | 전완근,"Step:1 발을 발판에 평평하게 대고 무릎을 약간 구부린 상태로 케이블 로우 머신에 앉습니다. | Step:2 등은 곧게 펴고 어깨는 편안하게 유지하면서 핸들을 오버핸드 그립으로 잡습니다. | Step:3 핸들을 몸 쪽으로 당기면서 어깨뼈를 함께 꽉 조입니다. 리버스 동작에 집중합니다. | Step:4 동작의 최고점에서 잠시 멈춘 다음, 핸들을 천천히 시작 자세로 되돌립니다. | Step:5 원하는 횟수만큼 반복합니다.",,weight,5.0,등,,케이블 머신,,케이블
a4F9Oyc,케틀벨 더블 얼터네이팅 행 클린,https://static.exercisedb.dev/media/a4F9Oyc.gif,이두근,전완근 | 어깨,Step:1 발을 어깨너비로 벌리고 각 손에 케틀벨을 오버핸드 그립으로 잡고 섭니다. | Step:2 무릎을 약간 구부리고 등을 곧게 펴고 가슴을 들어 올린 상태에서 엉덩이에서 몸을 앞으로 숙입니다. | Step:3 케틀벨을 몸 앞쪽으로 똑바로 늘어뜨립니다. | Step:4 한 번의 유동적인 동작으로 엉덩이와 무릎을 폭발적으로 펴면서 어깨를 으쓱합니다. | Step:5 케틀벨이 올라오면서 팔꿈치를 높이 들고 옆으로 벌린 상태를 유지하며 어깨 쪽으로 당깁니다. | Step:6 케틀벨을 어깨 높이에서 잡고 손바닥은 안쪽을 향하게 하고 팔꿈치는 앞을 향하게 합니다. | Step:7 케틀벨을 시작 자세로 되돌리고 원하는 횟수만큼 반복합니다.,https://melo2026.s3.ap-northeast-2.amazonaws.com/workout-images/a4F9Oyc.webp,weight,5.0,팔,상완,케틀벨,,케틀벨
A6wtbuL,덤벨 스탠딩 오버헤드 프레스,https://static.exercisedb.dev/media/A6wtbuL.gif,삼각근,삼두근 | 상부 등,"Step:1 발을 어깨너비로 벌리고 각 손에 덤벨을 어깨 높이에서 손바닥이 앞을 향하도록 잡고 섭니다. | Step:2 팔이 머리 위로 완전히 펴질 때까지 덤벨을 위로 누릅니다. | Step:3 맨 위에서 잠시 멈춘 다음, 덤벨을 천천히 어깨 높이로 되돌립니다. | Step:4 원하는 횟수만큼 반복합니다.",https://melo2026.s3.ap-northeast-2.amazonaws.com/workout-images/A6wtbuL.webp,weight,5.0,어깨,,덤벨,,덤벨
a8VDgLw,스테이셔너리 바이크 워크,https://static.exercisedb.dev/media/a8VDgLw.gif,심폐 지구력,quadriceps | 햄스트링 | 종아리,Step:1 스테이셔너리 바이크의 안장 높이와 위치를 조절하여 올바른 정렬을 확인합니다. | Step:2 페달에 발을 올리고 가능한 경우 스트랩으로 고정합니다. | Step:3 허리를 곧게 펴고 코어를 고정한 상태에서 편안한 속도로 페달을 밟기 시작합니다. | Step:4 꾸준한 리듬을 유지하고 원하는 경우 저항 수준을 높입니다. | Step:5 원하는 시간 동안 유산소 운동을 위해 페달을 계속 밟습니다. | Step:6 점차 속도와 저항 수준을 줄여 쿨다운합니다. | Step:7 운동 후 다리 근육을 스트레칭하여 긴장을 방지하고 회복을 촉진합니다.,https://melo2026.s3.ap-northeast-2.amazonaws.com/workout-images/a8VDgLw.webp,cardio,2.5,유산소,,머신,레버리지 머신,레버리지 머신
A9qxk2F,아처 푸시업,https://static.exercisedb.dev/media/A9qxk2F.gif,대흉근,삼두근 | 어깨 | 코어,"Step:1 손을 어깨너비보다 약간 넓게 벌리고 푸시업 자세를 취합니다. | Step:2 한쪽 팔을 지면과 평행하게 옆으로 쭉 뻗습니다. | Step:3 팔꿈치를 구부려 몸을 낮추고, 허리를 곧게 펴고 코어를 고정합니다. | Step:4 시작 자세로 다시 밀어 올립니다. | Step:5 반대쪽 팔을 옆으로 뻗어 반대쪽에서 반복합니다. | Step:6 원하는 횟수만큼 번갈아 가며 반복합니다.",https://melo2026.s3.ap-northeast-2.amazonaws.com/workout-images/A9qxk2F.webp,weight,3.5,가슴,,맨몸,,맨몸
aaxA3cm,스미스 리버스 그립 벤트 오버 로우,https://static.exercisedb.dev/media/aaxA3cm.gif,상부 등,이두근 | 전완근,"Step:1 스미스 머신의 바를 엉덩이 높이로 설정합니다. | Step:2 발을 어깨너비로 벌리고 바를 향해 섭니다. | Step:3 무릎을 살짝 구부리고 허리를 곧게 편 상태에서 엉덩이를 뒤로 접습니다. | Step:4 손을 어깨너비로 벌리고 언더핸드 그립으로 바를 잡습니다. | Step:5 견갑골을 함께 조이면서 바를 하부 가슴 쪽으로 당깁니다. | Step:6 상단에서 잠시 멈춘 후, 천천히 바를 시작 자세로 되돌립니다. | Step:7 원하는 횟수만큼 반복합니다.",https://melo2026.s3.ap-northeast-2.amazonaws.com/workout-images/aaxA3cm.webp,weight,5.0,등,,스미스 머신,,스미스 머신
aaXr7ld,레버 T 바 로우,https://static.exercisedb.dev/media/aaXr7ld.gif,상부 등,이두근 | 전완근,"Step:1 올바른 정렬을 위해 좌석 높이와 발판 위치를 조절합니다. | Step:2 가슴을 패드에 대고 발을 발판에 평평하게 댄 상태로 기구에 앉습니다. | Step:3 손을 어깨너비보다 약간 넓게 벌리고 오버핸드 그립으로 손잡이를 잡습니다. | Step:4 허리를 곧게 펴고 코어를 고정합니다. | Step:5 견갑골을 함께 조이면서 손잡이를 몸통 쪽으로 당깁니다. | Step:6 최대 수축 지점에서 잠시 멈춘 후, 천천히 손잡이를 시작 자세로 되돌립니다. | Step:7 원하는 횟수만큼 반복합니다.",https://melo2026.s3.ap-northeast-2.amazonaws.com/workout-images/aaXr7ld.webp,weight,5.0,등,,머신,레버리지 머신,레버리지 머신
aDoFKrE,메디신 볼 체스트 패스,https://static.exercisedb.dev/media/aDoFKrE.gif,대흉근,어깨 | 삼두근,Step:1 발을 어깨너비로 벌리고 서서 메디신 볼을 가슴 높이로 잡습니다. | Step:2 팔을 앞으로 뻗어 힘차게 메디신 볼을 가슴에서 밀어냅니다. | Step:3 공을 놓으면서 팔과 몸통으로 따라가며 체중을 뒷발에서 앞발로 옮깁니다. | Step:4 벽이나 파트너에게서 튕겨 나오는 공을 잡고 즉시 동작을 반복합니다. | Step:5 원하는 횟수만큼 반복합니다.,https://melo2026.s3.ap-northeast-2.amazonaws.com/workout-images/aDoFKrE.webp,weight,5.0,가슴,,기타,메디신볼,메디신볼
AdxxqfF,바벨 스탠딩 리버스 그립 컬 레지스탕스,,이두근,전완근,Step:1 발을 어깨너비로 벌리고 똑바로 서서 손바닥이 위를 향하도록 언더핸드 그립으로 바벨을 잡습니다. | Step:2 팔꿈치를 몸통 가까이에 두고 상완을 고정합니다. | Step:3 숨을 내쉬면서 이두근을 수축하며 바벨을 어깨에 최대한 가깝게 들어 올립니다. | Step:4 이두근을 꽉 조이면서 수축된 자세를 잠시 유지합니다. | Step:5 숨을 들이쉬면서 천천히 바벨을 시작 자세로 되돌립니다. | Step:6 원하는 횟수만큼 반복합니다. 저항 움직임에 집중합니다.,,weight,5.0,팔,상완,바벨,,바벨
ae9UoXQ,덤벨 인클라인 컬,https://static.exercisedb.dev/media/ae9UoXQ.gif,이두근,전완근,Step:1 인클라인 벤치를 45도 각도로 설정하고 각 손에 덤벨을 쥔 채 앉아 손바닥이 앞을 향하도록 합니다. | Step:2 상완을 인클라인 벤치에 대고 팔꿈치가 아래로 늘어지도록 하여 팔을 완전히 뻗습니다. | Step:3 상완을 고정한 상태에서 숨을 내쉬면서 이두근을 수축하며 덤벨을 들어 올립니다. | Step:4 이두근이 완전히 수축되고 덤벨이 어깨 높이에 올 때까지 덤벨을 계속 들어 올립니다. | Step:5 이두근을 꽉 조이면서 수축된 자세를 잠시 유지합니다. | Step:6 숨을 들이쉬면서 천천히 덤벨을 시작 자세로 되돌리기 시작합니다. | Step:7 원하는 횟수만큼 반복합니다.,https://melo2026.s3.ap-northeast-2.amazonaws.com/workout-images/ae9UoXQ.webp,weight,5.0,팔,상완,덤벨,,덤벨
aee2Fcj,바벨 바이셉스 컬 (암 블래스터 사용),https://static.exercisedb.dev/media/aee2Fcj.gif,이두근,전완근,Step:1 발을 어깨너비로 벌리고 똑바로 서서 손바닥이 위를 향하도록 언더핸드 그립으로 바벨을 잡습니다. | Step:2 팔꿈치를 몸통 가까이에 두고 상완을 암 블래스터에 댑니다. | Step:3 상완을 고정한 상태에서 숨을 내쉬면서 이두근을 수축하며 바벨을 들어 올립니다. | Step:4 이두근이 완전히 수축되고 바가 어깨 높이에 올 때까지 바벨을 계속 들어 올립니다. | Step:5 이두근을 꽉 조이면서 수축된 자세를 잠시 유지합니다. | Step:6 숨을 들이쉬면서 천천히 바벨을 시작 자세로 되돌리기 시작합니다. | Step:7 원하는 횟수만큼 반복합니다.,https://melo2026.s3.ap-northeast-2.amazonaws.com/workout-images/aee2Fcj.webp,weight,5.0,팔,상완,바벨,,바벨
Af0EW2I,머슬업 (수직 바),https://static.exercisedb.dev/media/Af0EW2I.gif,광배근,이두근 | 삼두근 | 전완근,"Step:1 손바닥이 몸에서 멀어지도록 하고 팔을 완전히 뻗은 상태에서 수직 바에 매달려 시작합니다. | Step:2 코어를 고정하고 가슴을 리드하며 몸을 바 쪽으로 당깁니다. | Step:3 몸을 당기면서 약간 뒤로 기울이고 팔꿈치를 옆구리 쪽으로 가져옵니다. | Step:4 가슴이 바에 닿고 팔꿈치가 완전히 구부러질 때까지 계속 당깁니다. | Step:5 상단에서 잠시 멈춘 후, 천천히 시작 자세로 되돌립니다. | Step:6 원하는 횟수만큼 반복합니다.",https://melo2026.s3.ap-northeast-2.amazonaws.com/workout-images/Af0EW2I.webp,weight,3.5,등,,맨몸,,맨몸
afv0ZAS,업라이트 스미스 인클라인 벤치 프레스,,대흉근,어깨 | 삼두근,"Step:1 벤치를 30-45도 경사로 조절합니다. | Step:2 발을 땅에 단단히 고정하고 등을 패드에 평평하게 대고 벤치에 앉습니다. | Step:3 손을 어깨너비보다 약간 넓게 벌리고 오버핸드 그립으로 바벨을 잡습니다. 업라이트 강도로 수행합니다. | Step:4 바벨을 언랙하고 팔꿈치를 살짝 안으로 당기면서 천천히 상부 가슴 쪽으로 내립니다. | Step:5 하단에서 잠시 멈춘 후, 팔을 완전히 뻗어 바벨을 시작 자세로 다시 밀어 올립니다. | Step:6 원하는 횟수만큼 반복합니다.",,weight,5.0,가슴,,스미스 머신,,스미스 머신
aHDy5O5,밴드 Y-레이즈,https://static.exercisedb.dev/media/aHDy5O5.gif,삼각근,승모근 | rhomboids,Step:1 발을 어깨너비로 벌리고 손바닥이 안쪽을 향하도록 허벅지 앞에서 밴드를 잡습니다. | Step:2 팔을 곧게 펴고 몸과 'Y'자 모양을 이루도록 옆으로 들어 올립니다. | Step:3 동작 상단에서 견갑골을 함께 조입니다. | Step:4 팔을 천천히 시작 자세로 되돌립니다. | Step:5 원하는 횟수만큼 반복합니다.,https://melo2026.s3.ap-northeast-2.amazonaws.com/workout-images/aHDy5O5.webp,weight,5.0,어깨,,밴드,,밴드
ainizkb,덤벨 업라이트 로우,https://static.exercisedb.dev/media/ainizkb.gif,삼각근,승모근 | 이두근,"Step:1 발을 어깨너비로 벌리고 서서 각 손에 덤벨을 오버핸드 그립으로 잡습니다. | Step:2 팔을 완전히 뻗은 상태로 덤벨을 허벅지 앞에서 늘어뜨립니다. | Step:3 허리를 곧게 펴고 코어를 고정한 상태에서 숨을 내쉬며 팔꿈치를 리드하여 덤벨을 턱 쪽으로 똑바로 들어 올립니다. | Step:4 상단에서 잠시 멈춘 후, 숨을 들이쉬면서 천천히 덤벨을 시작 자세로 되돌립니다. | Step:5 원하는 횟수만큼 반복합니다.",https://melo2026.s3.ap-northeast-2.amazonaws.com/workout-images/ainizkb.webp,weight,5.0,어깨,,덤벨,,덤벨
Aj9vWh7,아이솔레이션 어시스티드 시티드 펙토랄리스 메이저 스트레치 위드 스태빌리티 볼,,대흉근,어깨 | 삼두근,"Step:1 발을 땅에 평평하게 대고 허리를 곧게 편 상태로 스태빌리티 볼에 앉습니다. | Step:2 양손으로 스태빌리티 볼을 잡고 팔을 앞으로 쭉 뻗습니다. | Step:3 스태빌리티 볼을 천천히 가슴 쪽으로 내리면서 가슴 근육의 스트레칭을 느낍니다. | Step:4 스트레칭을 몇 초간 유지한 후, 천천히 시작 자세로 돌아갑니다. 아이솔레이션 컨트롤을 강조합니다. | Step:5 원하는 횟수만큼 반복합니다.",,weight,2.5,가슴,,기타,보조 기구,보조 기구
Al3tP0D,메디신 볼 수파인 체스트 스로우,https://static.exercisedb.dev/media/Al3tP0D.gif,삼두근,가슴 | 어깨,Step:1 무릎을 구부리고 발을 땅에 평평하게 댄 상태로 벤치에 등을 대고 눕습니다. | Step:2 양손으로 메디신 볼을 잡고 팔을 가슴 위로 쭉 뻗습니다. | Step:3 팔꿈치를 몸 가까이에 두고 메디신 볼을 가슴 쪽으로 내립니다. | Step:4 팔을 완전히 뻗어 공을 최대한 높이 던지면서 메디신 볼을 폭발적으로 위로 밀어냅니다. | Step:5 메디신 볼을 잡고 원하는 횟수만큼 반복합니다.,https://melo2026.s3.ap-northeast-2.amazonaws.com/workout-images/Al3tP0D.webp,weight,5.0,팔,상완,기타,메디신볼,메디신볼
Am02iPd,덤벨 원 암 플라이 온 엑서사이즈 볼,https://static.exercisedb.dev/media/Am02iPd.gif,대흉근,어깨 | 삼두근,"Step:1 한 손에 덤벨을 쥐고 발을 땅에 평평하게 댄 상태로 엑서사이즈 볼에 앉습니다. | Step:2 발을 앞으로 걷고 상체가 엑서사이즈 볼에 닿을 때까지 몸을 굴립니다. | Step:3 덤벨을 쥔 팔을 가슴 위로 똑바로 뻗고 손바닥이 안쪽을 향하도록 합니다. | Step:4 팔꿈치를 살짝 구부린 상태를 유지하면서 덤벨을 천천히 옆으로 내립니다. | Step:5 잠시 멈춘 후, 가슴 근육을 수축하여 덤벨을 시작 자세로 되돌립니다. | Step:6 원하는 횟수만큼 반복한 후 팔을 바꿉니다.",https://melo2026.s3.ap-northeast-2.amazonaws.com/workout-images/Am02iPd.webp,weight,5.0,가슴,,덤벨,,덤벨
ANbbry2,로워 백 컬,https://static.exercisedb.dev/media/ANbbry2.gif,척추,둔근 | 햄스트링,Step:1 바닥에 배를 대고 엎드려 다리를 뻗고 팔을 옆에 둡니다. | Step:2 둔근과 햄스트링을 사용하여 상체를 천천히 들어 올리고 등을 위로 컬링합니다. | Step:3 맨 위에서 잠시 멈춘 다음 상체를 천천히 시작 위치로 다시 내립니다. | Step:4 원하는 횟수만큼 반복합니다.,https://melo2026.s3.ap-northeast-2.amazonaws.com/workout-images/ANbbry2.webp,weight,3.5,등,,맨몸,,맨몸
AQ0mC4Y,덤벨 풀 캔 레터럴 레이즈,https://static.exercisedb.dev/media/AQ0mC4Y.gif,삼각근,승모근 | rotator cuff,Step:1 발을 어깨너비로 벌리고 서서 각 손에 덤벨을 잡고 손바닥이 몸을 향하도록 합니다. | Step:2 등을 곧게 펴고 코어를 사용합니다. | Step:3 팔꿈치를 살짝 구부린 상태를 유지하면서 팔을 옆으로 들어 올려 바닥과 평행이 될 때까지 올립니다. | Step:4 맨 위에서 잠시 멈춘 다음 팔을 천천히 시작 위치로 다시 내립니다. | Step:5 원하는 횟수만큼 반복합니다.,https://melo2026.s3.ap-northeast-2.amazonaws.com/workout-images/AQ0mC4Y.webp,weight,5.0,어깨,,덤벨,,덤벨
AQIhRjM,라잉 엘보우 투 니,https://static.exercisedb.dev/media/AQIhRjM.gif,복근,고관절 굴곡근 | lower back,Step:1 등을 대고 누워 무릎을 구부리고 발을 바닥에 평평하게 댑니다. | Step:2 손을 머리 뒤에 놓고 팔꿈치를 바깥쪽으로 향하게 합니다. | Step:3 복근을 사용하여 상체를 들어 올리고 오른쪽 팔꿈치를 왼쪽 무릎 쪽으로 가져옵니다. | Step:4 동시에 오른쪽 다리를 똑바로 뻗어 들어 올립니다. | Step:5 잠시 멈춘 다음 시작 위치로 돌아갑니다. | Step:6 이번에는 왼쪽 팔꿈치를 오른쪽 무릎 쪽으로 가져오고 왼쪽 다리를 뻗으면서 동작을 반복합니다. | Step:7 원하는 횟수만큼 번갈아 가며 반복합니다.,https://melo2026.s3.ap-northeast-2.amazonaws.com/workout-images/AQIhRjM.webp,weight,3.5,코어,허리 | 복부,맨몸,,맨몸
aqvSOQE,케이블 크로스오버 리버스 플라이,https://static.exercisedb.dev/media/aqvSOQE.gif,삼각근,rhomboids | trapezius,Step:1 각 로우 풀리 케이블에 D-핸들을 부착하고 케이블 크로스오버 머신 중앙에 섭니다. | Step:2 핸들을 잡고 손바닥이 아래를 향하도록 하여 앞으로 한 걸음 나아가 발을 어깨너비로 벌립니다. | Step:3 무릎을 살짝 구부리고 허리를 앞으로 숙여 등을 곧게 펴고 복근을 사용합니다. | Step:4 팔을 옆으로 뻗고 팔꿈치를 살짝 구부린 상태에서 숨을 내쉬며 견갑골을 모아 케이블을 리버스 플라이 동작으로 뒤로 위로 당깁니다. | Step:5 최대 수축 지점에서 잠시 멈춘 다음 숨을 들이쉬며 천천히 시작 위치로 돌아갑니다. | Step:6 원하는 횟수만큼 반복합니다.,https://melo2026.s3.ap-northeast-2.amazonaws.com/workout-images/aqvSOQE.webp,weight,5.0,어깨,,케이블 머신,,케이블
AR0ig3o,플렉션 레그 싯업 (벤트 니),https://static.exercisedb.dev/media/AR0ig3o.gif,복근,고관절 굴곡근,Step:1 등을 대고 누워 무릎을 구부리고 발을 바닥에 평평하게 댑니다. | Step:2 손을 머리 뒤에 놓고 팔꿈치를 바깥쪽으로 향하게 합니다. | Step:3 복근을 사용하여 상체를 천천히 들어 올리고 상체가 45도 각도가 될 때까지 앞으로 컬링합니다. | Step:4 동시에 다리를 들어 올려 무릎을 구부리고 가슴 쪽으로 가져옵니다. | Step:5 맨 위에서 잠시 멈춘 다음 상체와 다리를 천천히 시작 위치로 다시 내립니다. | Step:6 원하는 횟수만큼 반복합니다.,https://melo2026.s3.ap-northeast-2.amazonaws.com/workout-images/AR0ig3o.webp,weight,3.5,코어,허리 | 복부,맨몸,,맨몸
arsYEd3,밴드 원 암 싱글 레그 스플릿 스쿼트,https://static.exercisedb.dev/media/arsYEd3.gif,대퇴사두근,둔근 | 햄스트링,Step:1 발을 엉덩이 너비로 벌리고 서서 발목 주위에 저항 밴드를 두릅니다. | Step:2 한쪽 다리를 앞으로 뻗고 발등을 뒤쪽 벤치나 계단에 댑니다. | Step:3 균형을 잡기 위해 한 손으로 지지대를 잡습니다. | Step:4 서 있는 다리를 구부리고 무릎이 발가락과 일직선이 되도록 몸을 스쿼트 자세로 내립니다. | Step:5 발뒤꿈치로 밀어 시작 위치로 돌아갑니다. | Step:6 원하는 횟수만큼 반복한 다음 다리를 바꿉니다.,https://melo2026.s3.ap-northeast-2.amazonaws.com/workout-images/arsYEd3.webp,weight,5.0,하체,허벅지,밴드,,밴드
arvaszz,모디파이드 푸시업 투 로워 암스,https://static.exercisedb.dev/media/arvaszz.gif,전완근,삼두근 | 가슴 | 어깨,Step:1 푸시업 자세로 시작하여 손을 어깨 바로 아래에 두고 몸을 일직선으로 만듭니다. | Step:2 팔꿈치를 옆구리에 가깝게 유지하면서 팔꿈치를 구부려 몸을 바닥 쪽으로 내립니다. | Step:3 팔꿈치가 90도 각도가 되면 팔꿈치가 어깨 바로 아래에 있도록 전완을 바닥으로 내립니다. | Step:4 잠시 멈춘 다음 손바닥으로 밀어 전완을 시작 위치로 다시 들어 올립니다. | Step:5 원하는 횟수만큼 반복합니다.,https://melo2026.s3.ap-northeast-2.amazonaws.com/workout-images/arvaszz.webp,weight,3.5,팔,전완,맨몸,,맨몸
aTNKZiC,덤벨 인클라인 원 암 레터럴 레이즈,https://static.exercisedb.dev/media/aTNKZiC.gif,삼각근,trapezius | 삼두근,Step:1 인클라인 벤치에 앉아 한 손에 덤벨을 잡고 허벅지에 댑니다. | Step:2 앞으로 기울여 윗팔을 허벅지 안쪽에 댑니다. | Step:3 팔을 살짝 구부리고 손바닥이 아래를 향하도록 하여 덤벨을 옆으로 들어 올립니다. | Step:4 팔이 바닥과 평행이 될 때까지 계속 들어 올립니다. | Step:5 맨 위에서 잠시 멈춘 다음 덤벨을 천천히 시작 위치로 다시 내립니다. | Step:6 원하는 횟수만큼 반복한 다음 다른 팔로 바꿉니다.,https://melo2026.s3.ap-northeast-2.amazonaws.com/workout-images/aTNKZiC.webp,weight,5.0,어깨,,덤벨,,덤벨
aumB2IV,어시스티드 싯업,https://static.exercisedb.dev/media/aumB2IV.gif,복근,고관절 굴곡근,Step:1 벤치 가장자리에 앉거나 누군가 발을 잡아주도록 합니다. | Step:2 등을 대고 누워 무릎을 구부리고 발을 바닥에 평평하게 댑니다. | Step:3 손을 머리 뒤에 놓고 팔꿈치를 바깥쪽으로 향하게 합니다. | Step:4 복근을 사용하여 상체를 천천히 들어 올리고 상체가 45도 각도가 될 때까지 앞으로 컬링합니다. | Step:5 맨 위에서 잠시 멈춘 다음 상체를 천천히 시작 위치로 다시 내립니다. | Step:6 원하는 횟수만큼 반복합니다.,https://melo2026.s3.ap-northeast-2.amazonaws.com/workout-images/aumB2IV.webp,weight,3.5,코어,허리 | 복부,기타,보조 기구,보조 기구
aVs3BR3,케이블 트위스트,https://static.exercisedb.dev/media/aVs3BR3.gif,복근,obliques,Step:1 발을 어깨너비로 벌리고 서서 케이블 머신을 향합니다. | Step:2 양손으로 케이블 핸들을 가슴 앞에서 잡고 팔을 살짝 구부립니다. | Step:3 코어를 사용하고 몸통을 오른쪽으로 비틀어 케이블을 몸을 가로질러 당깁니다. | Step:4 동작 끝에서 잠시 멈추고 복근과 복사근의 수축을 느낍니다. | Step:5 케이블의 당김에 저항하며 천천히 시작 위치로 돌아갑니다. | Step:6 왼쪽으로 동작을 반복합니다. | Step:7 원하는 횟수만큼 번갈아 가며 반복합니다.,https://melo2026.s3.ap-northeast-2.amazonaws.com/workout-images/aVs3BR3.webp,weight,5.0,코어,허리 | 복부,케이블 머신,,케이블
AwAIlSo,스퀘어드 리버스 그립 머신 랫 풀다운,,광배근,이두근 | 전완근,Step:1 시트 높이를 조절하고 무릎을 패드 아래에 두고 발을 바닥에 평평하게 댄 상태로 머신에 앉습니다. | Step:2 핸들을 어깨너비보다 약간 넓게 언더핸드 그립으로 잡습니다. | Step:3 가슴을 내밀고 어깨를 뒤로 젖힌 상태로 똑바로 앉아 허리에 약간의 아치를 유지합니다. | Step:4 핸들을 가슴 쪽으로 당기면서 견갑골을 모읍니다. 전체적으로 스퀘어드 자세를 유지합니다. | Step:5 동작 하단에서 잠시 멈춘 다음 핸들을 천천히 시작 위치로 다시 놓습니다. | Step:6 원하는 횟수만큼 반복합니다.,,weight,5.0,등,,머신,레버리지 머신,레버리지 머신
aWedzZX,글루트 브릿지 투 레그 온 벤치 (남성),https://static.exercisedb.dev/media/aWedzZX.gif,둔근,햄스트링 | 코어,Step:1 벤치 가장자리에 앉아 등을 대고 발을 바닥에 평평하게 댑니다. | Step:2 엉덩이 옆 벤치에 손을 대고 지지합니다. | Step:3 둔근과 햄스트링을 사용하여 엉덩이를 벤치에서 들어 올려 무릎부터 어깨까지 몸이 일직선이 되도록 합니다. | Step:4 맨 위에서 잠시 멈춘 다음 엉덩이를 천천히 시작 위치로 다시 내립니다. | Step:5 원하는 횟수만큼 반복합니다.,https://melo2026.s3.ap-northeast-2.amazonaws.com/workout-images/aWedzZX.webp,weight,3.5,하체,허벅지,맨몸,,맨몸
awG04cF,핑거 컬,https://static.exercisedb.dev/media/awG04cF.gif,전완근,wrist flexors | grip muscles,Step:1 벤치에 앉아 발을 바닥에 평평하게 대고 손바닥이 위를 향하도록 언더핸드 그립으로 바벨을 잡습니다. | Step:2 전완을 허벅지에 대고 손목이 가장자리에서 벗어나도록 합니다. | Step:3 손가락을 손바닥 쪽으로 천천히 컬링하며 바벨을 단단히 쥡니다. | Step:4 수축을 잠시 유지한 다음 손가락을 천천히 시작 위치로 다시 풉니다. | Step:5 원하는 횟수만큼 반복합니다.,https://melo2026.s3.ap-northeast-2.amazonaws.com/workout-images/awG04cF.webp,weight,5.0,팔,전완,바벨,,바벨
AX1kB0o,트위스트 힙 리프트,https://static.exercisedb.dev/media/AX1kB0o.gif,둔근,obliques | 햄스트링,Step:1 등을 대고 누워 무릎을 구부리고 발을 바닥에 평평하게 댑니다. | Step:2 지지를 위해 손을 옆에 둡니다. | Step:3 둔근을 사용하여 엉덩이를 들어 올려 무릎부터 어깨까지 일직선이 되도록 합니다. | Step:4 엉덩이를 들어 올린 상태를 유지하면서 하체를 오른쪽으로 비틀어 무릎을 바닥 쪽으로 가져옵니다. | Step:5 시작 위치로 돌아가서 왼쪽으로 비트는 것을 반복합니다. | Step:6 원하는 횟수만큼 번갈아 가며 비틀기를 계속합니다.,https://melo2026.s3.ap-northeast-2.amazonaws.com/workout-images/AX1kB0o.webp,weight,3.5,하체,허벅지,맨몸,,맨몸
aXcUyKb,케틀벨 원 암 스내치,https://static.exercisedb.dev/media/aXcUyKb.gif,삼각근,trapezius | 전완근 | 코어,Step:1 발을 어깨너비로 벌리고 서서 다리 사이에 케틀벨을 한 손으로 잡습니다. | Step:2 무릎을 살짝 구부리고 엉덩이를 힌지하여 케틀벨을 바닥 쪽으로 내립니다. | Step:3 엉덩이와 무릎을 폭발적으로 펴서 운동량으로 케틀벨을 어깨 쪽으로 휘두릅니다. | Step:4 케틀벨이 어깨 높이에 도달하면 손을 돌려 팔을 완전히 펴면서 머리 위로 똑바로 펀치합니다. | Step:5 케틀벨을 다시 다리 사이로 내리고 원하는 횟수만큼 반복합니다.,https://melo2026.s3.ap-northeast-2.amazonaws.com/workout-images/aXcUyKb.webp,weight,5.0,어깨,,케틀벨,,케틀벨
AxFoqAD,핵 원 레그 카프 레이즈,https://static.exercisedb.dev/media/AxFoqAD.gif,종아리,햄스트링 | 둔근,"Step:1 슬레드 머신을 적절한 무게로 조절합니다. | Step:2 다른 발은 땅에서 뗀 상태로, 한 발로 슬레드 머신 위에 섭니다. | Step:3 안정성을 위해 손잡이를 잡습니다. | Step:4 발 앞꿈치로 몸을 들어 올려 발뒤꿈치를 최대한 높이 올립니다. | Step:5 맨 위에서 잠시 멈춘 후, 발뒤꿈치를 천천히 시작 자세로 내립니다. | Step:6 원하는 횟수만큼 반복합니다. | Step:7 다리를 바꿔서 운동을 반복합니다.",https://melo2026.s3.ap-northeast-2.amazonaws.com/workout-images/AxFoqAD.webp,weight,5.0,하체,종아리,머신,슬레드 머신,슬레드 머신
aXtJhlg,덤벨 스텝업,https://static.exercisedb.dev/media/aXtJhlg.gif,둔근,quadriceps | 햄스트링 | 종아리,"Step:1 각 손에 덤벨을 들고 몸쪽으로 손바닥을 향하게 한 채 벤치나 계단 앞에 섭니다. | Step:2 오른발을 벤치나 계단 위에 올려놓고, 발 전체가 표면에 닿도록 합니다. | Step:3 오른쪽 발뒤꿈치로 밀면서 몸을 벤치나 계단 위로 들어 올려 오른쪽 다리를 폅니다. | Step:4 왼발을 벤치나 계단 위로 올려 완전히 똑바로 섭니다. | Step:5 왼발부터 시작 자세로 돌아가기 위해 뒤로 내리고, 이어서 오른발을 내립니다. | Step:6 원하는 횟수만큼 반복한 후 다리를 바꿉니다.",https://melo2026.s3.ap-northeast-2.amazonaws.com/workout-images/aXtJhlg.webp,weight,5.0,하체,허벅지,덤벨,,덤벨
ayAHcEm,스미스 인클라인 숄더 레이즈,https://static.exercisedb.dev/media/ayAHcEm.gif,전거근,deltoids | trapezius,"Step:1 스미스 머신을 인클라인 각도로 조절합니다. | Step:2 발을 어깨너비로 벌리고 기구를 향해 섭니다. | Step:3 어깨너비보다 약간 넓게 오버핸드 그립으로 바를 잡습니다. | Step:4 등을 곧게 펴고 코어를 고정합니다. | Step:5 팔꿈치를 먼저 사용하여 바벨을 천장 쪽으로 들어 올립니다. | Step:6 맨 위에서 잠시 멈춘 후, 바벨을 천천히 시작 자세로 내립니다. | Step:7 원하는 횟수만큼 반복합니다.",https://melo2026.s3.ap-northeast-2.amazonaws.com/workout-images/ayAHcEm.webp,weight,5.0,가슴,,스미스 머신,,스미스 머신
B1EVP9F,인클라인 푸시업,https://static.exercisedb.dev/media/B1EVP9F.gif,대흉근,삼두근 | 어깨,"Step:1 어깨너비보다 약간 넓게 팔을 벌려 벤치나 계단과 같은 높은 표면에 손을 댑니다. | Step:2 머리부터 발뒤꿈치까지 일직선이 되도록 다리를 뒤로 뻗고 발 앞꿈치로 지탱합니다. | Step:3 몸을 일직선으로 유지하면서 팔꿈치를 구부려 가슴을 높은 표면 쪽으로 내립니다. | Step:4 맨 아래에서 잠시 멈춘 후, 팔을 펴서 시작 자세로 밀어 올립니다. | Step:5 원하는 횟수만큼 반복합니다.",https://melo2026.s3.ap-northeast-2.amazonaws.com/workout-images/B1EVP9F.webp,weight,3.5,가슴,,맨몸,,맨몸
b2Uoz54,바벨 프론트 레이즈,https://static.exercisedb.dev/media/b2Uoz54.gif,삼각근,이두근 | 삼두근,"Step:1 발을 어깨너비로 벌리고 서서 허벅지 앞에 바벨을 오버핸드 그립으로 잡습니다. | Step:2 팔을 곧게 펴고 바벨을 어깨 높이까지 앞으로 들어 올립니다. | Step:3 맨 위에서 잠시 멈춘 후, 바벨을 천천히 시작 자세로 내립니다. | Step:4 원하는 횟수만큼 반복합니다.",https://melo2026.s3.ap-northeast-2.amazonaws.com/workout-images/b2Uoz54.webp,weight,5.0,어깨,,바벨,,바벨
B3Rxp6L,덤벨 인클라인 브리딩,https://static.exercisedb.dev/media/B3Rxp6L.gif,대흉근,어깨 | 삼두근,"Step:1 인클라인 벤치를 45도 각도로 설정합니다. | Step:2 발을 땅에 대고 벤치에 앉아 등을 패드에 기대고 눕습니다. | Step:3 각 손에 덤벨을 오버핸드 그립으로 잡고 손바닥을 앞으로 향하게 합니다. | Step:4 팔을 완전히 펴서 지면과 수직이 되도록 시작합니다. | Step:5 팔꿈치를 90도 각도로 유지하면서 덤벨을 가슴 옆으로 천천히 내립니다. | Step:6 맨 아래에서 잠시 멈춘 후, 덤벨을 시작 자세로 다시 밀어 올립니다. | Step:7 원하는 횟수만큼 반복합니다.",https://melo2026.s3.ap-northeast-2.amazonaws.com/workout-images/B3Rxp6L.webp,weight,5.0,가슴,,덤벨,,덤벨
b4b6afT,웨이티드 시티드 바이셉 컬 (온 스테빌리티 볼),https://static.exercisedb.dev/media/b4b6afT.gif,이두근,전완근,"Step:1 발을 땅에 대고 등을 곧게 편 채로 스태빌리티 볼 위에 앉습니다. | Step:2 메디신 볼을 언더핸드 그립으로 잡고 손바닥을 위로 향하게 한 후, 팔을 옆으로 늘어뜨립니다. | Step:3 윗팔을 고정하고 숨을 내쉬면서 메디신 볼을 어깨 쪽으로 컬업합니다. | Step:4 맨 위에서 잠시 멈추고 이두근을 쥐어짭니다. | Step:5 숨을 들이쉬면서 메디신 볼을 천천히 시작 자세로 내립니다. | Step:6 원하는 횟수만큼 반복합니다.",https://melo2026.s3.ap-northeast-2.amazonaws.com/workout-images/b4b6afT.webp,weight,5.0,팔,상완,기타,메디신볼,메디신볼
b5uBMv2,엑서사이즈 볼 얼터네이팅 암 업스 위드 패스트,,광배근,어깨 | 코어,"Step:1 발을 땅에 대고 등을 곧게 편 채로 스태빌리티 볼 위에 앉습니다. | Step:2 각 손에 덤벨을 잡고 손바닥을 안쪽으로 향하게 한 후, 팔을 옆으로 늘어뜨립니다. | Step:3 코어를 고정하고 팔꿈치를 살짝 구부린 채로 한 팔을 어깨 쪽으로 천천히 들어 올립니다. 빠르게 수행합니다. | Step:4 맨 위에서 잠시 멈춘 후, 팔을 천천히 시작 자세로 내립니다. | Step:5 다른 팔로 동작을 반복합니다. | Step:6 원하는 횟수만큼 팔을 번갈아 가며 계속합니다.",,weight,3.5,등,,기타,짐볼,짐볼
B5xca8s,핸즈 클스프드 서큘러 토 터치 (남성),https://static.exercisedb.dev/media/B5xca8s.gif,둔근,햄스트링 | quadriceps | 종아리,"Step:1 발을 어깨너비로 벌리고 서서 가슴 앞에서 손을 깍지 낍니다. | Step:2 무릎을 살짝 구부리고 등을 곧게 편 채로 엉덩이에서 앞으로 숙입니다. | Step:3 무리가 가지 않는 범위 내에서 최대한 손을 발가락 쪽으로 원을 그리며 내립니다. | Step:4 맨 아래에서 잠시 멈춘 후, 천천히 시작 자세로 돌아옵니다. | Step:5 원하는 횟수만큼 반복합니다.",https://melo2026.s3.ap-northeast-2.amazonaws.com/workout-images/B5xca8s.webp,weight,3.5,하체,허벅지,맨몸,,맨몸
b63ZzGe,포티 스쿼트 위드 서포트,https://static.exercisedb.dev/media/b63ZzGe.gif,둔근,quadriceps | 햄스트링 | 종아리,"Step:1 발을 어깨너비로 벌리고 발끝을 약간 바깥쪽으로 향하게 합니다. | Step:2 균형을 잡기 위해 의자나 벽과 같은 안정적인 지지대를 잡습니다. | Step:3 무릎을 구부리고 엉덩이를 뒤로 밀면서 몸을 스쿼트 자세로 내립니다. | Step:4 동작 내내 가슴을 펴고 등을 곧게 유지합니다. | Step:5 맨 아래에서 잠시 멈춘 후, 발뒤꿈치로 밀어 시작 자세로 돌아옵니다. | Step:6 원하는 횟수만큼 반복합니다.",https://melo2026.s3.ap-northeast-2.amazonaws.com/workout-images/b63ZzGe.webp,weight,3.5,하체,허벅지,맨몸,,맨몸
B6dAO1t,스미스 시티드 리스트 컬,https://static.exercisedb.dev/media/B6dAO1t.gif,전완근,이두근 | brachialis,"Step:1 발을 땅에 대고 스미스 머신 앞에 있는 벤치에 앉습니다. | Step:2 어깨너비로 언더핸드 그립을 잡고 바벨을 잡습니다. | Step:3 팔뚝을 허벅지 위에 올려놓고 손목이 아래로 늘어지게 합니다. | Step:4 손목을 천천히 위로 컬업하여 바벨을 팔뚝 쪽으로 가져옵니다. | Step:5 맨 위에서 잠시 멈춘 후, 바벨을 천천히 시작 자세로 내립니다. | Step:6 원하는 횟수만큼 반복합니다.",https://melo2026.s3.ap-northeast-2.amazonaws.com/workout-images/B6dAO1t.webp,weight,5.0,팔,전완,스미스 머신,,스미스 머신
b6hQYMb,레버 프리처 컬,https://static.exercisedb.dev/media/b6hQYMb.gif,이두근,전완근,Step:1 좌석 높이를 조절하고 레버리지 머신에 앉습니다. | Step:2 윗팔을 패드에 올리고 언더핸드 그립으로 손잡이를 잡습니다. | Step:3 등을 곧게 펴고 팔꿈치를 패드 위에 위치시킵니다. | Step:4 숨을 내쉬면서 팔뚝을 윗팔 쪽으로 컬업하여 이두근을 수축합니다. | Step:5 동작의 맨 위에서 잠시 멈추고 이두근을 쥐어짭니다. | Step:6 숨을 들이쉬면서 손잡이를 천천히 시작 자세로 내립니다. | Step:7 원하는 횟수만큼 반복합니다.,https://melo2026.s3.ap-northeast-2.amazonaws.com/workout-images/b6hQYMb.webp,weight,5.0,팔,상완,머신,레버리지 머신,레버리지 머신
b9kqlBy,케틀벨 얼터네이팅 레니게이드 로우,https://static.exercisedb.dev/media/b9kqlBy.gif,상부 등,코어 | 어깨,Step:1 케틀벨을 잡고 발을 골반 너비로 벌린 하이 플랭크 자세로 시작합니다. | Step:2 코어를 고정하고 머리부터 발뒤꿈치까지 몸을 일직선으로 유지합니다. | Step:3 팔꿈치를 몸에 가깝게 붙인 채 한쪽 케틀벨을 가슴 쪽으로 당겨 올립니다. | Step:4 케틀벨을 시작 자세로 내리고 다른 팔로 반복합니다. | Step:5 원하는 횟수만큼 팔을 번갈아 가며 계속합니다.,https://melo2026.s3.ap-northeast-2.amazonaws.com/workout-images/b9kqlBy.webp,weight,5.0,등,,케틀벨,,케틀벨
BaE7O6U,행잉 오블리크 니 레이즈,https://static.exercisedb.dev/media/BaE7O6U.gif,복근,obliques,"Step:1 팔을 완전히 펴고 손바닥이 몸에서 멀어지도록 풀업 바에 매달립니다. | Step:2 코어를 고정하고 무릎을 가슴 쪽으로 들어 올리면서 몸통을 옆으로 비틉니다. | Step:3 맨 위에서 잠시 멈춘 후, 다리를 천천히 시작 자세로 내립니다. | Step:4 반대쪽도 마찬가지로 몸통을 반대 방향으로 비틀며 반복합니다. | Step:5 원하는 횟수만큼 양쪽을 번갈아 가며 계속합니다.",https://melo2026.s3.ap-northeast-2.amazonaws.com/workout-images/BaE7O6U.webp,weight,3.5,코어,허리 | 복부,맨몸,,맨몸
BbfB8Gb,베이직 토 터치 (남성),https://static.exercisedb.dev/media/BbfB8Gb.gif,둔근,햄스트링 | 종아리,"Step:1 발을 어깨너비로 벌리고 서서 팔을 옆구리에 내립니다. | Step:2 등을 곧게 펴고 무릎을 살짝 구부린 채 허리에서 앞으로 구부립니다. | Step:3 다리를 가능한 한 곧게 유지하면서 손을 발가락 쪽으로 내립니다. | Step:4 맨 아래에서 잠시 멈춘 후, 천천히 시작 자세로 돌아옵니다. | Step:5 원하는 횟수만큼 반복합니다.",https://melo2026.s3.ap-northeast-2.amazonaws.com/workout-images/BbfB8Gb.webp,weight,3.5,하체,허벅지,맨몸,,맨몸
bBi35y3,덤벨 스탠딩 얼터네이트 오버헤드 프레스,https://static.exercisedb.dev/media/bBi35y3.gif,삼각근,삼두근 | 코어,"Step:1 발을 어깨 너비로 벌리고 서서, 각 손에 덤벨을 들고 어깨 높이에서 손바닥이 앞을 향하도록 합니다. | Step:2 한쪽 덤벨을 머리 위로 완전히 팔을 뻗어 누릅니다. | Step:3 덤벨을 다시 어깨 높이로 내립니다. | Step:4 다른 팔로 반복합니다. | Step:5 원하는 횟수만큼 팔을 번갈아 가며 계속 반복합니다.",https://melo2026.s3.ap-northeast-2.amazonaws.com/workout-images/bBi35y3.webp,weight,5.0,어깨,,덤벨,,덤벨
bbLR7fB,밴드 라잉 스트레이트 레그 레이즈,https://static.exercisedb.dev/media/bbLR7fB.gif,복근,고관절 굴곡근,"Step:1 등을 대고 바닥에 평평하게 누워 다리를 곧게 펴고 발을 모읍니다. | Step:2 발 아치 주위에 밴드를 놓고 양손으로 밴드의 끝을 잡습니다. | Step:3 복근을 사용하여 다리를 바닥에서 직각이 될 때까지 들어 올립니다. | Step:4 맨 위에서 잠시 멈춘 다음, 다리를 천천히 시작 위치로 내립니다. | Step:5 원하는 횟수만큼 반복합니다.",https://melo2026.s3.ap-northeast-2.amazonaws.com/workout-images/bbLR7fB.webp,weight,5.0,코어,허리 | 복부,밴드,,밴드
BCGQ6J5,케이블 클로즈 그립 컬,https://static.exercisedb.dev/media/BCGQ6J5.gif,이두근,전완근,Step:1 로우 풀리 케이블 머신에 스트레이트 바를 부착합니다. | Step:2 발을 어깨 너비로 벌리고 무릎을 살짝 구부린 채 머신을 향해 섭니다. | Step:3 손바닥이 아래를 향하도록 어깨 너비로 바를 잡습니다. | Step:4 팔꿈치를 옆구리에 가깝게 유지하고 팔뚝 전체에 걸쳐 상완을 고정합니다. | Step:5 숨을 내쉬면서 이두근을 수축하며 바를 어깨 쪽으로 컬합니다. | Step:6 움직임의 맨 위에서 잠시 멈추고 이두근을 쥐어짭니다. | Step:7 숨을 들이쉬면서 팔을 완전히 펴서 바를 천천히 시작 위치로 내립니다. | Step:8 원하는 횟수만큼 반복합니다.,https://melo2026.s3.ap-northeast-2.amazonaws.com/workout-images/BCGQ6J5.webp,weight,5.0,팔,상완,케이블 머신,,케이블
BCs0G2F,바벨 시티드 얼터네이트 레그 레이즈 (여성),https://static.exercisedb.dev/media/BCs0G2F.gif,복근,고관절 굴곡근 | quadriceps,Step:1 벤치에 등을 곧게 펴고 앉아 허벅지 위에 바벨을 올립니다. | Step:2 지지를 위해 손을 벤치 측면에 둡니다. | Step:3 다리를 곧게 편 상태에서 다리를 지면과 평행하게 유지하면서 가능한 한 높이 들어 올립니다. | Step:4 다리를 다시 내리고 다른 다리로 반복합니다. | Step:5 원하는 횟수만큼 다리를 번갈아 가며 계속 반복합니다.,https://melo2026.s3.ap-northeast-2.amazonaws.com/workout-images/BCs0G2F.webp,weight,5.0,코어,허리 | 복부,바벨,,바벨
BCUR88E,덤벨 스탠딩 원 암 익스텐션,https://static.exercisedb.dev/media/BCUR88E.gif,삼두근,어깨,"Step:1 발을 어깨 너비로 벌리고 서서 한 손에 덤벨을 듭니다. | Step:2 덤벨을 머리 위로 들어 올려 팔을 완전히 뻗습니다. | Step:3 상완을 머리에 가깝게 유지하고 지면에 수직이 되도록 합니다. | Step:4 팔꿈치를 구부려 덤벨을 머리 뒤로 천천히 내립니다. | Step:5 잠시 멈춘 다음, 덤벨을 다시 시작 위치로 들어 올립니다. | Step:6 원하는 횟수만큼 반복합니다.",https://melo2026.s3.ap-northeast-2.amazonaws.com/workout-images/BCUR88E.webp,weight,5.0,팔,상완,덤벨,,덤벨
bd5b860,손목 롤러,https://static.exercisedb.dev/media/bd5b860.gif,전완근,이두근 | 삼두근,"Step:1 로프 또는 바의 한쪽 끝에 무게를 부착합니다. | Step:2 로프 또는 바의 다른 쪽 끝을 양손으로 잡고 손바닥이 아래를 향하도록 합니다. | Step:3 발을 어깨 너비로 벌리고 팔을 앞으로 완전히 뻗고 섭니다. | Step:4 손목을 굽혀 무게를 천천히 손 쪽으로 굴립니다. | Step:5 맨 위에서 잠시 멈춘 다음, 무게를 천천히 시작 위치로 내립니다. | Step:6 원하는 횟수만큼 반복합니다.",https://melo2026.s3.ap-northeast-2.amazonaws.com/workout-images/bd5b860.webp,weight,5.0,팔,전완,기타,중량,중량
bdWcbaU,프랑켄슈타인 스쿼트,https://static.exercisedb.dev/media/bdWcbaU.gif,둔근,quadriceps | 햄스트링 | 종아리,"Step:1 발을 어깨 너비로 벌리고 서서 바벨을 몸 앞쪽으로 팔을 곧게 펴고 잡습니다. | Step:2 등을 곧게 편 상태에서 무릎과 엉덩이를 구부려 의자에 앉는 것처럼 몸을 낮춥니다. | Step:3 허벅지가 바닥과 평행이 될 때까지 또는 편안하게 갈 수 있는 만큼 낮춥니다. | Step:4 잠시 멈춘 다음, 발뒤꿈치를 밀어 시작 위치로 돌아옵니다. | Step:5 원하는 횟수만큼 반복합니다.",https://melo2026.s3.ap-northeast-2.amazonaws.com/workout-images/bdWcbaU.webp,weight,5.0,하체,허벅지,바벨,,바벨
BeReYBf,사이드 투 사이드 친 위드 리버스,,광배근,이두근 | 전완근,Step:1 발을 어깨 너비로 벌리고 무릎을 살짝 구부린 채 섭니다. | Step:2 어깨 너비보다 약간 넓게 오버핸드 그립으로 풀업 바를 잡습니다. | Step:3 팔을 완전히 뻗고 몸을 이완한 채 바에 매달립니다. | Step:4 팔꿈치를 구부리고 몸을 곧게 편 상태에서 턱을 바 쪽으로 당겨 올라갑니다. 리버스 강도로 수행합니다. | Step:5 턱이 바 위로 올라오면 몸을 천천히 시작 위치로 내립니다. | Step:6 원하는 횟수만큼 반복합니다.,,weight,3.5,등,,맨몸,,맨몸
bfiHMpI,덤벨 인클라인 프레스 온 엑서사이즈 볼,https://static.exercisedb.dev/media/bfiHMpI.gif,대흉근,어깨 | 삼두근,"Step:1 각 손에 덤벨을 들고 손바닥이 앞을 향하도록 하여 엑서사이즈 볼에 앉습니다. | Step:2 발을 천천히 앞으로 걸어 몸을 공 위로 굴려 머리, 목, 등 상부가 공에 지지되도록 합니다. | Step:3 덤벨을 어깨 높이에서 잡고 팔꿈치를 구부려 옆으로 벌립니다. | Step:4 팔을 완전히 뻗어 덤벨을 위로 누릅니다. | Step:5 맨 위에서 잠시 멈춘 다음, 덤벨을 천천히 시작 위치로 내립니다. | Step:6 원하는 횟수만큼 반복합니다.",https://melo2026.s3.ap-northeast-2.amazonaws.com/workout-images/bfiHMpI.webp,weight,5.0,가슴,,덤벨,,덤벨
Bg5JKSH,덤벨 인클라인 원 암 프레스 온 엑서사이즈 볼,https://static.exercisedb.dev/media/Bg5JKSH.gif,대흉근,어깨 | 삼두근,"Step:1 한 손에 덤벨을 들고 발을 바닥에 평평하게 댄 채 엑서사이즈 볼에 앉습니다. | Step:2 발을 천천히 앞으로 걸어 공을 굴려 머리, 목, 등 상부가 공에 지지되도록 합니다. | Step:3 손바닥이 앞을 향하도록 덤벨을 어깨 높이에서 잡습니다. | Step:4 팔이 완전히 펴질 때까지 덤벨을 위로 누릅니다. | Step:5 맨 위에서 잠시 멈춘 다음, 덤벨을 천천히 시작 위치로 내립니다. | Step:6 원하는 횟수만큼 반복한 다음 다른 팔로 전환합니다.",https://melo2026.s3.ap-northeast-2.amazonaws.com/workout-images/Bg5JKSH.webp,weight,5.0,가슴,,덤벨,,덤벨
BgljGjd,레버 리버스 T-바 로우,https://static.exercisedb.dev/media/BgljGjd.gif,상부 등,이두근 | 전완근,"Step:1 레버리지 머신의 시트 높이와 발판 위치를 조정합니다. | Step:2 가슴을 패드에 대고 발을 발판에 평평하게 댄 채 머신에 앉습니다. | Step:3 어깨 너비보다 약간 넓게 오버핸드 그립으로 핸들을 잡습니다. | Step:4 등을 곧게 펴고 코어를 사용합니다. | Step:5 핸들을 가슴 쪽으로 당기면서 어깨뼈를 함께 쥐어짭니다. | Step:6 움직임의 맨 위에서 잠시 멈춘 다음, 천천히 놓고 팔을 시작 위치로 다시 뻗습니다. | Step:7 원하는 횟수만큼 반복합니다.",https://melo2026.s3.ap-northeast-2.amazonaws.com/workout-images/BgljGjd.webp,weight,5.0,등,,머신,레버리지 머신,레버리지 머신
BIb1tGo,덤벨 스탠딩 원 암 컬 (오버 인클라인 벤치),https://static.exercisedb.dev/media/BIb1tGo.gif,이두근,전완근,"Step:1 발을 어깨 너비로 벌리고 서서 한 손에 덤벨을 들고 손바닥이 앞을 향하도록 합니다. | Step:2 지지를 위해 다른 손을 인클라인 벤치에 댑니다. | Step:3 상완을 고정한 상태에서 숨을 내쉬면서 이두근을 수축하여 덤벨을 어깨 쪽으로 컬합니다. | Step:4 맨 위에서 잠시 멈춘 다음, 숨을 들이쉬면서 덤벨을 천천히 시작 위치로 내립니다. | Step:5 원하는 횟수만큼 반복한 다음 팔을 전환합니다.",https://melo2026.s3.ap-northeast-2.amazonaws.com/workout-images/BIb1tGo.webp,weight,5.0,팔,상완,덤벨,,덤벨
BJ0Hz5L,덤벨 벤트 오버 로우,https://static.exercisedb.dev/media/BJ0Hz5L.gif,상부 등,이두근 | 전완근,"Step:1 발을 어깨 너비로 벌리고 무릎을 살짝 구부린 채 각 손에 덤벨을 들고 손바닥이 몸을 향하도록 합니다. | Step:2 등을 곧게 펴고 코어를 사용하면서 엉덩이에서 앞으로 구부립니다. | Step:3 팔꿈치를 살짝 구부린 채 팔을 바닥 쪽으로 곧게 늘어뜨립니다. | Step:4 덤벨을 가슴 쪽으로 당기면서 어깨뼈를 함께 쥐어짭니다. | Step:5 맨 위에서 잠시 멈춘 다음, 덤벨을 천천히 시작 위치로 내립니다. | Step:6 원하는 횟수만큼 반복합니다.",https://melo2026.s3.ap-northeast-2.amazonaws.com/workout-images/BJ0Hz5L.webp,weight,5.0,등,,덤벨,,덤벨
bjqbauy,웨이티드 스탠딩 핸드 스퀴즈,https://static.exercisedb.dev/media/bjqbauy.gif,전완근,이두근 | 삼두근,Step:1 발을 어깨 너비로 벌리고 서서 각 손에 무게를 듭니다. | Step:2 팔을 앞으로 곧게 뻗고 손바닥이 서로 마주보도록 합니다. | Step:3 팔뚝을 사용하면서 손을 최대한 세게 쥡니다. | Step:4 몇 초 동안 쥐고 있다가 놓습니다. | Step:5 원하는 횟수만큼 반복합니다.,https://melo2026.s3.ap-northeast-2.amazonaws.com/workout-images/bjqbauy.webp,weight,5.0,팔,전완,기타,중량,중량
bJYHBIN,바디웨이트 스탠딩 카프 레이즈,https://static.exercisedb.dev/media/bJYHBIN.gif,종아리,ankles | feet,"Step:1 발을 어깨 너비로 벌리고 발가락이 앞을 향하도록 섭니다. | Step:2 균형을 잡기 위해 벽이나 안정적인 표면에 손을 댑니다. | Step:3 발 앞꿈치로 몸을 들어 올리면서 발뒤꿈치를 바닥에서 천천히 들어 올립니다. | Step:4 맨 위에서 잠시 멈춘 다음, 발뒤꿈치를 천천히 시작 위치로 내립니다. | Step:5 원하는 횟수만큼 반복합니다.",https://melo2026.s3.ap-northeast-2.amazonaws.com/workout-images/bJYHBIN.webp,weight,3.5,하체,종아리,맨몸,,맨몸
BKa8dmT,덤벨 오버 벤치 뉴트럴 리스트 컬,https://static.exercisedb.dev/media/BKa8dmT.gif,이두근,전완근,Step:1 발을 바닥에 평평하게 대고 벤치에 앉아 각 손에 덤벨을 잡고 손바닥이 위를 향하게 합니다. | Step:2 팔뚝을 벤치에 올려놓고 손목이 가장자리에 걸쳐지도록 합니다. | Step:3 윗팔을 고정한 상태에서 숨을 내쉬며 덤벨을 어깨 쪽으로 컬업합니다. | Step:4 위에서 잠시 멈춘 후 숨을 들이쉬며 덤벨을 천천히 시작 자세로 내립니다. | Step:5 원하는 횟수만큼 반복합니다.,https://melo2026.s3.ap-northeast-2.amazonaws.com/workout-images/BKa8dmT.webp,weight,5.0,팔,상완,덤벨,,덤벨
bKWbrTA,원 암 타월 로우,https://static.exercisedb.dev/media/bKWbrTA.gif,상부 등,이두근 | 전완근,Step:1 발을 어깨너비로 벌리고 무릎을 살짝 구부린 후 한 손으로 수건을 잡습니다. | Step:2 허리를 앞으로 숙이고 등을 곧게 펴고 코어를 활성화합니다. | Step:3 팔을 완전히 뻗어 수건이 앞에 늘어지도록 합니다. | Step:4 수건을 가슴 쪽으로 당기면서 견갑골을 함께 조입니다. | Step:5 위에서 잠시 멈춘 후 수건을 천천히 시작 자세로 내립니다. | Step:6 원하는 횟수만큼 반복한 후 팔을 바꿉니다.,https://melo2026.s3.ap-northeast-2.amazonaws.com/workout-images/bKWbrTA.webp,weight,3.5,등,,맨몸,,맨몸
BkxB8LW,케틀벨 시티드 프레스,https://static.exercisedb.dev/media/BkxB8LW.gif,삼각근,삼두근 | 코어,Step:1 등을 곧게 펴고 발을 바닥에 평평하게 대고 벤치에 앉습니다. | Step:2 각 손에 어깨 높이로 케틀벨을 잡고 손바닥이 앞을 향하게 합니다. | Step:3 케틀벨을 머리 위로 밀어 팔을 완전히 뻗습니다. | Step:4 케틀벨을 어깨 높이로 다시 내립니다. | Step:5 원하는 횟수만큼 반복합니다.,https://melo2026.s3.ap-northeast-2.amazonaws.com/workout-images/BkxB8LW.webp,weight,5.0,어깨,,케틀벨,,케틀벨
BL3GHeY,스트래들 플란체,https://static.exercisedb.dev/media/BL3GHeY.gif,복근,어깨 | 삼두근 | 가슴,Step:1 푸시업 자세에서 시작하며 손은 어깨너비로 벌리고 발은 넓게 벌립니다. | Step:2 코어를 활성화하고 체중을 천천히 앞으로 이동시켜 어깨가 손 위로 오도록 합니다. | Step:3 팔꿈치를 구부리고 몸을 바닥 쪽으로 내리면서 팔꿈치를 옆구리에 가깝게 유지합니다. | Step:4 아래에서 잠시 멈춘 후 손으로 밀어 팔을 펴고 몸을 시작 자세로 다시 들어 올립니다. | Step:5 원하는 횟수만큼 반복합니다.,https://melo2026.s3.ap-northeast-2.amazonaws.com/workout-images/BL3GHeY.webp,weight,3.5,코어,허리 | 복부,맨몸,,맨몸
blBXysN,케틀벨 투 암 밀리터리 프레스,https://static.exercisedb.dev/media/blBXysN.gif,삼각근,삼두근 | 상부 등,Step:1 발을 어깨너비로 벌리고 서서 각 손에 어깨 높이로 케틀벨을 잡고 손바닥이 앞을 향하게 합니다. | Step:2 코어를 활성화하고 케틀벨을 머리 위로 밀어 팔을 완전히 뻗습니다. | Step:3 위에서 잠시 멈춘 후 케틀벨을 천천히 시작 자세로 내립니다. | Step:4 원하는 횟수만큼 반복합니다.,https://melo2026.s3.ap-northeast-2.amazonaws.com/workout-images/blBXysN.webp,weight,5.0,어깨,,케틀벨,,케틀벨
BLCvwr2,덤벨 리버스 리스트 컬,https://static.exercisedb.dev/media/BLCvwr2.gif,전완근,이두근 | brachialis,Step:1 등을 곧게 펴고 발을 바닥에 평평하게 대고 벤치나 의자에 앉습니다. | Step:2 각 손에 덤벨을 잡고 손바닥이 아래를 향하게 합니다. | Step:3 팔뚝을 허벅지에 올려놓고 손목이 가장자리에 걸쳐지도록 합니다. | Step:4 손목을 위로 천천히 컬업하여 덤벨을 몸 쪽으로 가져옵니다. | Step:5 위에서 잠시 멈춘 후 덤벨을 천천히 시작 자세로 내립니다. | Step:6 원하는 횟수만큼 반복합니다.,https://melo2026.s3.ap-northeast-2.amazonaws.com/workout-images/BLCvwr2.webp,weight,5.0,팔,전완,덤벨,,덤벨
bLyQokI,런던 브릿지,https://static.exercisedb.dev/media/bLyQokI.gif,상부 등,어깨 | 이두근 | 전완근,Step:1 로프를 높은 앵커 포인트에 연결합니다. | Step:2 발을 어깨너비로 벌리고 앵커 포인트에서 등을 돌리고 섭니다. | Step:3 로프를 오버핸드 그립으로 잡고 손바닥이 아래를 향하게 합니다. | Step:4 등을 곧게 펴고 코어를 활성화하면서 약간 앞으로 기울입니다. | Step:5 로프를 몸 쪽으로 당기면서 견갑골을 함께 조입니다. | Step:6 동작의 최고점에서 잠시 멈춘 후 천천히 긴장을 풀고 시작 자세로 돌아갑니다. | Step:7 원하는 횟수만큼 반복합니다.,https://melo2026.s3.ap-northeast-2.amazonaws.com/workout-images/bLyQokI.webp,weight,3.5,등,,기타,로프,로프
bmBf7LN,덤벨 라잉 익스터널 숄더 로테이션,https://static.exercisedb.dev/media/bmBf7LN.gif,삼각근,rotator cuff | 삼두근,Step:1 평평한 벤치에 옆으로 누워 윗팔을 옆구리에 붙이고 팔꿈치를 90도 구부립니다. | Step:2 손에 덤벨을 잡고 손바닥이 아래를 향하게 합니다. | Step:3 윗팔을 옆구리에 붙인 상태에서 팔뚝을 가능한 한 위로 천천히 회전시킵니다. | Step:4 위에서 잠시 멈춘 후 팔뚝을 천천히 시작 자세로 내립니다. | Step:5 원하는 횟수만큼 반복한 후 반대쪽으로 전환합니다.,https://melo2026.s3.ap-northeast-2.amazonaws.com/workout-images/bmBf7LN.webp,weight,5.0,어깨,,덤벨,,덤벨
BMMolZ3,턱 크런치,https://static.exercisedb.dev/media/BMMolZ3.gif,복근,고관절 굴곡근,Step:1 등을 대고 누워 무릎을 구부리고 발을 바닥에 평평하게 댑니다. | Step:2 머리 뒤에 손을 대고 팔꿈치를 바깥쪽으로 향하게 합니다. | Step:3 복근을 활성화하고 어깨뼈를 바닥에서 들어 올리면서 무릎을 가슴 쪽으로 가져오고 동시에 상체를 무릎 쪽으로 컬업합니다. | Step:4 위에서 잠시 멈춘 후 어깨뼈를 천천히 내리고 다리를 시작 자세로 다시 뻗습니다. | Step:5 원하는 횟수만큼 반복합니다.,https://melo2026.s3.ap-northeast-2.amazonaws.com/workout-images/BMMolZ3.webp,weight,3.5,코어,허리 | 복부,맨몸,,맨몸
BmrwWzo,덤벨 수모 풀 스루,https://static.exercisedb.dev/media/BmrwWzo.gif,둔근,햄스트링 | quadriceps | 코어,Step:1 발을 어깨너비보다 넓게 벌리고 발끝을 바깥쪽으로 향하게 합니다. | Step:2 양손으로 덤벨을 몸 앞에 잡고 팔을 뻗습니다. | Step:3 무릎을 구부리고 등을 곧게 편 상태에서 엉덩이를 스쿼트 자세로 내립니다. | Step:4 팔을 곧게 편 상태에서 덤벨을 다리 사이로 내립니다. | Step:5 발뒤꿈치로 밀어 엉덩이를 앞으로 뻗으면서 덤벨을 위로 당겨 몸 앞에 가져옵니다. | Step:6 동작의 최고점에서 엉덩이를 조인 후 덤벨을 다시 다리 사이로 내립니다. | Step:7 원하는 횟수만큼 반복합니다.,https://melo2026.s3.ap-northeast-2.amazonaws.com/workout-images/BmrwWzo.webp,weight,5.0,하체,허벅지,덤벨,,덤벨
bmwlYvD,고릴라 친,https://static.exercisedb.dev/media/bmwlYvD.gif,복근,전완근 | 이두근,Step:1 발을 어깨너비로 벌리고 무릎을 살짝 구부립니다. | Step:2 어깨너비보다 약간 넓게 오버핸드 그립으로 풀업 바를 잡습니다. | Step:3 팔을 완전히 펴고 손바닥이 자신에게서 멀어지도록 매달립니다. | Step:4 코어를 활성화하고 몸을 바 위로 당겨 턱이 바 위로 올라오도록 합니다. | Step:5 위에서 잠시 멈춘 후 몸을 천천히 시작 자세로 내립니다. | Step:6 원하는 횟수만큼 반복합니다.,https://melo2026.s3.ap-northeast-2.amazonaws.com/workout-images/bmwlYvD.webp,weight,3.5,코어,허리 | 복부,맨몸,,맨몸
Bn6TXyO,싯업 v. 2,https://static.exercisedb.dev/media/Bn6TXyO.gif,복근,고관절 굴곡근,Step:1 등을 대고 누워 무릎을 구부리고 발을 바닥에 평평하게 댑니다. | Step:2 머리 뒤에 손을 대고 팔꿈치를 바깥쪽으로 향하게 합니다. | Step:3 복근을 활성화하고 상체를 천천히 들어 올려 몸통이 45도 각도가 될 때까지 앞으로 컬업합니다. | Step:4 위에서 잠시 멈춘 후 상체를 천천히 시작 자세로 내립니다. | Step:5 원하는 횟수만큼 반복합니다.,https://melo2026.s3.ap-northeast-2.amazonaws.com/workout-images/Bn6TXyO.webp,weight,3.5,코어,허리 | 복부,맨몸,,맨몸
bndCa3Q,바벨 핀 프레스,https://static.exercisedb.dev/media/bndCa3Q.gif,삼두근,어깨,Step:1 파워 랙에 가슴 높이로 바벨을 설정합니다. | Step:2 바벨을 향해 서서 발을 어깨너비로 벌리고 바벨 아래에 위치합니다. | Step:3 어깨너비보다 약간 넓게 오버핸드 그립으로 바벨을 잡습니다. | Step:4 랙에서 바벨을 들어 올려 팔을 완전히 뻗은 상태로 가슴 바로 위에 잡습니다. | Step:5 팔꿈치를 몸에 가깝게 붙인 상태로 바벨을 가슴 쪽으로 내립니다. | Step:6 바벨이 가슴에 닿으면 잠시 멈춥니다. | Step:7 팔을 완전히 펴서 바벨을 시작 자세로 다시 밀어 올립니다. | Step:8 원하는 횟수만큼 반복합니다.,https://melo2026.s3.ap-northeast-2.amazonaws.com/workout-images/bndCa3Q.webp,weight,5.0,팔,상완,바벨,,바벨
bOOdeyc,레버 시티드 카프 레이즈,https://static.exercisedb.dev/media/bOOdeyc.gif,종아리,soleus | ankle stabilizers,Step:1 무릎이 살짝 구부러지고 발이 발판에 평평하게 닿도록 좌석 높이를 조절합니다. | Step:2 발끝을 발판에 대고 발뒤꿈치는 가장자리에 걸쳐지도록 합니다. | Step:3 안정성을 위해 손잡이나 좌석 측면을 잡습니다. | Step:4 발 앞꿈치로 밀어 발뒤꿈치를 최대한 높이 올립니다. | Step:5 위에서 잠시 멈춘 후 발뒤꿈치를 천천히 시작 자세로 내립니다. | Step:6 원하는 횟수만큼 반복합니다.,https://melo2026.s3.ap-northeast-2.amazonaws.com/workout-images/bOOdeyc.webp,weight,5.0,하체,종아리,머신,레버리지 머신,레버리지 머신
bpJL2Qs,덤벨 프로네이트 그립 트라이셉스 익스텐션,https://static.exercisedb.dev/media/bpJL2Qs.gif,삼두근,전완근,Step:1 등을 곧게 펴고 발을 바닥에 평평하게 대고 벤치나 의자에 앉습니다. | Step:2 양손으로 덤벨을 잡고 손바닥이 아래를 향하게 한 후 팔을 머리 위로 곧게 뻗습니다. | Step:3 윗팔을 머리에 가깝게 붙이고 팔꿈치를 앞으로 향하게 한 상태에서 팔꿈치를 구부려 덤벨을 머리 뒤로 천천히 내립니다. | Step:4 잠시 멈춘 후 팔을 시작 자세로 다시 뻗습니다. | Step:5 원하는 횟수만큼 반복합니다.,https://melo2026.s3.ap-northeast-2.amazonaws.com/workout-images/bpJL2Qs.webp,weight,5.0,팔,상완,덤벨,,덤벨
Bpkf41o,덤벨 원 암 체스트 플라이 온 엑서사이즈 볼,https://static.exercisedb.dev/media/Bpkf41o.gif,대흉근,어깨 | 삼두근,"Step:1 덤벨을 한 손에 들고 발을 바닥에 평평하게 댄 채로 엑서사이즈 볼 위에 앉습니다. | Step:2 발을 앞으로 옮겨 등 위쪽이 볼에 지지되고 머리, 목, 어깨가 볼에서 떨어질 때까지 볼을 굴립니다. | Step:3 덤벨을 든 팔을 가슴 위로 곧게 뻗고 손바닥은 안쪽을 향하게 합니다. | Step:4 팔꿈치를 살짝 구부린 상태를 유지하면서 덤벨을 옆으로 천천히 내립니다. | Step:5 팔이 바닥과 평행이 될 때 잠시 멈춥니다. | Step:6 가슴 근육을 사용하여 덤벨을 시작 자세로 다시 들어 올립니다. | Step:7 원하는 횟수만큼 반복한 후 팔을 바꿉니다.",https://melo2026.s3.ap-northeast-2.amazonaws.com/workout-images/Bpkf41o.webp,weight,5.0,가슴,,덤벨,,덤벨
BqgCRif,덤벨 쿠반 프레스 v. 2,https://static.exercisedb.dev/media/BqgCRif.gif,삼각근,삼두근 | 상부 등,Step:1 발을 어깨너비로 벌리고 서서 각 손에 덤벨을 들고 어깨 높이에서 손바닥이 아래를 향하게 합니다. | Step:2 코어를 고정하고 등을 곧게 편 상태를 유지하면서 팔이 완전히 펴질 때까지 덤벨을 머리 위로 곧게 밀어 올립니다. | Step:3 손목을 돌려 손바닥이 앞을 향하게 합니다. | Step:4 손목을 돌려 시작 자세로 돌아가면서 덤벨을 어깨 높이로 다시 내립니다. | Step:5 원하는 횟수만큼 반복합니다.,https://melo2026.s3.ap-northeast-2.amazonaws.com/workout-images/BqgCRif.webp,weight,5.0,어깨,,덤벨,,덤벨
bQHPBU3,덤벨 원 암 풀오버 온 엑서사이즈 볼,https://static.exercisedb.dev/media/bQHPBU3.gif,대흉근,삼두근 | latissimus dorsi | rhomboids,Step:1 발을 바닥에 평평하게 대고 무릎을 90도 각도로 구부린 채로 엑서사이즈 볼 위에 앉습니다. | Step:2 덤벨을 한 손으로 잡고 팔을 가슴 위로 곧게 뻗습니다. | Step:3 팔을 곧게 편 상태를 유지하면서 덤벨을 머리 뒤로 천천히 내립니다. | Step:4 잠시 멈춘 후 덤벨을 시작 자세로 다시 들어 올립니다. | Step:5 원하는 횟수만큼 반복한 후 팔을 바꿉니다.,https://melo2026.s3.ap-northeast-2.amazonaws.com/workout-images/bQHPBU3.webp,weight,5.0,가슴,,덤벨,,덤벨
bQy2Eni,덤벨 원 암 킥백,https://static.exercisedb.dev/media/bQy2Eni.gif,삼두근,어깨,Step:1 발을 어깨너비로 벌리고 서서 오른손에 덤벨을 듭니다. | Step:2 무릎을 살짝 구부리고 등을 곧게 편 상태에서 엉덩이를 앞으로 숙입니다. | Step:3 팔꿈치를 90도 각도로 구부린 상태를 유지하면서 오른쪽 팔꿈치를 옆구리 쪽으로 들어 올립니다. | Step:4 오른쪽 팔을 뒤로 곧게 뻗으면서 동작의 맨 위에서 삼두근을 쥐어짭니다. | Step:5 덤벨을 시작 자세로 천천히 내립니다. | Step:6 원하는 횟수만큼 반복한 후 반대쪽으로 바꿉니다.,https://melo2026.s3.ap-northeast-2.amazonaws.com/workout-images/bQy2Eni.webp,weight,5.0,팔,상완,덤벨,,덤벨
BReCuOn,바디웨이트 스쿼팅 로우 (타월 사용),https://static.exercisedb.dev/media/BReCuOn.gif,상부 등,이두근 | 어깨,Step:1 발을 어깨너비로 벌리고 서서 손바닥이 아래를 향하게 타월을 앞에 듭니다. | Step:2 무릎을 구부리고 등을 곧게 펴고 가슴을 들어 올린 상태를 유지하면서 몸을 스쿼트 자세로 낮춥니다. | Step:3 스쿼트 자세로 내려가면서 동시에 타월을 가슴 쪽으로 당기며 날개뼈를 함께 쥐어짭니다. | Step:4 스쿼트 맨 아래에서 잠시 멈춘 후 팔을 펴면서 시작 자세로 천천히 돌아옵니다. | Step:5 원하는 횟수만큼 반복합니다.,https://melo2026.s3.ap-northeast-2.amazonaws.com/workout-images/BReCuOn.webp,weight,3.5,등,,맨몸,,맨몸
BRImeP8,레버 시티드 딥,https://static.exercisedb.dev/media/BRImeP8.gif,삼두근,가슴 | 어깨,Step:1 발이 바닥에 평평하게 닿고 무릎이 90도 각도가 되도록 좌석 높이를 조절합니다. | Step:2 손바닥이 아래를 향하게 하고 팔을 완전히 뻗은 상태에서 레버리지 머신의 손잡이를 잡습니다. | Step:3 팔꿈치를 구부려 상완이 바닥과 평행이 될 때까지 몸을 천천히 내립니다. | Step:4 잠시 멈춘 후 팔을 펴서 시작 자세로 다시 밀어 올립니다. | Step:5 원하는 횟수만큼 반복합니다.,https://melo2026.s3.ap-northeast-2.amazonaws.com/workout-images/BRImeP8.webp,weight,5.0,팔,상완,머신,레버리지 머신,레버리지 머신
bRlbdjK,덤벨 디클라인 슈러그 v. 2,https://static.exercisedb.dev/media/bRlbdjK.gif,승모근,어깨 | rhomboids,Step:1 45도 각도로 디클라인 벤치를 설정합니다. | Step:2 가슴과 복부를 벤치에 대고 엎드려 눕습니다. | Step:3 각 손에 덤벨을 들고 손바닥이 서로 마주보게 하고 팔을 완전히 뻗습니다. | Step:4 팔을 곧게 편 상태를 유지하면서 날개뼈를 함께 쥐어짜면서 어깨를 최대한 높이 들어 올립니다. | Step:5 수축 상태를 잠시 유지한 후 덤벨을 시작 자세로 다시 내립니다. | Step:6 원하는 횟수만큼 반복합니다.,https://melo2026.s3.ap-northeast-2.amazonaws.com/workout-images/bRlbdjK.webp,weight,5.0,등,,덤벨,,덤벨
bTpEUcm,바벨 로우 바 스쿼트,https://static.exercisedb.dev/media/bTpEUcm.gif,둔근,quadriceps | 햄스트링 | 종아리,Step:1 발을 어깨너비로 벌리고 서서 바벨을 등 위쪽에 댑니다. | Step:2 가슴을 들어 올리고 코어를 고정한 상태를 유지하면서 무릎을 구부리고 엉덩이를 뒤로 밀면서 몸을 천천히 내립니다. | Step:3 허벅지가 바닥과 평행이 되거나 약간 아래가 될 때까지 계속 내립니다. | Step:4 잠시 멈춘 후 발뒤꿈치를 밀어 시작 자세로 돌아옵니다. | Step:5 원하는 횟수만큼 반복합니다.,https://melo2026.s3.ap-northeast-2.amazonaws.com/workout-images/bTpEUcm.webp,weight,5.0,하체,허벅지,바벨,,바벨
BU15nH4,덤벨 얼터네이트 바이셉스 컬,https://static.exercisedb.dev/media/BU15nH4.gif,이두근,전완근,Step:1 똑바로 서서 각 손에 덤벨을 들고 손바닥이 앞을 향하게 하고 팔을 완전히 뻗습니다. | Step:2 상완을 고정한 상태를 유지하면서 숨을 내쉬면서 이두근을 수축하면서 무게를 컬링합니다. | Step:3 이두근이 완전히 수축되고 덤벨이 어깨 높이에 올 때까지 덤벨을 계속 들어 올립니다. | Step:4 이두근을 쥐어짜면서 수축된 자세를 잠시 유지합니다. | Step:5 숨을 들이쉬면서 덤벨을 시작 자세로 천천히 내리기 시작합니다. | Step:6 원하는 횟수만큼 반복하고 팔을 번갈아 가며 실시합니다.,https://melo2026.s3.ap-northeast-2.amazonaws.com/workout-images/BU15nH4.webp,weight,5.0,팔,상완,덤벨,,덤벨
bWlZvXh,버터플라이 요가 자세,https://static.exercisedb.dev/media/bWlZvXh.gif,내전근,햄스트링 | groin,Step:1 다리를 앞으로 뻗고 바닥에 앉습니다. | Step:2 무릎을 구부리고 발바닥을 서로 붙여 무릎이 양옆으로 떨어지도록 합니다. | Step:3 손으로 발목이나 발을 잡습니다. | Step:4 허리를 곧게 펴고 척추를 길게 늘입니다. | Step:5 무릎을 바닥 쪽으로 부드럽게 누르면서 허벅지 안쪽의 스트레칭을 느낍니다. | Step:6 몇 차례 숨을 쉬면서 이 자세를 유지합니다. | Step:7 풀려면 무릎을 천천히 다시 들어 올리고 다리를 뻗습니다.,https://melo2026.s3.ap-northeast-2.amazonaws.com/workout-images/bWlZvXh.webp,weight,2.5,하체,허벅지,맨몸,,맨몸
BWnJR72,라잉 (사이드) 쿼드 스트레치,https://static.exercisedb.dev/media/BWnJR72.gif,대퇴사두근,햄스트링,Step:1 다리를 곧게 펴고 옆으로 눕습니다. | Step:2 위쪽 다리를 구부리고 손으로 발목이나 발을 잡습니다. | Step:3 대퇴사두근에서 스트레칭이 느껴질 때까지 발목이나 발을 엉덩이 쪽으로 부드럽게 당깁니다. | Step:4 20-30초 동안 스트레칭을 유지합니다. | Step:5 스트레칭을 풀고 반대쪽으로 반복합니다.,https://melo2026.s3.ap-northeast-2.amazonaws.com/workout-images/BWnJR72.webp,weight,2.5,하체,허벅지,맨몸,,맨몸
BwSNDGt,덤벨 원 암 리버스 리스트 컬,https://static.exercisedb.dev/media/BwSNDGt.gif,전완근,wrist extensors,Step:1 발을 바닥에 평평하게 대고 벤치나 의자에 앉습니다. | Step:2 한 손으로 덤벨을 오버핸드 그립으로 잡고 손바닥이 아래를 향하게 합니다. | Step:3 팔뚝을 허벅지에 대고 손목이 가장자리에 걸쳐지도록 합니다. | Step:4 손목을 구부리면서 덤벨을 바닥 쪽으로 천천히 내립니다. | Step:5 맨 아래에서 잠시 멈춘 후 손목을 몸 쪽으로 다시 컬링합니다. | Step:6 원하는 횟수만큼 반복한 후 다른 팔로 바꿉니다.,https://melo2026.s3.ap-northeast-2.amazonaws.com/workout-images/BwSNDGt.webp,weight,5.0,팔,전완,덤벨,,덤벨
bWxq4op,덤벨 원 암 리버스 프리처 컬,https://static.exercisedb.dev/media/bWxq4op.gif,이두근,전완근,Step:1 가슴을 패드에 대고 팔을 벤치 가장자리 너머로 뻗은 상태에서 언더핸드 그립으로 덤벨을 잡고 프리처 벤치에 앉습니다. | Step:2 팔이 완전히 펴질 때까지 덤벨을 천천히 내립니다. | Step:3 상완을 고정한 상태를 유지하면서 덤벨을 어깨 쪽으로 다시 컬링합니다. | Step:4 동작의 맨 위에서 이두근을 쥐어짠 후 덤벨을 시작 자세로 천천히 다시 내립니다. | Step:5 원하는 횟수만큼 반복한 후 팔을 바꿉니다.,https://melo2026.s3.ap-northeast-2.amazonaws.com/workout-images/bWxq4op.webp,weight,5.0,팔,상완,덤벨,,덤벨
ByX0WxV,덤벨 인클라인 해머 컬,https://static.exercisedb.dev/media/ByX0WxV.gif,이두근,전완근,Step:1 인클라인 벤치에 앉아 각 손에 덤벨을 들고 손바닥이 몸통을 향하게 하고 팔을 완전히 뻗습니다. | Step:2 등을 벤치에 대고 발을 바닥에 평평하게 댑니다. | Step:3 상완을 고정한 상태를 유지하면서 숨을 내쉬면서 이두근을 수축하면서 무게를 컬링합니다. | Step:4 이두근이 완전히 수축되고 덤벨이 어깨 높이에 올 때까지 계속 들어 올립니다. | Step:5 이두근을 쥐어짜면서 수축된 자세를 잠시 유지합니다. | Step:6 숨을 들이쉬면서 덤벨을 시작 자세로 천천히 내리기 시작합니다. | Step:7 원하는 횟수만큼 반복합니다.,https://melo2026.s3.ap-northeast-2.amazonaws.com/workout-images/ByX0WxV.webp,weight,5.0,팔,상완,덤벨,,덤벨
bZGHsAZ,인버티드 로우,https://static.exercisedb.dev/media/bZGHsAZ.gif,상부 등,이두근 | 전완근,Step:1 허리 높이로 바를 설정하거나 서스펜션 트레이너를 사용합니다. | Step:2 발을 어깨너비로 벌리고 바 또는 서스펜션 트레이너를 향해 섭니다. | Step:3 어깨너비보다 약간 넓게 오버핸드 그립으로 바 또는 손잡이를 잡습니다. | Step:4 몸을 곧게 펴고 발뒤꿈치를 바닥에 댄 상태를 유지하면서 뒤로 기울입니다. | Step:5 가슴을 바 또는 손잡이 쪽으로 당기면서 날개뼈를 함께 쥐어짭니다. | Step:6 맨 위에서 잠시 멈춘 후 천천히 시작 자세로 돌아갑니다. | Step:7 원하는 횟수만큼 반복합니다.,https://melo2026.s3.ap-northeast-2.amazonaws.com/workout-images/bZGHsAZ.webp,weight,3.5,등,,맨몸,,맨몸
bZq4bwK,웨이티드 트라이셉스 딥스,https://static.exercisedb.dev/media/bZq4bwK.gif,삼두근,가슴 | 어깨,Step:1 벤치나 의자 가장자리에 앉아 엉덩이 옆 가장자리를 손으로 잡습니다. | Step:2 엉덩이를 벤치 앞쪽으로 밀고 다리를 앞으로 뻗습니다. | Step:3 등을 벤치에 가깝게 유지하고 팔꿈치를 살짝 구부립니다. | Step:4 팔뚝이 바닥과 평행이 될 때까지 팔꿈치를 구부려 몸을 낮춥니다. | Step:5 팔을 펴서 시작 위치로 다시 밀어 올립니다. | Step:6 원하는 횟수만큼 반복합니다.,https://melo2026.s3.ap-northeast-2.amazonaws.com/workout-images/bZq4bwK.webp,weight,5.0,팔,상완,기타,중량,중량
C0eCeEt,트위스티드 레그 레이즈,https://static.exercisedb.dev/media/C0eCeEt.gif,복근,obliques | 고관절 굴곡근,Step:1 등을 대고 바닥에 평평하게 누워 다리를 뻗고 팔은 옆구리에 둡니다. | Step:2 지지를 위해 엉덩이 아래에 손을 댑니다. | Step:3 복근을 사용하여 다리를 곧게 펴고 땅에서 들어 올립니다. | Step:4 다리를 들어 올리면서 엉덩이를 한쪽으로 비틀어 반대쪽 어깨 쪽으로 다리를 가져옵니다. | Step:5 위에서 잠시 멈춘 다음 천천히 다리를 시작 위치로 다시 내립니다. | Step:6 이번에는 엉덩이를 다른 쪽으로 비틀면서 동작을 반복합니다. | Step:7 원하는 횟수만큼 번갈아 가며 계속합니다.,https://melo2026.s3.ap-northeast-2.amazonaws.com/workout-images/C0eCeEt.webp,weight,3.5,코어,허리 | 복부,맨몸,,맨몸
C0MA9bC,덤벨 원 암 벤트오버 로우,https://static.exercisedb.dev/media/C0MA9bC.gif,상부 등,이두근 | 전완근,Step:1 발을 어깨너비로 벌리고 한 손으로 덤벨을 잡고 손바닥이 몸을 향하도록 합니다. | Step:2 무릎을 살짝 구부리고 등을 곧게 펴고 코어를 사용하여 엉덩이에서 앞으로 구부립니다. | Step:3 덤벨을 팔을 완전히 뻗은 상태로 바닥을 향해 곧게 늘어뜨립니다. | Step:4 팔꿈치를 몸에 가깝게 유지하고 어깨뼈를 함께 조이면서 덤벨을 가슴 쪽으로 당깁니다. | Step:5 위에서 잠시 멈춘 다음 천천히 덤벨을 시작 위치로 다시 내립니다. | Step:6 원하는 횟수만큼 반복한 다음 반대쪽으로 전환합니다.,https://melo2026.s3.ap-northeast-2.amazonaws.com/workout-images/C0MA9bC.webp,weight,5.0,등,,덤벨,,덤벨
c16nYGA,밴드 원 암 트위스팅 체스트 프레스,https://static.exercisedb.dev/media/c16nYGA.gif,대흉근,어깨 | 삼두근,Step:1 밴드를 가슴 높이의 튼튼한 고정 지점에 부착합니다. | Step:2 고정 지점을 향해 옆으로 서서 한 손으로 밴드를 잡습니다. | Step:3 밴드에 장력이 생기도록 고정 지점에서 멀리 떨어져 섭니다. | Step:4 발을 어깨너비로 벌리고 무릎을 살짝 구부립니다. | Step:5 밴드를 잡은 손을 몸을 가로질러 반대쪽 어깨 쪽으로 가져옵니다. | Step:6 밴드의 장력을 유지하면서 손을 몸에서 멀리 앞으로 밀어 팔을 뻗습니다. | Step:7 천천히 시작 위치로 돌아와 원하는 횟수만큼 반복합니다. | Step:8 반대쪽으로 전환하고 다른 손으로 운동을 반복합니다.,https://melo2026.s3.ap-northeast-2.amazonaws.com/workout-images/c16nYGA.webp,weight,5.0,가슴,,밴드,,밴드
C31LMnP,원 레그 스쿼트,https://static.exercisedb.dev/media/C31LMnP.gif,둔근,quadriceps | 햄스트링 | 종아리,Step:1 발을 어깨너비로 벌리고 섭니다. | Step:2 한쪽 다리를 앞으로 뻗어 땅에서 떨어뜨린 상태로 유지합니다. | Step:3 서 있는 다리를 구부리고 의자에 앉는 것처럼 몸을 아래로 내립니다. | Step:4 가슴을 펴고 등을 곧게 유지합니다. | Step:5 뒤꿈치를 밀어 시작 위치로 돌아옵니다. | Step:6 다른 쪽 다리로 반복합니다.,https://melo2026.s3.ap-northeast-2.amazonaws.com/workout-images/C31LMnP.webp,weight,3.5,하체,허벅지,맨몸,,맨몸
c3Pfhti,롤러 사이드 랫 스트레치,https://static.exercisedb.dev/media/c3Pfhti.gif,광배근,어깨 | 삼두근,Step:1 발을 어깨너비로 벌리고 서서 몸 앞쪽에서 롤러를 양손으로 잡습니다. | Step:2 무릎을 살짝 구부리고 등을 곧게 펴고 엉덩이에서 앞으로 구부립니다. | Step:3 팔을 앞으로 뻗고 롤러를 발 쪽으로 굴려 등 근육의 스트레칭을 느낍니다. | Step:4 스트레칭을 몇 초 동안 유지한 다음 천천히 롤러를 시작 위치로 다시 굴립니다. | Step:5 원하는 횟수만큼 반복합니다.,https://melo2026.s3.ap-northeast-2.amazonaws.com/workout-images/c3Pfhti.webp,weight,2.5,등,,폼롤러,,롤러
c3QQLPi,케이블 리어 드라이브,https://static.exercisedb.dev/media/c3QQLPi.gif,삼두근,어깨 | 등,Step:1 핸들을 낮은 풀리 케이블 머신에 부착하고 머신을 향해 등을 돌리고 섭니다. | Step:2 오버핸드 그립으로 핸들을 잡고 팔을 앞으로 곧게 뻗습니다. | Step:3 팔꿈치를 고정한 상태로 핸들을 몸 쪽으로 당기면서 동작 끝에서 삼두근을 조입니다. | Step:4 천천히 핸들을 시작 위치로 되돌리고 원하는 횟수만큼 반복합니다.,https://melo2026.s3.ap-northeast-2.amazonaws.com/workout-images/c3QQLPi.webp,weight,5.0,팔,상완,케이블 머신,,케이블
C5jncD2,스탠딩 싱글 레그 컬,https://static.exercisedb.dev/media/C5jncD2.gif,햄스트링,둔근,Step:1 발을 엉덩이 너비로 벌리고 서서 손을 엉덩이에 댑니다. | Step:2 체중을 왼쪽 다리로 옮기고 오른쪽 발을 땅에서 들어 올려 무릎을 구부립니다. | Step:3 오른쪽 뒤꿈치를 엉덩이 쪽으로 천천히 컬링하여 햄스트링을 조입니다. | Step:4 위에서 잠시 멈춘 다음 오른쪽 발을 천천히 시작 위치로 다시 내립니다. | Step:5 원하는 횟수만큼 반복한 다음 다리를 바꿉니다.,https://melo2026.s3.ap-northeast-2.amazonaws.com/workout-images/C5jncD2.webp,weight,3.5,하체,허벅지,맨몸,,맨몸
C8Crfa4,타겟티드 스타일 스미스 클로즈 그립 벤치 프레스,,삼두근,가슴 | 어깨,Step:1 좌석 높이를 조절하고 발을 바닥에 평평하게 대고 벤치에 앉습니다. | Step:2 어깨 너비보다 약간 좁은 클로즈 그립으로 바벨을 잡습니다. | Step:3 팔꿈치를 몸에 가깝게 유지하면서 바벨을 가슴 쪽으로 내립니다. 타겟팅된 움직임에 집중합니다. | Step:4 아래에서 잠시 멈춘 다음 바벨을 시작 위치로 다시 밀어 올립니다. | Step:5 원하는 횟수만큼 반복합니다.,,weight,5.0,팔,상완,스미스 머신,,스미스 머신
c8f5cSY,사이드 라잉 힙 내전 (남성),https://static.exercisedb.dev/media/c8f5cSY.gif,내전근,둔근 | 햄스트링,Step:1 옆으로 누워 다리를 곧게 펴고 서로 쌓습니다. | Step:2 아래쪽 팔을 머리 아래에 두어 지지합니다. | Step:3 내전근을 사용하여 엉덩이를 회전하거나 뒤로 기울이지 않고 위쪽 다리를 가능한 한 높이 들어 올립니다. | Step:4 위에서 잠시 멈춘 다음 다리를 천천히 시작 위치로 다시 내립니다. | Step:5 원하는 횟수만큼 반복한 다음 반대쪽으로 전환합니다.,https://melo2026.s3.ap-northeast-2.amazonaws.com/workout-images/c8f5cSY.webp,weight,3.5,하체,허벅지,맨몸,,맨몸
c8oybX6,케이블 로프 엘리베이티드 시티드 로우,https://static.exercisedb.dev/media/c8oybX6.gif,상부 등,이두근 | 전완근,Step:1 엘리베이티드 좌석에 앉아 케이블 머신을 향합니다. | Step:2 오버핸드 그립으로 케이블 로프 핸들을 잡고 손바닥이 서로 마주보게 합니다. | Step:3 등을 곧게 펴고 무릎을 살짝 구부린 상태를 유지하면서 약간 뒤로 기울입니다. | Step:4 어깨뼈를 뒤로 당기고 등 근육을 조이면서 케이블을 몸 쪽으로 당깁니다. | Step:5 완전히 수축된 위치에서 잠시 멈춥니다. | Step:6 천천히 장력을 풀고 팔을 시작 위치로 다시 뻗습니다. | Step:7 원하는 횟수만큼 반복합니다.,https://melo2026.s3.ap-northeast-2.amazonaws.com/workout-images/c8oybX6.webp,weight,5.0,등,,케이블 머신,,케이블
C9LuR4A,레버 돈키 카프 레이즈,https://static.exercisedb.dev/media/C9LuR4A.gif,종아리,햄스트링 | 둔근,Step:1 레버리지 머신을 신체에 맞게 높이를 조절합니다. | Step:2 발가락을 발판에 대고 발뒤꿈치를 가장자리에 걸친 상태로 머신을 향해 섭니다. | Step:3 안정성을 위해 핸들이나 지지대에 손을 댑니다. | Step:4 종아리를 사용하여 발 앞꿈치를 사용하여 뒤꿈치를 가능한 한 높이 들어 올립니다. | Step:5 위에서 잠시 멈춘 다음 뒤꿈치를 천천히 시작 위치로 다시 내립니다. | Step:6 원하는 횟수만큼 반복합니다.,https://melo2026.s3.ap-northeast-2.amazonaws.com/workout-images/C9LuR4A.webp,weight,5.0,하체,종아리,머신,레버리지 머신,레버리지 머신
c9MnDRp,덤벨 레이즈,https://static.exercisedb.dev/media/c9MnDRp.gif,삼각근,승모근 | rhomboids,Step:1 발을 어깨너비로 벌리고 서서 각 손에 덤벨을 잡고 손바닥이 몸을 향하도록 합니다. | Step:2 등을 곧게 펴고 코어를 사용합니다. | Step:3 팔꿈치를 살짝 구부린 상태를 유지하면서 팔을 옆으로 들어 올려 바닥과 평행이 되도록 합니다. | Step:4 위에서 잠시 멈춘 다음 팔을 천천히 시작 위치로 다시 내립니다. | Step:5 원하는 횟수만큼 반복합니다.,https://melo2026.s3.ap-northeast-2.amazonaws.com/workout-images/c9MnDRp.webp,weight,5.0,어깨,,덤벨,,덤벨
Ca76jUE,케틀벨 얼터네이팅 로우,https://static.exercisedb.dev/media/Ca76jUE.gif,상부 등,이두근 | 전완근,Step:1 발을 어깨너비로 벌리고 무릎을 살짝 구부리고 각 손에 케틀벨을 잡고 손바닥이 몸을 향하도록 합니다. | Step:2 등을 곧게 펴고 코어를 사용하여 엉덩이에서 앞으로 구부립니다. | Step:3 팔꿈치를 몸에 가깝게 유지하고 어깨뼈를 함께 조이면서 한쪽 케틀벨을 가슴 쪽으로 당깁니다. | Step:4 케틀벨을 시작 위치로 다시 내리고 다른 팔로 반복합니다. | Step:5 원하는 횟수만큼 번갈아 가며 계속합니다.,https://melo2026.s3.ap-northeast-2.amazonaws.com/workout-images/Ca76jUE.webp,weight,5.0,등,,케틀벨,,케틀벨
cA9FuWG,바벨 벤트 암 풀오버,https://static.exercisedb.dev/media/cA9FuWG.gif,광배근,삼두근 | 가슴,Step:1 벤치에 머리를 한쪽 끝에 두고 발을 바닥에 대고 평평하게 눕습니다. | Step:2 어깨 너비 그립으로 바벨을 잡고 팔을 가슴 위로 곧게 뻗습니다. | Step:3 팔을 살짝 구부린 상태를 유지하면서 바벨을 머리 뒤로 내립니다. | Step:4 잠시 멈춘 다음 바벨을 시작 위치로 다시 들어 올립니다. | Step:5 원하는 횟수만큼 반복합니다.,https://melo2026.s3.ap-northeast-2.amazonaws.com/workout-images/cA9FuWG.webp,weight,5.0,등,,바벨,,바벨
cALkHHX,덤벨 아이언 크로스,https://static.exercisedb.dev/media/cALkHHX.gif,삼각근,삼두근 | 가슴,Step:1 발을 어깨 너비로 벌리고 서서 양손에 덤벨을 들고 옆구리에 둡니다. | Step:2 팔을 옆으로 들어 올려 바닥과 평행이 되도록 하고 몸과 함께 T자 모양을 만듭니다. | Step:3 잠시 멈춘 후 천천히 팔을 시작 자세로 내립니다. | Step:4 원하는 횟수만큼 반복합니다.,https://melo2026.s3.ap-northeast-2.amazonaws.com/workout-images/cALkHHX.webp,weight,5.0,어깨,,덤벨,,덤벨
cALKspW,케이블 업라이트 로우,https://static.exercisedb.dev/media/cALKspW.gif,삼각근,승모근 | 이두근,Step:1 발을 어깨 너비로 벌리고 무릎을 살짝 구부린 후 오버핸드 그립으로 케이블 부착물을 잡습니다. | Step:2 운동 내내 등을 곧게 펴고 코어를 고정합니다. | Step:3 팔꿈치를 먼저 사용하여 케이블 부착물을 턱 쪽으로 똑바로 당깁니다. | Step:4 맨 위에서 잠시 멈추고 날개뼈를 함께 쥐어짭니다. | Step:5 천천히 케이블 부착물을 시작 자세로 내립니다. | Step:6 원하는 횟수만큼 반복합니다.,https://melo2026.s3.ap-northeast-2.amazonaws.com/workout-images/cALKspW.webp,weight,5.0,어깨,,케이블 머신,,케이블
cAvTaSg,덤벨 킥백 온 엑서사이즈 볼,https://static.exercisedb.dev/media/cAvTaSg.gif,삼두근,어깨 | 등,Step:1 발을 바닥에 대고 등을 곧게 편 채 운동 공 위에 앉습니다. | Step:2 양손에 덤벨을 들고 손바닥이 안쪽을 향하게 하며 팔꿈치를 90도 각도로 구부립니다. | Step:3 팔을 똑바로 뒤로 뻗어 움직임의 맨 위에서 삼두근을 쥐어짭니다. | Step:4 잠시 멈춘 후 천천히 덤벨을 시작 자세로 내립니다. | Step:5 원하는 횟수만큼 반복합니다.,https://melo2026.s3.ap-northeast-2.amazonaws.com/workout-images/cAvTaSg.webp,weight,5.0,팔,상완,덤벨,,덤벨
CB8WET1,인클라인 푸시업 뎁스 점프,https://static.exercisedb.dev/media/CB8WET1.gif,대흉근,삼두근 | 어깨 | 코어,Step:1 벤치나 계단과 같은 높은 표면을 찾아 손을 어깨 너비로 벌려 가장자리에 댑니다. | Step:2 머리부터 발뒤꿈치까지 몸이 일직선이 되도록 발을 뒤로 뺍니다. | Step:3 팔꿈치를 구부리고 몸을 일직선으로 유지하면서 가슴을 표면 가장자리 쪽으로 내립니다. | Step:4 손바닥으로 밀어 팔을 펴고 시작 자세로 돌아옵니다. | Step:5 표면 가장자리에서 뛰어내려 무릎을 살짝 구부린 채 부드럽게 착지합니다. | Step:6 원하는 횟수만큼 푸시업과 뎁스 점프를 반복합니다.,https://melo2026.s3.ap-northeast-2.amazonaws.com/workout-images/CB8WET1.webp,weight,3.5,가슴,,맨몸,,맨몸
CbFSYC1,리어 풀업,https://static.exercisedb.dev/media/CbFSYC1.gif,광배근,이두근 | 전완근,Step:1 어깨 너비보다 약간 넓게 오버핸드 그립으로 풀업 바를 잡습니다. | Step:2 팔을 완전히 펴고 몸을 곧게 편 채 바에 매달립니다. | Step:3 등 근육을 사용하여 팔꿈치를 몸에 가깝게 붙인 채 몸을 바 쪽으로 당깁니다. | Step:4 턱이 바 위로 올라올 때까지 계속 당깁니다. | Step:5 맨 위에서 잠시 멈춘 후 천천히 몸을 시작 자세로 내립니다. | Step:6 원하는 횟수만큼 반복합니다.,https://melo2026.s3.ap-northeast-2.amazonaws.com/workout-images/CbFSYC1.webp,weight,3.5,등,,맨몸,,맨몸
cbuFJrn,레버 그리플리스 슈러그 v. 2,https://static.exercisedb.dev/media/cbuFJrn.gif,승모근,어깨 | 전완근,Step:1 시트 높이를 조절하고 등을 패드에 대고 기계에 앉습니다. | Step:2 오버핸드 그립으로 손잡이를 잡고 팔을 곧게 폅니다. | Step:3 등을 곧게 편 채 어깨를 귀 쪽으로 최대한 높이 들어 올립니다. | Step:4 수축을 잠시 유지한 후 천천히 어깨를 시작 자세로 내립니다. | Step:5 원하는 횟수만큼 반복합니다.,https://melo2026.s3.ap-northeast-2.amazonaws.com/workout-images/cbuFJrn.webp,weight,5.0,등,,머신,레버리지 머신,레버리지 머신
CcWEoWV,숏 스트라이드 런,https://static.exercisedb.dev/media/CcWEoWV.gif,심폐 지구력,quadriceps | 햄스트링 | 종아리,"Step:1 운동을 수행할 수 있는 열린 공간이나 트레드밀을 찾습니다. | Step:2 발을 엉덩이 너비로 벌리고 똑바로 섭니다. | Step:3 무릎을 높이 들고 팔을 흔들면서 제자리에서 조깅을 시작합니다. | Step:4 몇 초 후, 빠른 속도를 유지하면서 짧은 보폭으로 앞으로 나아가기 시작합니다. | Step:5 원하는 시간 또는 거리만큼 짧은 보폭으로 계속 달립니다.",https://melo2026.s3.ap-northeast-2.amazonaws.com/workout-images/CcWEoWV.webp,cardio,3.5,유산소,,맨몸,,맨몸
CfKsRbG,덤벨 얼터네이트 바이셉스 컬 (암 블래스터 포함),https://static.exercisedb.dev/media/CfKsRbG.gif,이두근,전완근,Step:1 발을 어깨 너비로 벌리고 똑바로 서서 양손에 덤벨을 들고 손바닥이 앞을 향하게 합니다. | Step:2 암 블래스터를 위팔에 대고 단단히 고정합니다. | Step:3 위팔을 고정한 채 숨을 내쉬면서 이두근을 수축시키면서 한쪽 덤벨을 어깨 쪽으로 들어 올립니다. | Step:4 이두근이 완전히 수축되고 덤벨이 어깨 높이에 올 때까지 계속 들어 올립니다. | Step:5 이두근을 쥐어짜면서 수축된 자세를 잠시 유지합니다. | Step:6 숨을 들이쉬면서 천천히 덤벨을 시작 자세로 내립니다. | Step:7 반대쪽 팔로 동작을 반복합니다. | Step:8 원하는 횟수만큼 번갈아 가며 반복합니다.,https://melo2026.s3.ap-northeast-2.amazonaws.com/workout-images/CfKsRbG.webp,weight,5.0,팔,상완,덤벨,,덤벨
CFN9P8G,EZ 바 프렌치 프레스 온 엑서사이즈 볼,https://static.exercisedb.dev/media/CFN9P8G.gif,삼두근,어깨,Step:1 운동 공 위에 앉아 EZ 바벨을 오버핸드 그립으로 잡습니다. | Step:2 팔꿈치를 머리에 가깝게 붙인 채 팔을 똑바로 위로 뻗습니다. | Step:3 팔꿈치를 구부려 바벨을 머리 뒤로 천천히 내립니다. | Step:4 잠시 멈춘 후 팔을 다시 시작 자세로 뻗어 올립니다. | Step:5 원하는 횟수만큼 반복합니다.,https://melo2026.s3.ap-northeast-2.amazonaws.com/workout-images/CFN9P8G.webp,weight,5.0,팔,상완,바벨,,EZ 바벨
CggQhII,레버 밀리터리 프레스,https://static.exercisedb.dev/media/CggQhII.gif,삼각근,삼두근 | upper chest,Step:1 시트 높이를 조절하고 등을 등받이에 대고 기계에 앉습니다. | Step:2 손잡이를 오버핸드 그립으로 잡고 손을 어깨 너비보다 약간 넓게 벌립니다. | Step:3 팔이 완전히 펴질 때까지 손잡이를 위로 밀지만 팔꿈치를 잠그지 마십시오. | Step:4 맨 위에서 잠시 멈춘 후 천천히 손잡이를 시작 자세로 내립니다. | Step:5 원하는 횟수만큼 반복합니다.,https://melo2026.s3.ap-northeast-2.amazonaws.com/workout-images/CggQhII.webp,weight,5.0,어깨,,머신,레버리지 머신,레버리지 머신
chfnQnM,백 펙 스트레치,https://static.exercisedb.dev/media/chfnQnM.gif,광배근,어깨 | 가슴,Step:1 발을 어깨 너비로 벌리고 똑바로 섭니다. | Step:2 팔을 바닥과 평행하게 앞으로 쭉 뻗습니다. | Step:3 오른팔을 왼팔 위로 하여 팔을 몸 앞에서 교차합니다. | Step:4 손가락을 깍지 끼고 손바닥을 몸에서 멀리 돌립니다. | Step:5 팔을 몸에서 위로 들어 올리면서 등과 가슴의 스트레칭을 느낍니다. | Step:6 15-30초 동안 스트레칭을 유지한 후 풀어줍니다. | Step:7 반대쪽도 반복합니다.,https://melo2026.s3.ap-northeast-2.amazonaws.com/workout-images/chfnQnM.webp,weight,2.5,등,,맨몸,,맨몸
CHpahtl,레버 시티드 힙 애덕션,https://static.exercisedb.dev/media/CHpahtl.gif,외전근,둔근 | 햄스트링,Step:1 무릎이 90도 각도가 되도록 시트 높이를 조절합니다. | Step:2 등을 등받이에 대고 발을 발 받침대에 댄 채 기계에 앉습니다. | Step:3 안정성을 위해 손을 옆 손잡이에 댑니다. | Step:4 내전근을 사용하여 다리를 몸의 중심선에서 멀리 천천히 벌립니다. | Step:5 동작의 끝에서 잠시 멈춘 후 다리를 천천히 시작 자세로 다시 모읍니다. | Step:6 원하는 횟수만큼 반복합니다.,https://melo2026.s3.ap-northeast-2.amazonaws.com/workout-images/CHpahtl.webp,weight,5.0,하체,허벅지,머신,레버리지 머신,레버리지 머신
CI6baTY,바텀스업,https://static.exercisedb.dev/media/CI6baTY.gif,복근,obliques | 고관절 굴곡근,Step:1 등을 대고 누워 다리를 펴고 팔을 옆구리에 둡니다. | Step:2 무릎을 구부려 발을 바닥에서 뗀 채 가슴 쪽으로 가져옵니다. | Step:3 복근을 사용하여 엉덩이를 바닥에서 들어 올려 무릎을 머리 쪽으로 가져옵니다. | Step:4 맨 위에서 잠시 멈춘 후 천천히 엉덩이를 시작 자세로 내립니다. | Step:5 원하는 횟수만큼 반복합니다.,https://melo2026.s3.ap-northeast-2.amazonaws.com/workout-images/CI6baTY.webp,weight,3.5,코어,허리 | 복부,맨몸,,맨몸
CjETvlw,롤러 시티드 싱글 레그 숄더 플렉서 디프레서 리트랙터,https://static.exercisedb.dev/media/CjETvlw.gif,대흉근,deltoids | 삼두근,Step:1 다리를 앞으로 펴고 평평한 표면에 앉습니다. | Step:2 양손으로 롤러를 잡고 손바닥을 아래로 향하게 하여 허벅지에 댑니다. | Step:3 약간 뒤로 기울이고 코어 근육을 사용합니다. | Step:4 팔을 곧게 편 채 롤러를 어깨 높이까지 들어 올립니다. | Step:5 천천히 롤러를 허벅지로 다시 내립니다. | Step:6 원하는 횟수만큼 반복합니다.,https://melo2026.s3.ap-northeast-2.amazonaws.com/workout-images/CjETvlw.webp,weight,3.5,가슴,,폼롤러,,롤러
cJgSTmh,오블리크 크런치 v. 2,https://static.exercisedb.dev/media/cJgSTmh.gif,복근,obliques,Step:1 등을 대고 누워 무릎을 구부리고 발을 바닥에 댑니다. | Step:2 손을 머리 뒤에 대거나 가슴 위에 교차합니다. | Step:3 복근을 사용하여 어깨뼈를 바닥에서 들어 올리고 몸통을 한쪽으로 회전시킵니다. | Step:4 잠시 멈춘 후 어깨뼈를 시작 자세로 다시 내립니다. | Step:5 반대쪽도 반복합니다. | Step:6 원하는 횟수만큼 번갈아 가며 반복합니다.,https://melo2026.s3.ap-northeast-2.amazonaws.com/workout-images/cJgSTmh.webp,weight,3.5,코어,허리 | 복부,맨몸,,맨몸
CJwa0vD,덤벨 스탠딩 벤트 오버 원 암 트라이셉스 익스텐션,https://static.exercisedb.dev/media/CJwa0vD.gif,삼두근,어깨 | 등,Step:1 발을 어깨 너비로 벌리고 서서 한 손으로 덤벨을 잡습니다. | Step:2 허리를 앞으로 숙이면서 등을 바닥과 평행하게 곧게 유지합니다. | Step:3 팔꿈치를 몸에 가깝게 붙인 채 팔을 똑바로 뒤로 뻗습니다. | Step:4 천천히 덤벨을 시작 자세로 되돌립니다. | Step:5 원하는 횟수만큼 반복한 후 팔을 바꿉니다.,https://melo2026.s3.ap-northeast-2.amazonaws.com/workout-images/CJwa0vD.webp,weight,5.0,팔,상완,덤벨,,덤벨
CMAxnsG,클락 푸시업,https://static.exercisedb.dev/media/CMAxnsG.gif,대흉근,삼두근 | 어깨 | 코어,Step:1 손이 어깨 바로 아래에 있고 몸이 일직선이 되도록 하이 플랭크 자세를 취합니다. | Step:2 팔꿈치를 몸에 가깝게 붙이고 구부리면서 몸을 바닥 쪽으로 내립니다. | Step:3 내리면서 몸을 왼쪽으로 회전시키고 왼팔을 옆으로 똑바로 뻗습니다. | Step:4 몸을 중앙으로 회전시키면서 시작 자세로 다시 밀어 올립니다. | Step:5 이번에는 몸을 오른쪽으로 회전시키고 오른팔을 옆으로 뻗으면서 푸시업을 반복합니다. | Step:6 각 반복마다 번갈아 가며 계속합니다.,https://melo2026.s3.ap-northeast-2.amazonaws.com/workout-images/CMAxnsG.webp,weight,3.5,가슴,,맨몸,,맨몸
CmEr4pM,케이블 와이드 그립 리어 풀다운 비하인드 넥,https://static.exercisedb.dev/media/CmEr4pM.gif,광배근,이두근 | rhomboids | rear deltoids,Step:1 풀다운 바가 머리 위 높이에 오도록 케이블 머신을 조절합니다. | Step:2 시트에 앉아 와이드 오버핸드 그립으로 풀다운 바를 잡습니다. | Step:3 등을 곧게 펴고 가슴을 들어 올린 채 약간 뒤로 기울입니다. | Step:4 어깨뼈를 함께 모으면서 바를 상부 가슴 쪽으로 당깁니다. | Step:5 동작 하단에서 잠시 멈춘 후 천천히 바를 시작 자세로 되돌립니다. | Step:6 원하는 횟수만큼 반복합니다.,https://melo2026.s3.ap-northeast-2.amazonaws.com/workout-images/CmEr4pM.webp,weight,5.0,등,,케이블 머신,,케이블
CosupLu,프론트 플랭크 위드 트위스트,https://static.exercisedb.dev/media/CosupLu.gif,복근,obliques | 어깨,Step:1 손이 어깨 바로 아래에 있고 머리부터 발끝까지 몸이 일직선이 되도록 하이 플랭크 자세를 취합니다. | Step:2 코어와 둔근을 사용하여 안정적인 자세를 유지합니다. | Step:3 몸통을 오른쪽으로 회전시키고 오른팔을 들어 천장 쪽으로 뻗습니다. | Step:4 비틀 때 엉덩이와 다리를 안정적으로 유지합니다. | Step:5 잠시 멈춘 후 시작 자세로 돌아갑니다. | Step:6 왼쪽으로도 비틀기를 반복합니다. | Step:7 원하는 횟수만큼 번갈아 가며 계속합니다.,https://melo2026.s3.ap-northeast-2.amazonaws.com/workout-images/CosupLu.webp,weight,3.5,코어,허리 | 복부,맨몸,,맨몸
cQ19bBP,로키 풀업 풀다운,https://static.exercisedb.dev/media/cQ19bBP.gif,광배근,이두근 | 전완근,Step:1 발을 어깨 너비로 벌리고 풀업 바 앞에 섭니다. | Step:2 어깨 너비보다 약간 넓게 오버핸드 그립으로 바를 잡기 위해 손을 뻗습니다. | Step:3 팔을 완전히 뻗고 몸을 곧게 편 채 바에 매달립니다. | Step:4 등 근육을 사용하여 가슴을 리드하며 몸을 바 쪽으로 당깁니다. | Step:5 상단에서 잠시 멈춘 후 천천히 몸을 시작 자세로 되돌립니다. | Step:6 원하는 횟수만큼 반복합니다.,https://melo2026.s3.ap-northeast-2.amazonaws.com/workout-images/cQ19bBP.webp,weight,3.5,등,,맨몸,,맨몸
CQHoDm0,이즈 바벨 덱클라인 트라이셉스 익스텐션,https://static.exercisedb.dev/media/CQHoDm0.gif,삼두근,어깨,Step:1 머리가 발보다 낮게 오도록 덱클라인 벤치에 눕고 발을 고정합니다. | Step:2 손을 어깨 너비로 벌리고 오버핸드 그립으로 이즈 바벨을 잡습니다. | Step:3 팔꿈치를 머리에 가깝게 붙인 채 팔을 완전히 뻗습니다. | Step:4 팔꿈치를 구부리면서 바벨을 이마 쪽으로 천천히 내립니다. | Step:5 잠시 멈춘 후 팔을 시작 자세로 되돌립니다. | Step:6 원하는 횟수만큼 반복합니다.,https://melo2026.s3.ap-northeast-2.amazonaws.com/workout-images/CQHoDm0.webp,weight,5.0,팔,상완,바벨,,EZ 바벨
CqhoytW,스미스 힙 레이즈,https://static.exercisedb.dev/media/CqhoytW.gif,복근,둔근 | 햄스트링,Step:1 스미스 머신에 등을 패드에 대고 발을 어깨 너비로 벌리고 위치합니다. | Step:2 손을 어깨 너비보다 약간 넓게 바벨 위에 올립니다. | Step:3 코어와 둔근을 사용한 후 발뒤꿈치를 밀어 엉덩이를 땅에서 들어 올립니다. | Step:4 무릎부터 어깨까지 일직선이 될 때까지 계속 들어 올립니다. | Step:5 상단에서 잠시 멈춘 후 천천히 엉덩이를 시작 자세로 되돌립니다. | Step:6 원하는 횟수만큼 반복합니다.,https://melo2026.s3.ap-northeast-2.amazonaws.com/workout-images/CqhoytW.webp,weight,5.0,코어,허리 | 복부,스미스 머신,,스미스 머신
CuaWCmC,케이블 라테랄 풀다운 (로프 어태치먼트 사용),https://static.exercisedb.dev/media/CuaWCmC.gif,광배근,이두근 | 전완근,Step:1 높은 위치에 있는 케이블 머신에 로프 어태치먼트를 연결합니다. | Step:2 발을 어깨 너비로 벌리고 기구를 향해 섭니다. | Step:3 손바닥이 서로 마주보도록 로프를 오버핸드 그립으로 잡습니다. | Step:4 등을 곧게 펴고 약간 뒤로 기울입니다. | Step:5 어깨뼈를 함께 모으면서 로프를 옆구리 쪽으로 당깁니다. | Step:6 동작 하단에서 잠시 멈춥니다. | Step:7 천천히 긴장을 풀고 로프가 시작 자세로 돌아가도록 합니다. | Step:8 원하는 횟수만큼 반복합니다.,https://melo2026.s3.ap-northeast-2.amazonaws.com/workout-images/CuaWCmC.webp,weight,5.0,등,,케이블 머신,,케이블
cuC7529,원 레그 스쿼트 - 확장 변형,,둔근,quadriceps | 햄스트링 | 종아리,Step:1 발을 어깨 너비로 벌리고 섭니다. | Step:2 한쪽 다리를 앞으로 뻗어 땅에서 떨어뜨린 상태를 유지합니다. | Step:3 서 있는 다리를 구부리고 의자에 앉는 것처럼 몸을 내립니다. | Step:4 가슴을 들어 올리고 등을 곧게 유지합니다. | Step:5 발뒤꿈치를 밀어 시작 자세로 돌아갑니다. | Step:6 다른 쪽 다리로 반복합니다. 전체적으로 확장된 자세를 유지합니다.,,weight,3.5,하체,허벅지,맨몸,,맨몸
cuKYxhu,스탠딩 골반 기울이기,https://static.exercisedb.dev/media/cuKYxhu.gif,척추,abdominals,Step:1 발을 어깨 너비로 벌리고 무릎을 약간 구부리고 섭니다. | Step:2 손을 엉덩이에 대거나 옆구리에 내립니다. | Step:3 코어 근육을 사용하고 골반을 앞으로 기울여 허리를 뒤쪽 벽으로 밀어냅니다. | Step:4 몇 초 동안 자세를 유지한 후 풀고 시작 자세로 돌아갑니다. | Step:5 원하는 횟수만큼 반복합니다.,https://melo2026.s3.ap-northeast-2.amazonaws.com/workout-images/cuKYxhu.webp,weight,3.5,등,,맨몸,,맨몸
CUmLRTA,케이블 니링 크런치 - 부드러운 변형,,복근,obliques,Step:1 높은 풀리에 로프 핸들을 연결하고 기구에서 멀리 떨어진 곳을 향해 무릎을 꿇습니다. | Step:2 양손으로 로프 핸들을 잡고 머리 뒤에 댑니다. 팔꿈치는 옆으로 벌립니다. | Step:3 엉덩이를 고정한 채 허리를 구부리고 몸통을 허벅지 쪽으로 쥐어짭니다. | Step:4 하단에서 잠시 멈춘 후 천천히 시작 자세로 돌아갑니다. 전체적으로 부드러운 자세를 유지합니다. | Step:5 원하는 횟수만큼 반복합니다.,,weight,5.0,코어,허리 | 복부,케이블 머신,,케이블
CvPn9WV,케이블 스탠딩 풀다운 (로프 사용),https://static.exercisedb.dev/media/CvPn9WV.gif,이두근,전완근 | 어깨,Step:1 가장 높은 설정으로 케이블 머신에 로프를 연결합니다. | Step:2 발을 어깨 너비로 벌리고 기구를 향해 섭니다. | Step:3 손바닥이 아래를 향하도록 로프를 오버핸드 그립으로 잡습니다. | Step:4 운동 내내 등을 곧게 펴고 코어를 사용합니다. | Step:5 팔꿈치를 구부리면서 로프를 허벅지 쪽으로 당깁니다. | Step:6 하단에서 잠시 멈춘 후 천천히 로프를 다시 위로 올립니다. | Step:7 원하는 횟수만큼 반복합니다.,https://melo2026.s3.ap-northeast-2.amazonaws.com/workout-images/CvPn9WV.webp,weight,5.0,팔,상완,케이블 머신,,케이블
cWemPG8,덤벨 프론트 인클라인 햄머 컬,https://static.exercisedb.dev/media/cWemPG8.gif,이두근,전완근,Step:1 벤치를 45도 각도로 조절합니다. | Step:2 손바닥이 서로 마주보도록 덤벨을 각각 들고 벤치에 엎드립니다. | Step:3 팔을 바닥을 향해 똑바로 늘어뜨리고 팔꿈치를 약간 구부립니다. | Step:4 팔 윗부분을 고정한 채 숨을 내쉬면서 이두근을 수축하며 무게를 컬링합니다. | Step:5 이두근이 완전히 수축되고 덤벨이 어깨 높이에 올 때까지 계속 들어 올립니다. | Step:6 이두근을 쥐어짜면서 수축된 자세를 잠시 유지합니다. | Step:7 숨을 들이쉬면서 천천히 덤벨을 시작 자세로 되돌립니다. | Step:8 원하는 횟수만큼 반복합니다.,https://melo2026.s3.ap-northeast-2.amazonaws.com/workout-images/cWemPG8.webp,weight,5.0,팔,상완,덤벨,,덤벨
cwsAI4G,덤벨 덱클라인 슈러그,https://static.exercisedb.dev/media/cwsAI4G.gif,승모근,어깨 | rhomboids,Step:1 덱클라인 벤치를 45도 각도로 설정합니다. | Step:2 가슴과 배를 벤치에 대고 엎드립니다. | Step:3 팔을 바닥을 향해 완전히 뻗은 채 덤벨을 각각 듭니다. | Step:4 팔을 곧게 편 채 어깨를 귀 쪽으로 최대한 높이 들어 올립니다. | Step:5 수축을 잠시 유지한 후 천천히 덤벨을 시작 자세로 되돌립니다. | Step:6 원하는 횟수만큼 반복합니다.,https://melo2026.s3.ap-northeast-2.amazonaws.com/workout-images/cwsAI4G.webp,weight,5.0,등,,덤벨,,덤벨
d1GgzTU,L-풀업,https://static.exercisedb.dev/media/d1GgzTU.gif,광배근,이두근 | 전완근,Step:1 어깨 너비보다 약간 넓게 오버핸드 그립으로 풀업 바를 잡습니다. | Step:2 팔을 완전히 뻗고 몸을 곧게 편 채 매달립니다. | Step:3 광배근과 이두근을 사용하여 팔꿈치를 몸에 가깝게 붙인 채 몸을 바 쪽으로 당깁니다. | Step:4 턱이 바 위로 올라올 때까지 계속 당깁니다. | Step:5 상단에서 잠시 멈춘 후 천천히 몸을 시작 자세로 되돌립니다. | Step:6 원하는 횟수만큼 반복합니다.,https://melo2026.s3.ap-northeast-2.amazonaws.com/workout-images/d1GgzTU.webp,weight,3.5,등,,맨몸,,맨몸
D1xYJAU,덤벨 오버 벤치 리스트 컬,https://static.exercisedb.dev/media/D1xYJAU.gif,전완근,이두근 | brachialis,Step:1 벤치에 앉아 팔뚝을 벤치에 대고 손바닥이 위를 향하도록 하여 각 손에 덤벨을 듭니다. | Step:2 손목을 벤치 가장자리 아래로 늘어뜨립니다. | Step:3 손목을 위로 천천히 컬링하며 움직임의 맨 위에서 팔뚝을 쥐어짭니다. | Step:4 잠시 멈춘 다음 손목을 시작 위치로 천천히 내립니다. | Step:5 원하는 횟수만큼 반복합니다.,https://melo2026.s3.ap-northeast-2.amazonaws.com/workout-images/D1xYJAU.webp,weight,5.0,팔,전완,덤벨,,덤벨
d5bTEPV,밴드 스텝업,https://static.exercisedb.dev/media/d5bTEPV.gif,둔근,quadriceps | 햄스트링 | 종아리,Step:1 무릎 바로 위 허벅지 주위에 밴드를 두릅니다. | Step:2 발을 엉덩이 너비로 벌리고 계단이나 플랫폼을 향해 섭니다. | Step:3 오른쪽 발로 플랫폼 위로 발을 딛고 뒤꿈치로 밀어냅니다. | Step:4 왼쪽 다리를 뒤로 곧게 뻗습니다. | Step:5 왼쪽 발을 다시 땅으로 내립니다. | Step:6 왼쪽 발로 플랫폼 위로 발을 딛고 반복합니다. | Step:7 원하는 횟수만큼 다리를 번갈아 가며 계속합니다.,https://melo2026.s3.ap-northeast-2.amazonaws.com/workout-images/d5bTEPV.webp,weight,3.5,하체,허벅지,밴드,,밴드
D5yqP2p,레버 오버핸드 트라이셉스 딥,https://static.exercisedb.dev/media/D5yqP2p.gif,삼두근,가슴 | 어깨,Step:1 기계를 적절한 높이로 조절하고 몸을 제자리에 고정합니다. | Step:2 오버핸드 그립으로 손잡이를 잡고 팔이 완전히 펴지도록 몸을 위치시킵니다. | Step:3 팔꿈치를 구부려 몸을 내리면서 상완을 옆구리에 가깝게 유지합니다. | Step:4 상완이 바닥과 평행이 될 때까지 계속 내립니다. | Step:5 잠시 멈춘 다음 팔꿈치를 펴서 시작 위치로 다시 밀어 올립니다. | Step:6 원하는 횟수만큼 반복합니다.,https://melo2026.s3.ap-northeast-2.amazonaws.com/workout-images/D5yqP2p.webp,weight,5.0,팔,상완,머신,레버리지 머신,레버리지 머신
d7z1Y7V,엑서사이즈 볼 허그,https://static.exercisedb.dev/media/d7z1Y7V.gif,척추,어깨 | 가슴,Step:1 발을 땅에 대고 등을 곧게 펴고 안정성 볼에 앉습니다. | Step:2 양손으로 안정성 볼을 잡고 가슴 가까이 안습니다. | Step:3 코어 근육을 사용하고 등을 곧게 펴고 발을 땅에 고정한 상태에서 천천히 뒤로 기울입니다. | Step:4 등 근육에 스트레칭이 느껴질 때까지 뒤로 기울입니다. | Step:5 몇 초 동안 자세를 유지한 다음 시작 위치로 천천히 돌아갑니다. | Step:6 원하는 횟수만큼 반복합니다.,https://melo2026.s3.ap-northeast-2.amazonaws.com/workout-images/d7z1Y7V.webp,weight,2.5,등,,기타,짐볼,짐볼
d960PgE,바벨 시티드 굿모닝,https://static.exercisedb.dev/media/d960PgE.gif,둔근,햄스트링 | lower back,Step:1 발을 땅에 대고 벤치에 앉아 바벨을 등 위쪽에 올려놓습니다. | Step:2 등을 곧게 펴고 가슴을 들어 올립니다. | Step:3 엉덩이에서 천천히 경첩을 움직여 몸통을 땅 쪽으로 내립니다. | Step:4 맨 아래에서 잠시 멈춘 다음 뒤꿈치로 밀어 시작 위치로 돌아갑니다. | Step:5 원하는 횟수만큼 반복합니다.,https://melo2026.s3.ap-northeast-2.amazonaws.com/workout-images/d960PgE.webp,weight,5.0,하체,허벅지,바벨,,바벨
D9qe7CM,골반 기울이기 브릿지,https://static.exercisedb.dev/media/D9qe7CM.gif,둔근,햄스트링 | 코어,Step:1 무릎을 구부리고 발을 땅에 대고 등을 대고 눕습니다. | Step:2 팔을 옆구리에 두고 손바닥이 아래를 향하도록 합니다. | Step:3 둔근과 코어 근육을 사용합니다. | Step:4 골반을 위로 기울여 엉덩이를 땅에서 들어 올립니다. | Step:5 브릿지 자세를 몇 초 동안 유지합니다. | Step:6 엉덩이를 시작 위치로 천천히 내립니다. | Step:7 원하는 횟수만큼 반복합니다.,https://melo2026.s3.ap-northeast-2.amazonaws.com/workout-images/D9qe7CM.webp,weight,3.5,하체,허벅지,맨몸,,맨몸
d9Xaxq6,케이블 러시안 트위스트 (안정성 볼 위),https://static.exercisedb.dev/media/d9Xaxq6.gif,복근,obliques | lower back,Step:1 발을 땅에 대고 무릎을 90도 각도로 구부려 안정성 볼에 앉습니다. | Step:2 양손으로 케이블 손잡이를 잡고 팔을 앞으로 곧게 뻗습니다. | Step:3 등을 곧게 펴고 코어를 사용하면서 약간 뒤로 기울입니다. | Step:4 몸통을 오른쪽으로 비틀어 케이블 손잡이를 오른쪽 엉덩이 쪽으로 가져옵니다. | Step:5 잠시 멈춘 다음 몸통을 왼쪽으로 비틀어 케이블 손잡이를 왼쪽 엉덩이 쪽으로 가져옵니다. | Step:6 원하는 횟수만큼 번갈아 가며 비틀기를 계속합니다.,https://melo2026.s3.ap-northeast-2.amazonaws.com/workout-images/d9Xaxq6.webp,weight,5.0,코어,허리 | 복부,케이블 머신,,케이블
da4cXST,이지바 클로즈 그립 벤치 프레스,https://static.exercisedb.dev/media/da4cXST.gif,삼두근,가슴 | 어깨,Step:1 발을 땅에 대고 등을 벤치에 대고 평평하게 눕습니다. | Step:2 어깨 너비로 손을 잡고 손바닥이 앞을 향하도록 하여 이지 바벨을 잡습니다. | Step:3 랙에서 바벨을 들어 올려 팔을 완전히 펴서 가슴 바로 위에 둡니다. | Step:4 팔꿈치를 몸에 가깝게 유지하면서 바벨을 가슴 쪽으로 천천히 내립니다. | Step:5 바벨이 가슴에 닿으면 잠시 멈춥니다. | Step:6 팔을 완전히 펴서 바벨을 시작 위치로 다시 밀어 올립니다. | Step:7 원하는 횟수만큼 반복합니다.,https://melo2026.s3.ap-northeast-2.amazonaws.com/workout-images/da4cXST.webp,weight,5.0,팔,상완,바벨,,EZ 바벨
daBmy1Y,덤벨 싱글 레그 데드리프트 (스텝박스 지지),https://static.exercisedb.dev/media/daBmy1Y.gif,둔근,햄스트링 | lower back,Step:1 발을 엉덩이 너비로 벌리고 오른손에 덤벨을 듭니다. | Step:2 왼쪽 발을 뒤에 있는 스텝박스나 높은 표면에 둡니다. | Step:3 등을 곧게 펴고 코어를 사용하면서 엉덩이에서 경첩을 움직여 덤벨을 땅 쪽으로 내립니다. | Step:4 덤벨을 내리면서 동시에 왼쪽 다리를 뒤로 들어 올려 머리부터 뒤꿈치까지 직선을 유지합니다. | Step:5 오른쪽 햄스트링에 스트레칭이 느껴질 때까지 덤벨을 내린 다음 시작 위치로 돌아갑니다. | Step:6 원하는 횟수만큼 반복한 다음 반대쪽으로 전환합니다.,https://melo2026.s3.ap-northeast-2.amazonaws.com/workout-images/daBmy1Y.webp,weight,2.5,하체,허벅지,덤벨,,덤벨
dAJscVq,케이블 인클라인 벤치 로우 - 엘리트 변형,,상부 등,이두근 | rear deltoids,Step:1 45도 각도로 인클라인 벤치를 설정하고 로우 풀리에 케이블 손잡이를 연결합니다. | Step:2 발을 땅에 대고 무릎을 약간 구부린 상태에서 케이블 머신을 향해 벤치에 앉습니다. | Step:3 오버핸드 그립으로 케이블 손잡이를 잡고 팔을 앞으로 완전히 뻗습니다. 엘리트 강도로 수행합니다. | Step:4 등을 곧게 펴고 코어를 사용하면서 엉덩이에서 앞으로 기울입니다. | Step:5 견갑골을 뒤로 당기고 팔꿈치를 구부려 케이블 손잡이를 가슴 쪽으로 당깁니다. | Step:6 움직임의 맨 위에서 등 근육을 쥐어짠 다음 팔을 시작 위치로 천천히 뻗습니다. | Step:7 원하는 횟수만큼 반복합니다.,,weight,5.0,등,,케이블 머신,,케이블
dB07vDu,케이블 원 암 래터럴 벤트오버,https://static.exercisedb.dev/media/dB07vDu.gif,대흉근,deltoids | trapezius,Step:1 발을 어깨 너비로 벌리고 케이블 머신을 향해 섭니다. | Step:2 한 손으로 손잡이를 잡고 뒤로 물러나 케이블에 장력을 생성합니다. | Step:3 등을 곧게 펴고 코어를 사용하면서 허리에서 앞으로 구부립니다. | Step:4 팔꿈치를 약간 구부린 상태에서 팔을 옆으로 땅과 평행하게 뻗습니다. | Step:5 움직임 전체를 제어하면서 팔을 시작 위치로 천천히 되돌립니다. | Step:6 원하는 횟수만큼 반복한 다음 반대쪽으로 전환합니다.,https://melo2026.s3.ap-northeast-2.amazonaws.com/workout-images/dB07vDu.webp,weight,5.0,가슴,,케이블 머신,,케이블
DB0n8AG,케틀벨 프론트 스쿼트,https://static.exercisedb.dev/media/DB0n8AG.gif,둔근,quadriceps | 햄스트링 | 종아리,Step:1 발을 어깨 너비로 벌리고 발가락을 약간 바깥쪽으로 향하게 합니다. | Step:2 케틀벨을 양손으로 가슴 앞에 가깝게 잡습니다. | Step:3 코어를 사용하고 가슴을 들어 올린 상태에서 의자에 앉는 것처럼 엉덩이를 아래로 뒤로 내립니다. | Step:4 허벅지가 바닥과 평행이 될 때까지 또는 편안하게 갈 수 있는 만큼 낮춥니다. | Step:5 뒤꿈치로 밀어 다시 일어서면서 맨 위에서 둔근을 쥐어짭니다. | Step:6 원하는 횟수만큼 반복합니다.,https://melo2026.s3.ap-northeast-2.amazonaws.com/workout-images/DB0n8AG.webp,weight,5.0,하체,허벅지,케틀벨,,케틀벨
Db7eEgw,케이블 컨센트레이션 익스텐션 (무릎 대고),https://static.exercisedb.dev/media/Db7eEgw.gif,삼두근,전완근,Step:1 무릎을 구부리고 발을 땅에 대고 벤치나 의자에 앉습니다. | Step:2 오른손으로 케이블 손잡이를 잡고 팔꿈치를 오른쪽 무릎 안쪽에 댑니다. | Step:3 팔꿈치를 고정하고 무릎에 가깝게 유지하면서 팔을 완전히 뻗습니다. | Step:4 맨 위에서 잠시 멈춘 다음 팔을 시작 위치로 천천히 내립니다. | Step:5 원하는 횟수만큼 반복한 다음 반대쪽으로 전환합니다.,https://melo2026.s3.ap-northeast-2.amazonaws.com/workout-images/Db7eEgw.webp,weight,5.0,팔,상완,케이블 머신,,케이블
dCJnuVq,메디신 볼 체스트 푸시 (3점 자세),https://static.exercisedb.dev/media/dCJnuVq.gif,대흉근,어깨 | 삼두근,Step:1 한 손으로 메디신 볼을 잡고 다른 손으로 땅을 짚는 3점 자세로 시작합니다. | Step:2 다리를 뻗고 몸을 직선으로 위치시킵니다. | Step:3 등을 곧게 펴고 가슴을 땅 쪽으로 내립니다. | Step:4 팔을 완전히 뻗어 메디신 볼을 몸에서 멀리 밀어냅니다. | Step:5 시작 위치로 돌아가 원하는 횟수만큼 반복합니다.,https://melo2026.s3.ap-northeast-2.amazonaws.com/workout-images/dCJnuVq.webp,weight,5.0,가슴,,기타,메디신볼,메디신볼
dCPESfR,바벨 스탠딩 브래드포드 프레스,https://static.exercisedb.dev/media/dCPESfR.gif,삼각근,삼두근 | 상부 등,Step:1 발을 어깨 너비로 벌리고 오버핸드 그립으로 바벨을 어깨 앞에 둡니다. | Step:2 팔을 완전히 펴서 바벨을 머리 위로 밀어 올립니다. | Step:3 바벨을 시작 위치로 다시 내립니다. | Step:4 원하는 횟수만큼 반복합니다.,https://melo2026.s3.ap-northeast-2.amazonaws.com/workout-images/dCPESfR.webp,weight,5.0,어깨,,바벨,,바벨
DeDThfG,시티드 글루트 스트레치,https://static.exercisedb.dev/media/DeDThfG.gif,둔근,햄스트링,Step:1 바닥에 앉아 다리를 앞으로 뻗으세요. | Step:2 오른쪽 무릎을 구부리고 오른쪽 발목을 왼쪽 허벅지 위로 교차하세요. | Step:3 지지를 위해 오른쪽 손을 뒤쪽 바닥에 짚으세요. | Step:4 왼쪽 손으로 오른쪽 무릎을 부드럽게 눌러 스트레칭을 깊게 하세요. | Step:5 30초에서 1분 동안 스트레칭을 유지하세요. | Step:6 반대쪽으로 바꿔 반복하세요.,https://melo2026.s3.ap-northeast-2.amazonaws.com/workout-images/DeDThfG.webp,weight,2.5,하체,허벅지,맨몸,,맨몸
DEEqoI2,포스테리어 티비알리스 스트레치,https://static.exercisedb.dev/media/DEEqoI2.gif,종아리,햄스트링 | quadriceps,Step:1 바닥에 앉아 다리를 앞으로 뻗으세요. | Step:2 로프를 발 앞쪽으로 감고 손으로 로프 끝을 잡으세요. | Step:3 발을 구부리고 종아리 근육을 스트레칭하면서 로프를 부드럽게 몸쪽으로 당기세요. | Step:4 20-30초 동안 스트레칭을 유지하세요. | Step:5 로프의 긴장을 풀고 발을 편안하게 하세요. | Step:6 반대쪽 다리로 스트레칭을 반복하세요.,https://melo2026.s3.ap-northeast-2.amazonaws.com/workout-images/DEEqoI2.webp,weight,2.5,하체,종아리,기타,로프,로프
DFGXwZr,월드 그레이티스트 스트레치,https://static.exercisedb.dev/media/DFGXwZr.gif,햄스트링,둔근 | quadriceps | 종아리,"Step:1 오른쪽 발을 앞으로, 왼쪽 발을 뒤로 한 런지 자세로 시작하세요. | Step:2 양손을 오른쪽 발 양옆 바닥에 짚으세요. | Step:3 왼쪽 무릎을 바닥으로 내리고 오른쪽 발을 바닥에 평평하게 둔 채 오른쪽 다리를 펴세요. | Step:4 몸통을 오른쪽으로 회전시키면서 오른쪽 팔을 천장 쪽으로 뻗으세요. | Step:5 몇 초 동안 이 자세를 유지한 다음 시작 자세로 돌아가세요. | Step:6 반대쪽으로 바꿔 왼쪽 발을 앞으로 하여 스트레칭을 반복하세요.",https://melo2026.s3.ap-northeast-2.amazonaws.com/workout-images/DFGXwZr.webp,weight,2.5,하체,허벅지,맨몸,,맨몸
dFSNDOA,바벨 시티드 트위스트,https://static.exercisedb.dev/media/dFSNDOA.gif,복근,obliques | lower back,Step:1 평평한 벤치에 앉아 발을 바닥에 평평하게 대고 무릎을 구부리세요. | Step:2 양손으로 가슴 앞에서 바벨을 잡고 팔꿈치를 살짝 구부린 상태를 유지하세요. | Step:3 코어에 힘을 주고 등을 곧게 편 상태로 천천히 몸통을 한쪽으로 비트세요. | Step:4 비트는 동작의 끝에서 잠시 멈춘 다음 천천히 시작 자세로 돌아가세요. | Step:5 반대쪽으로 비트는 동작을 반복하세요. | Step:6 원하는 횟수만큼 번갈아 가며 반복하세요.,https://melo2026.s3.ap-northeast-2.amazonaws.com/workout-images/dFSNDOA.webp,weight,5.0,코어,허리 | 복부,바벨,,바벨
dG5Smob,스내치 풀,https://static.exercisedb.dev/media/dG5Smob.gif,대퇴사두근,햄스트링 | 둔근 | 종아리,Step:1 발을 어깨너비로 벌리고 서서 바벨을 앞에 놓으세요. | Step:2 무릎을 구부리고 엉덩이를 접어 스쿼트 자세로 내려가면서 오버핸드 그립으로 바벨을 잡으세요. | Step:3 등을 곧게 펴고 가슴을 들어 올린 상태에서 발뒤꿈치로 밀어 바벨을 바닥에서 들어 올리면서 엉덩이와 무릎을 펴세요. | Step:4 바벨이 엉덩이 높이에 도달하면 어깨를 으쓱하면서 팔꿈치를 높고 옆으로 당기면서 폭발적으로 위로 당기세요. | Step:5 바벨이 가장 높은 지점에 도달하면 빠르게 아래로 내려가면서 깊은 스쿼트 자세로 들어가세요. | Step:6 팔을 완전히 펴고 무릎을 구부린 상태에서 머리 위로 바벨을 잡으세요. | Step:7 엉덩이와 무릎을 펴면서 머리 위로 바벨을 들고 일어서세요. | Step:8 동작을 반대로 하여 바벨을 시작 자세로 내리세요. | Step:9 원하는 횟수만큼 반복하세요.,https://melo2026.s3.ap-northeast-2.amazonaws.com/workout-images/dG5Smob.webp,weight,5.0,하체,허벅지,바벨,,바벨
dG7tG5y,바벨 슈러그,https://static.exercisedb.dev/media/dG7tG5y.gif,승모근,어깨,Step:1 발을 어깨너비로 벌리고 서서 오버핸드 그립으로 바벨을 앞에 잡으세요. | Step:2 운동 내내 팔을 곧게 펴고 등을 곧게 유지하세요. | Step:3 승모근을 조이면서 어깨를 귀 쪽으로 최대한 높이 들어 올리세요. | Step:4 잠시 멈춘 다음 어깨를 천천히 시작 자세로 내리세요. | Step:5 원하는 횟수만큼 반복하세요.,https://melo2026.s3.ap-northeast-2.amazonaws.com/workout-images/dG7tG5y.webp,weight,5.0,등,,바벨,,바벨
DgZQ11d,이지 바벨 디클라인 클로즈 그립 페이스 프레스,https://static.exercisedb.dev/media/DgZQ11d.gif,삼두근,가슴 | 어깨,Step:1 머리가 발보다 낮게 내려가도록 디클라인 벤치에 누우세요. | Step:2 손바닥이 서로 마주보도록 이지 바벨을 좁게 잡으세요. | Step:3 팔꿈치를 몸에 가깝게 붙인 채 팔을 가슴 위로 곧게 뻗으세요. | Step:4 팔꿈치를 구부려 바벨을 이마 쪽으로 내리세요. | Step:5 잠시 멈춘 다음 팔꿈치를 펴서 바벨을 시작 자세로 다시 밀어 올리세요. | Step:6 원하는 횟수만큼 반복하세요.,https://melo2026.s3.ap-northeast-2.amazonaws.com/workout-images/DgZQ11d.webp,weight,5.0,팔,상완,바벨,,EZ 바벨
DhMl549,바벨 풀 스쿼트 (백 POV),https://static.exercisedb.dev/media/DhMl549.gif,둔근,quadriceps | 햄스트링 | 종아리 | 코어,"Step:1 발을 어깨너비로 벌리고 서서 발끝을 약간 바깥쪽으로 향하게 하세요. | Step:2 바벨을 등 위쪽으로, 승모근이나 후면 삼각근 위에 올려놓으세요. | Step:3 코어에 힘을 주고 가슴을 들어 올린 상태에서 몸을 내리기 시작하세요. | Step:4 무릎과 엉덩이를 구부리면서 의자에 앉는 것처럼 엉덩이를 뒤로, 아래로 미세요. | Step:5 허벅지가 바닥과 평행이 되거나 그보다 약간 아래가 될 때까지 몸을 내리세요. | Step:6 무릎이 발끝과 일직선이 되도록 하고 발뒤꿈치에 체중을 두세요. | Step:7 발뒤꿈치로 밀어 엉덩이와 무릎을 펴면서 다시 일어서세요. | Step:8 원하는 횟수만큼 반복하세요.",https://melo2026.s3.ap-northeast-2.amazonaws.com/workout-images/DhMl549.webp,weight,5.0,하체,허벅지,바벨,,바벨
DICPHtq,타겟 스타일 싱글 레그 카프 레이즈 (덤벨 위에서),,종아리,ankles | feet,Step:1 발을 엉덩이 너비로 벌리고 서서 한 손으로 덤벨을 잡으세요. | Step:2 한 발을 땅에서 떼고 다른 발로 균형을 잡으세요. | Step:3 종아리 근육을 사용하여 발뒤꿈치를 최대한 높이 천천히 들어 올리세요. 타겟팅된 컨트롤을 강조하세요. | Step:4 맨 위에서 잠시 멈춘 다음 발뒤꿈치를 천천히 다시 내리세요. | Step:5 원하는 횟수만큼 반복한 다음 반대쪽 다리로 바꾸세요.,,weight,5.0,하체,종아리,덤벨,,덤벨
DIVyqrU,스핑크스,https://static.exercisedb.dev/media/DIVyqrU.gif,척추,둔근 | 햄스트링,Step:1 팔뚝을 바닥에 평평하게 대고 팔꿈치가 어깨 바로 아래에 오도록 엎드리세요. | Step:2 코어에 힘을 주고 팔뚝과 발가락을 바닥에 댄 채 가슴을 바닥에서 들어 올리세요. | Step:3 목을 중립 위치에 유지하면서 몇 초 동안 이 자세를 유지하세요. | Step:4 가슴을 천천히 시작 자세로 다시 내리세요. | Step:5 원하는 횟수만큼 반복하세요.,https://melo2026.s3.ap-northeast-2.amazonaws.com/workout-images/DIVyqrU.webp,weight,2.5,등,,맨몸,,맨몸
dK9394r,버피,https://static.exercisedb.dev/media/dK9394r.gif,심폐 지구력,quadriceps | 햄스트링 | 종아리 | 어깨 | 가슴,Step:1 발을 어깨너비로 벌리고 서서 시작하세요. | Step:2 무릎을 구부리고 손을 앞에 바닥에 짚어 몸을 스쿼트 자세로 내리세요. | Step:3 발을 뒤로 차서 푸시업 자세를 만드세요. | Step:4 몸을 일직선으로 유지하면서 푸시업을 하세요. | Step:5 발을 스쿼트 자세로 다시 점프하세요. | Step:6 팔을 머리 위로 뻗으면서 폭발적으로 점프하세요. | Step:7 부드럽게 착지하고 즉시 스쿼트 자세로 다시 내려가 다음 반복을 시작하세요.,https://melo2026.s3.ap-northeast-2.amazonaws.com/workout-images/dK9394r.webp,cardio,3.5,유산소,,맨몸,,맨몸
DKBwJrL,밴드 원 암 트위스팅 시티드 로우,https://static.exercisedb.dev/media/DKBwJrL.gif,상부 등,이두근 | 어깨,Step:1 벤치나 의자에 앉아 발을 바닥에 평평하게 대고 등을 곧게 펴세요. | Step:2 밴드를 한 손으로 잡고 팔을 앞으로 완전히 뻗으세요. | Step:3 등을 곧게 편 상태로 팔꿈치를 구부리고 어깨뼈를 함께 조이면서 밴드를 몸쪽으로 당기세요. | Step:4 동시에 당기는 팔 쪽으로 몸통을 비트세요. | Step:5 맨 위에서 잠시 멈춘 다음 밴드의 긴장을 천천히 풀고 시작 자세로 돌아가세요. | Step:6 원하는 횟수만큼 반복한 다음 반대쪽 팔로 바꾸세요.,https://melo2026.s3.ap-northeast-2.amazonaws.com/workout-images/DKBwJrL.webp,weight,5.0,등,,밴드,,밴드
dmgMp3n,바벨 인클라인 로우,https://static.exercisedb.dev/media/dmgMp3n.gif,상부 등,이두근 | 전완근,Step:1 인클라인 벤치를 45도 각도로 설정하세요. | Step:2 가슴을 패드에 대고 발을 바닥에 평평하게 댄 채 벤치에 엎드리세요. | Step:3 어깨너비보다 약간 넓게 오버핸드 그립으로 바벨을 잡으세요. | Step:4 등을 곧게 펴고 코어를 유지하세요. | Step:5 바벨을 가슴 쪽으로 당기면서 어깨뼈를 함께 조이세요. | Step:6 맨 위에서 잠시 멈춘 다음 바벨을 천천히 시작 자세로 다시 내리세요. | Step:7 원하는 횟수만큼 반복하세요.,https://melo2026.s3.ap-northeast-2.amazonaws.com/workout-images/dmgMp3n.webp,weight,5.0,등,,바벨,,바벨
dNFYIU1,레버 숄더 프레스 v. 3,https://static.exercisedb.dev/media/dNFYIU1.gif,삼각근,삼두근 | 가슴,Step:1 레버리지 머신의 좌석 높이와 등받이를 편안한 위치로 조절하세요. | Step:2 등받이에 등을 대고 발을 바닥에 평평하게 댄 채 머신에 앉으세요. | Step:3 어깨너비보다 약간 넓게 오버핸드 그립으로 머신 손잡이를 잡으세요. | Step:4 팔이 완전히 펴질 때까지 (잠그지 말고) 손잡이를 위쪽과 앞으로 밀어 올리세요. | Step:5 맨 위에서 잠시 멈춘 다음 손잡이를 천천히 시작 자세로 다시 내리세요. | Step:6 원하는 횟수만큼 반복하세요.,https://melo2026.s3.ap-northeast-2.amazonaws.com/workout-images/dNFYIU1.webp,weight,5.0,어깨,,머신,레버리지 머신,레버리지 머신
DoEYq4s,시시 스쿼트 아이솔레이션,,대퇴사두근,종아리 | 둔근,Step:1 발을 어깨너비로 벌리고 서서 발끝을 약간 바깥쪽으로 향하게 하세요. | Step:2 필요한 경우 균형을 잡기 위해 안정적인 물체를 잡으세요. | Step:3 무릎을 구부리고 몸통을 똑바로 유지하면서 뒤로 기울여 몸을 천천히 내리세요. | Step:4 허벅지가 바닥과 평행이 되거나 편안하게 갈 수 있는 만큼 내려갈 때까지 계속 내리세요. | Step:5 잠시 멈춘 다음 발뒤꿈치로 밀어 시작 자세로 돌아가세요. | Step:6 원하는 횟수만큼 반복하세요. 아이솔레이션 컨트롤을 강조하세요.,,weight,3.5,하체,허벅지,맨몸,,맨몸
DOoWcnA,레버 체스트 프레스,https://static.exercisedb.dev/media/DOoWcnA.gif,대흉근,삼두근 | 어깨,"Step:1 시트 높이를 조절하고 패드에 등을 평평하게 대고 기구에 앉으세요. | Step:2 오버핸드 그립으로 손잡이를 잡고 팔꿈치를 90도 각도로 위치시키세요. | Step:3 팔이 완전히 펴질 때까지 손잡이를 앞으로 밀면서 움직이는 동안 숨을 내쉬세요. | Step:4 움직임의 끝에서 잠시 멈춘 다음, 숨을 들이쉬면서 천천히 시작 위치로 돌아가세요. | Step:5 원하는 횟수만큼 반복하세요.",https://melo2026.s3.ap-northeast-2.amazonaws.com/workout-images/DOoWcnA.webp,weight,5.0,가슴,,머신,레버리지 머신,레버리지 머신
DotAgEF,바벨 리버스 그립 디클라인 벤치 프레스,https://static.exercisedb.dev/media/DotAgEF.gif,대흉근,삼두근 | 어깨,"Step:1 발을 고정하고 머리가 엉덩이보다 낮게 내려가도록 디클라인 벤치에 누우세요. | Step:2 어깨 너비보다 약간 넓게 리버스 그립으로 바벨을 잡으세요. | Step:3 바벨을 언랙하고 팔꿈치를 몸에 가깝게 붙인 채 천천히 가슴 쪽으로 내리세요. | Step:4 바닥에서 잠시 멈춘 다음, 바벨을 다시 시작 위치로 밀어 올리세요. | Step:5 원하는 횟수만큼 반복하세요.",https://melo2026.s3.ap-northeast-2.amazonaws.com/workout-images/DotAgEF.webp,weight,5.0,가슴,,바벨,,바벨
dPmaUaU,덤벨 스탠딩 카프 레이즈,https://static.exercisedb.dev/media/dPmaUaU.gif,종아리,ankles,"Step:1 발을 어깨 너비로 벌리고 서서 각 손에 덤벨을 잡으세요. | Step:2 종아리를 사용하여 발뒤꿈치를 가능한 한 높이 들어 올리세요. | Step:3 위에서 잠시 멈춘 다음, 발뒤꿈치를 천천히 시작 위치로 내리세요. | Step:4 원하는 횟수만큼 반복하세요.",https://melo2026.s3.ap-northeast-2.amazonaws.com/workout-images/dPmaUaU.webp,weight,5.0,하체,종아리,덤벨,,덤벨
DptumMx,밴드 클로즈 그립 풀다운,https://static.exercisedb.dev/media/DptumMx.gif,광배근,이두근 | 전완근,"Step:1 풀업 바 또는 튼튼한 빔과 같은 높은 고정 지점에 밴드를 부착하세요. | Step:2 고정 지점을 향해 서서 언더핸드 그립으로 밴드를 잡고 손은 어깨 너비로 벌리세요. | Step:3 발을 엉덩이 너비로 벌린 채 뒤로 물러나 밴드에 긴장감을 주세요. | Step:4 코어에 힘을 주고 등을 곧게 편 채 밴드를 가슴 쪽으로 당기면서 날개뼈를 함께 조이세요. | Step:5 동작의 맨 아래에서 잠시 멈춘 다음, 천천히 밴드를 시작 위치로 되돌리세요. | Step:6 원하는 횟수만큼 반복하세요.",https://melo2026.s3.ap-northeast-2.amazonaws.com/workout-images/DptumMx.webp,weight,3.5,등,,밴드,,밴드
DpWMFP5,케이블 시티드 오버헤드 컬,https://static.exercisedb.dev/media/DpWMFP5.gif,이두근,전완근 | 어깨,Step:1 발을 바닥에 평평하게 대고 케이블 머신을 향해 앉으세요. | Step:2 언더핸드 그립으로 케이블 부착물을 잡고 손바닥은 위로 향하게 하며 손은 어깨 너비로 벌리세요. | Step:3 윗팔은 고정하고 팔꿈치는 옆구리에 가깝게 유지하세요. | Step:4 숨을 내쉬면서 케이블 부착물을 어깨 쪽으로 컬링하면서 이두근을 수축시키세요. | Step:5 동작의 맨 위에서 잠시 멈추면서 이두근을 짜세요. | Step:6 숨을 들이쉬면서 팔을 완전히 펴면서 케이블 부착물을 천천히 시작 위치로 내리세요. | Step:7 원하는 횟수만큼 반복하세요.,https://melo2026.s3.ap-northeast-2.amazonaws.com/workout-images/DpWMFP5.webp,weight,5.0,팔,상완,케이블 머신,,케이블
DQ0cqkT,쓰리 벤치 딥,https://static.exercisedb.dev/media/DQ0cqkT.gif,삼두근,가슴 | 어깨,Step:1 손가락이 앞을 향하도록 손으로 가장자리를 잡고 벤치에 앉으세요. | Step:2 엉덩이를 벤치에서 떼고 손으로 체중을 지탱하세요. | Step:3 팔꿈치를 구부리고 윗팔이 바닥과 평행이 될 때까지 몸을 내리세요. | Step:4 시작 위치로 다시 밀어 올리세요. | Step:5 원하는 횟수만큼 반복하세요.,https://melo2026.s3.ap-northeast-2.amazonaws.com/workout-images/DQ0cqkT.webp,weight,3.5,팔,상완,맨몸,,맨몸
drfGhTV,밸런스 케이블 인클라인 플라이,,대흉근,deltoids | 삼두근,"Step:1 케이블 머신을 낮은 위치로 조절하고 손잡이를 부착하세요. | Step:2 등을 패드에 대고 발을 바닥에 평평하게 대고 인클라인 벤치에 앉으세요. 균형 강도로 수행하세요. | Step:3 오버핸드 그립으로 손잡이를 잡고 팔을 앞으로 쭉 뻗으세요. | Step:4 팔꿈치를 약간 구부린 상태를 유지하면서 팔을 통제된 동작으로 옆으로 여세요. | Step:5 완전히 펴진 자세에서 잠시 멈춘 다음, 천천히 시작 위치로 돌아가세요. | Step:6 원하는 횟수만큼 반복하세요.",,weight,5.0,가슴,,케이블 머신,,케이블
dRTfGZT,레버 레터럴 레이즈,https://static.exercisedb.dev/media/dRTfGZT.gif,삼각근,승모근 | 상부 등,"Step:1 시트 높이를 조절하고 패드에 등을 대고 기구에 앉으세요. | Step:2 오버핸드 그립으로 손잡이를 잡고 팔을 곧게 펴세요. | Step:3 숨을 내쉬면서 팔을 바닥과 평행이 될 때까지 옆으로 들어 올리세요. | Step:4 위에서 잠시 멈춘 다음, 숨을 들이쉬면서 팔을 천천히 시작 위치로 내리세요. | Step:5 원하는 횟수만큼 반복하세요.",https://melo2026.s3.ap-northeast-2.amazonaws.com/workout-images/dRTfGZT.webp,weight,5.0,어깨,,머신,레버리지 머신,레버리지 머신
Dsfz0Id,이지 바 시티드 클로즈 그립 컨센트레이션 컬,https://static.exercisedb.dev/media/Dsfz0Id.gif,이두근,전완근,"Step:1 발을 바닥에 평평하게 대고 벤치에 앉아 언더핸드 그립으로 EZ 바벨을 잡으세요. | Step:2 무릎 바로 위 허벅지 안쪽에 팔꿈치를 대세요. | Step:3 윗팔을 고정한 상태에서 바벨을 어깨 쪽으로 컬링하세요. | Step:4 동작의 맨 위에서 이두근을 짜고, 천천히 바벨을 시작 위치로 내리세요. | Step:5 원하는 횟수만큼 반복하세요.",https://melo2026.s3.ap-northeast-2.amazonaws.com/workout-images/Dsfz0Id.webp,weight,5.0,팔,상완,바벨,,EZ 바벨
DsgkuIt,덤벨 레터럴 레이즈,https://static.exercisedb.dev/media/DsgkuIt.gif,삼각근,승모근,"Step:1 발을 어깨 너비로 벌리고 서서 각 손에 덤벨을 잡고 손바닥은 몸을 향하게 하세요. | Step:2 등을 곧게 펴고 코어에 힘을 주세요. | Step:3 팔꿈치를 약간 구부린 상태를 유지하면서 팔을 바닥과 평행이 될 때까지 옆으로 들어 올리세요. | Step:4 위에서 잠시 멈춘 다음, 팔을 천천히 시작 위치로 내리세요. | Step:5 원하는 횟수만큼 반복하세요.",https://melo2026.s3.ap-northeast-2.amazonaws.com/workout-images/DsgkuIt.webp,weight,5.0,어깨,,덤벨,,덤벨
DT14T9T,케이블 스트레이트 암 풀다운 (로프 포함),https://static.exercisedb.dev/media/DT14T9T.gif,광배근,이두근 | 전완근,"Step:1 가장 높은 설정의 케이블 머신에 로프를 부착하세요. | Step:2 발을 어깨 너비로 벌리고 머신을 향해 서세요. | Step:3 양손으로 로프를 잡고 손바닥은 아래를 향하게 하세요. | Step:4 팔꿈치를 약간 구부린 상태를 유지하면서 팔을 앞으로 완전히 뻗으세요. | Step:5 광배근에 힘을 주고 팔을 곧게 편 채 로프를 허벅지 쪽으로 천천히 당기세요. | Step:6 바닥에서 잠시 멈춘 다음, 천천히 긴장을 풀고 시작 위치로 돌아가세요. | Step:7 원하는 횟수만큼 반복하세요.",https://melo2026.s3.ap-northeast-2.amazonaws.com/workout-images/DT14T9T.webp,weight,5.0,등,,케이블 머신,,케이블
dTg95eZ,니 터치 크런치,https://static.exercisedb.dev/media/dTg95eZ.gif,복근,고관절 굴곡근,Step:1 무릎을 구부리고 발을 바닥에 평평하게 대고 등을 대고 눕습니다. | Step:2 팔꿈치를 바깥쪽으로 향하게 하여 손을 머리 뒤에 댑니다. | Step:3 복근에 힘을 주고 어깨뼈를 바닥에서 들어 올려 오른쪽 손을 왼쪽 무릎 쪽으로 뻗습니다. | Step:4 시작 위치로 돌아가서 이번에는 왼쪽 손을 오른쪽 무릎 쪽으로 뻗으면서 반복합니다. | Step:5 원하는 횟수만큼 양쪽을 번갈아 가며 계속합니다.,https://melo2026.s3.ap-northeast-2.amazonaws.com/workout-images/dTg95eZ.webp,weight,3.5,코어,허리 | 복부,맨몸,,맨몸
DU5Kkj2,덤벨 스탠딩 원 암 리버스 컬,https://static.exercisedb.dev/media/DU5Kkj2.gif,이두근,전완근,"Step:1 발을 어깨 너비로 벌리고 똑바로 서서 한 손에 덤벨을 오버핸드 그립으로 잡으세요. | Step:2 손바닥이 아래를 향하도록 팔을 완전히 펴고 몸에 가깝게 유지하세요. | Step:3 윗팔을 고정한 상태에서 덤벨을 어깨 쪽으로 천천히 컬링하세요. | Step:4 위에서 잠시 멈춘 다음, 덤벨을 천천히 시작 위치로 내리세요. | Step:5 원하는 횟수만큼 반복한 다음 다른 팔로 바꾸세요.",https://melo2026.s3.ap-northeast-2.amazonaws.com/workout-images/DU5Kkj2.webp,weight,5.0,팔,상완,덤벨,,덤벨
dU605di,케이블 푸시다운 (로프 부착물 포함),https://static.exercisedb.dev/media/dU605di.gif,삼두근,전완근,"Step:1 케이블 머신의 높은 도르래에 로프 부착물을 부착하세요. | Step:2 발을 어깨 너비로 벌리고 무릎을 약간 구부린 채 머신을 향해 서세요. | Step:3 손바닥이 서로 마주보도록 로프를 오버핸드 그립으로 잡으세요. | Step:4 팔꿈치를 옆구리에 가깝게 유지하고 윗팔은 운동 내내 고정하세요. | Step:5 숨을 내쉬면서 팔이 완전히 펴질 때까지 팔꿈치를 펴서 로프를 아래로 밀어내세요. | Step:6 잠시 멈춘 다음, 숨을 들이쉬면서 팔꿈치를 구부려 천천히 시작 위치로 돌아가세요. | Step:7 원하는 횟수만큼 반복하세요.",https://melo2026.s3.ap-northeast-2.amazonaws.com/workout-images/dU605di.webp,weight,5.0,팔,상완,케이블 머신,,케이블
DU7I633,바벨 리버스 그립 인클라인 벤치 프레스,https://static.exercisedb.dev/media/DU7I633.gif,대흉근,삼두근 | 어깨,Step:1 인클라인 벤치를 45도 각도로 설정하세요. | Step:2 발을 바닥에 평평하게 대고 벤치에 누우세요. | Step:3 어깨 너비보다 약간 넓게 리버스 그립으로 바벨을 잡으세요. | Step:4 바벨을 언랙하고 팔꿈치를 몸에 가깝게 붙인 채 천천히 가슴 쪽으로 내리세요. | Step:5 바벨이 가슴에 닿으면 잠시 멈추세요. | Step:6 팔을 완전히 펴면서 바벨을 다시 시작 위치로 밀어 올리세요. | Step:7 원하는 횟수만큼 반복하세요.,https://melo2026.s3.ap-northeast-2.amazonaws.com/workout-images/DU7I633.webp,weight,5.0,가슴,,바벨,,바벨
dVeWXf2,친업 다이아고날,,광배근,이두근 | 전완근,Step:1 손바닥이 자신을 향하도록 하고 어깨너비로 풀업 바에 매달립니다. | Step:2 코어에 힘을 주고 가슴을 앞으로 내밀며 몸을 바 쪽으로 당깁니다. | Step:3 턱이 바 위로 올라올 때까지 계속 당깁니다. | Step:4 (다이아고날 변형) 상단에서 잠시 멈춘 후 천천히 몸을 시작 자세로 되돌립니다. | Step:5 원하는 횟수만큼 반복합니다.,,weight,3.5,등,,맨몸,,맨몸
DwhEmmE,덤벨 디클라인 벤치 프레스,https://static.exercisedb.dev/media/DwhEmmE.gif,대흉근,삼두근 | 어깨,Step:1 발을 고정하고 머리가 엉덩이보다 낮게 내려가도록 디클라인 벤치에 눕습니다. | Step:2 각 손에 덤벨을 잡고 가슴 위로 팔을 곧게 뻗습니다. 손바닥은 앞을 향하게 합니다. | Step:3 팔꿈치를 90도 각도로 유지하면서 덤벨을 천천히 가슴 양옆으로 내립니다. | Step:4 팔을 완전히 펴면서 덤벨을 시작 자세로 다시 밀어 올립니다. | Step:5 원하는 횟수만큼 반복합니다.,https://melo2026.s3.ap-northeast-2.amazonaws.com/workout-images/DwhEmmE.webp,weight,5.0,가슴,,덤벨,,덤벨
Dx2RIva,트리플 스타일 슬레드 원 레그 카프 프레스 온 레그 프레스,,종아리,햄스트링 | 둔근,Step:1 발이 슬레드에 있을 때 무릎이 약간 구부러지도록 레그 프레스 머신의 좌석을 조절합니다. | Step:2 머신에 앉아 등받이에 등을 대고 발을 어깨너비로 벌려 슬레드에 둡니다. | Step:3 발뒤꿈치를 떼고 발끝과 발 앞부분을 슬레드에 댑니다. | Step:4 발목을 펴면서 슬레드를 앞으로 밀고 무릎은 약간 구부린 상태를 유지합니다. | Step:5 상단에서 잠시 멈춘 후 발목을 구부려 슬레드를 천천히 다시 내립니다. | Step:6 원하는 횟수만큼 반복합니다. 트리플 강도로 수행합니다.,,weight,5.0,하체,종아리,머신,슬레드 머신,슬레드 머신
dXz8zjF,케이블 드래그 컬,https://static.exercisedb.dev/media/dXz8zjF.gif,이두근,전완근,Step:1 발을 어깨너비로 벌리고 케이블 머신을 마주보고 섭니다. | Step:2 언더핸드 그립으로 케이블 부착물을 잡고 손바닥은 위를 향하게 하며 팔을 완전히 뻗습니다. | Step:3 팔 윗부분을 고정한 상태에서 숨을 내쉬며 이두근을 수축하여 케이블 부착물을 어깨 쪽으로 컬링합니다. | Step:4 움직임의 상단에서 잠시 멈추고 이두근을 쥐어짜줍니다. | Step:5 숨을 들이쉬면서 팔을 완전히 펴면서 케이블 부착물을 천천히 시작 자세로 되돌립니다. | Step:6 원하는 횟수만큼 반복합니다.,https://melo2026.s3.ap-northeast-2.amazonaws.com/workout-images/dXz8zjF.webp,weight,5.0,팔,상완,케이블 머신,,케이블
dZl9Q27,바벨 스탠딩 오버헤드 트라이셉스 익스텐션,https://static.exercisedb.dev/media/dZl9Q27.gif,삼두근,어깨,Step:1 발을 어깨너비로 벌리고 서서 오버핸드 그립으로 바벨을 잡습니다. | Step:2 팔을 완전히 펴서 바벨을 머리 위로 들어 올립니다. | Step:3 팔 윗부분을 머리에 가깝게 유지하면서 팔꿈치를 구부려 바벨을 머리 뒤로 천천히 내립니다. | Step:4 잠시 멈춘 후 팔을 펴서 바벨을 시작 자세로 다시 들어 올립니다. | Step:5 원하는 횟수만큼 반복합니다.,https://melo2026.s3.ap-northeast-2.amazonaws.com/workout-images/dZl9Q27.webp,weight,5.0,팔,상완,바벨,,바벨
dzz6BiV,스미스 스모 스쿼트,https://static.exercisedb.dev/media/dzz6BiV.gif,둔근,quadriceps | 햄스트링 | 종아리,Step:1 바벨이 엉덩이 높이에 오도록 스미스 머신을 설정합니다. | Step:2 발을 어깨너비보다 넓게 벌리고 서서 발끝을 바깥쪽으로 향하게 합니다. | Step:3 바벨 아래로 들어가 윗등과 어깨에 바벨을 올립니다. | Step:4 코어에 힘을 주고 가슴을 편 상태를 유지하면서 엉덩이를 뒤로 밀고 무릎을 구부려 스쿼트 자세로 몸을 내립니다. | Step:5 허벅지가 바닥과 평행이 될 때까지 또는 편안하게 내려갈 수 있는 만큼 낮춥니다. | Step:6 바닥에서 잠시 멈춘 후 발뒤꿈치로 밀어 시작 자세로 돌아옵니다. | Step:7 원하는 횟수만큼 반복합니다.,https://melo2026.s3.ap-northeast-2.amazonaws.com/workout-images/dzz6BiV.webp,weight,5.0,하체,허벅지,스미스 머신,,스미스 머신
e1e76I2,점프 로프,https://static.exercisedb.dev/media/e1e76I2.gif,심폐 지구력,종아리 | quadriceps | 햄스트링 | 둔근,Step:1 손잡이를 손으로 잡고 손바닥은 안쪽을 향하게 합니다. | Step:2 발을 어깨너비로 벌리고 무릎을 약간 구부리고 섭니다. | Step:3 로프를 머리 위로 휘둘러 발 쪽으로 올 때 점프합니다. | Step:4 발 앞부분으로 부드럽게 착지하고 로프가 다시 돌아올 때 점프를 반복합니다. | Step:5 원하는 시간 또는 횟수만큼 계속 점프합니다.,https://melo2026.s3.ap-northeast-2.amazonaws.com/workout-images/e1e76I2.webp,cardio,3.5,유산소,,기타,로프,로프
e25F58f,덤벨 원 암 리버스 플라이 (서포트 포함),https://static.exercisedb.dev/media/e25F58f.gif,삼각근,trapezius | rhomboids,Step:1 발을 바닥에 평평하게 대고 등을 곧게 펴고 벤치에 앉습니다. | Step:2 한 손에 덤벨을 잡고 손바닥은 안쪽을 향하게 합니다. | Step:3 앞으로 몸을 기울이고 자유 손을 벤치에 대고 지지합니다. | Step:4 팔을 약간 구부린 상태를 유지하고 팔이 바닥과 평행이 될 때까지 옆으로 들어 올립니다. | Step:5 상단에서 잠시 멈춘 후 팔을 천천히 시작 자세로 되돌립니다. | Step:6 원하는 횟수만큼 반복한 후 팔을 바꿉니다.,https://melo2026.s3.ap-northeast-2.amazonaws.com/workout-images/e25F58f.webp,weight,5.0,어깨,,덤벨,,덤벨
e4aFmFY,웨이티드 프론트 레이즈,https://static.exercisedb.dev/media/e4aFmFY.gif,삼각근,이두근 | 전완근,Step:1 발을 어깨너비로 벌리고 서서 각 손에 덤벨을 잡고 손바닥은 허벅지를 향하게 합니다. | Step:2 팔을 곧게 편 상태를 유지하면서 숨을 내쉬고 덤벨을 어깨 높이까지 앞으로 들어 올립니다. | Step:3 상단에서 잠시 멈춘 후 숨을 들이쉬면서 덤벨을 천천히 시작 자세로 되돌립니다. | Step:4 원하는 횟수만큼 반복합니다.,https://melo2026.s3.ap-northeast-2.amazonaws.com/workout-images/e4aFmFY.webp,weight,5.0,어깨,,기타,중량,중량
e4ojVhP,덤벨 리버스 그립 바이셉스 컬,https://static.exercisedb.dev/media/e4ojVhP.gif,이두근,전완근,Step:1 똑바로 서서 각 손에 덤벨을 잡고 손바닥은 아래를 향하게 하며 팔을 완전히 뻗습니다. | Step:2 팔 윗부분을 고정한 상태에서 숨을 내쉬며 이두근을 수축하면서 무게를 컬링합니다. | Step:3 이두근이 완전히 수축되고 덤벨이 어깨 높이에 올 때까지 계속 들어 올립니다. | Step:4 이두근을 쥐어짜면서 수축된 자세를 잠시 유지합니다. | Step:5 숨을 들이쉬면서 덤벨을 천천히 시작 자세로 되돌리기 시작합니다. | Step:6 원하는 횟수만큼 반복합니다.,https://melo2026.s3.ap-northeast-2.amazonaws.com/workout-images/e4ojVhP.webp,weight,5.0,팔,상완,덤벨,,덤벨
E4PwJqI,셀프 어시스티드 인버트 레그 컬,https://static.exercisedb.dev/media/E4PwJqI.gif,햄스트링,둔근 | 종아리,Step:1 레그 컬 머신에 엎드려 다리를 뻗고 발목을 패딩된 레버 아래에 겁니다. | Step:2 지지를 위해 머신 측면 손잡이에 손을 댑니다. | Step:3 상체를 고정한 상태에서 숨을 내쉬며 가능한 한 다리를 위로 컬링합니다. | Step:4 햄스트링을 쥐어짜면서 수축된 자세를 잠시 유지합니다. | Step:5 숨을 들이쉬면서 다리를 천천히 시작 자세로 되돌립니다. | Step:6 원하는 횟수만큼 반복합니다.,https://melo2026.s3.ap-northeast-2.amazonaws.com/workout-images/E4PwJqI.webp,weight,3.5,하체,허벅지,맨몸,,맨몸
E4R8Hz1,밴드 힙 리프트,https://static.exercisedb.dev/media/E4R8Hz1.gif,둔근,햄스트링 | quadriceps,Step:1 무릎을 구부리고 발을 바닥에 평평하게 대고 등을 대고 눕습니다. | Step:2 무릎 바로 위에 저항 밴드를 놓습니다. | Step:3 둔근과 코어 근육에 힘을 줍니다. | Step:4 발뒤꿈치를 바닥에 누르고 엉덩이를 바닥에서 들어 올리면서 상단에서 둔근을 쥐어짜줍니다. | Step:5 상단에서 잠시 멈춘 후 엉덩이를 천천히 시작 자세로 되돌립니다. | Step:6 원하는 횟수만큼 반복합니다.,https://melo2026.s3.ap-northeast-2.amazonaws.com/workout-images/E4R8Hz1.webp,weight,3.5,하체,허벅지,밴드,,밴드
ealLwvX,하이 니 어게인스트 월,https://static.exercisedb.dev/media/ealLwvX.gif,심폐 지구력,quadriceps | 햄스트링 | 둔근 | 종아리,Step:1 벽을 마주보고 서서 발을 엉덩이 너비로 벌립니다. | Step:2 벽에 손을 대고 지지합니다. | Step:3 코어에 힘을 주고 왼발은 바닥에 둔 채 오른쪽 무릎을 가슴 쪽으로 들어 올립니다. | Step:4 빠르게 다리를 바꿔 왼쪽 무릎을 가슴 쪽으로 들어 올리고 오른쪽 발을 다시 내립니다. | Step:5 무릎을 최대한 높이 올리면서 달리기 동작으로 다리를 계속 번갈아 움직입니다. | Step:6 빠른 속도를 유지하고 운동 내내 상체를 안정적으로 유지합니다. | Step:7 원하는 시간 또는 횟수만큼 반복합니다.,https://melo2026.s3.ap-northeast-2.amazonaws.com/workout-images/ealLwvX.webp,cardio,3.5,유산소,,맨몸,,맨몸
EAs3xL9,덤벨 리버스 플라이,https://static.exercisedb.dev/media/EAs3xL9.gif,삼각근,trapezius | rhomboids,Step:1 발을 어깨너비로 벌리고 서서 각 손에 덤벨을 잡습니다. | Step:2 무릎을 약간 구부리고 등을 곧게 편 상태에서 엉덩이에서 앞으로 몸을 기울입니다. | Step:3 팔을 곧게 펴서 손바닥이 서로 마주보도록 앞에 둡니다. | Step:4 팔꿈치를 약간 구부린 상태를 유지하면서 팔이 바닥과 평행이 될 때까지 옆으로 들어 올립니다. | Step:5 상단에서 잠시 멈춘 후 팔을 천천히 시작 자세로 되돌립니다. | Step:6 원하는 횟수만큼 반복합니다.,https://melo2026.s3.ap-northeast-2.amazonaws.com/workout-images/EAs3xL9.webp,weight,5.0,어깨,,덤벨,,덤벨
EcaV7aL,바벨 라잉 클로즈 그립 프레스,https://static.exercisedb.dev/media/EcaV7aL.gif,삼두근,가슴 | 어깨,Step:1 발을 바닥에 평평하게 대고 등을 벤치에 대고 벤치에 평평하게 눕습니다. | Step:2 발 쪽을 향하도록 손바닥을 대고 어깨너비로 바벨을 좁게 잡습니다. | Step:3 바벨을 랙에서 들어 올려 팔을 완전히 뻗은 상태로 가슴 바로 위에 둡니다. | Step:4 팔꿈치를 몸에 가깝게 유지하면서 바벨을 천천히 가슴 쪽으로 내립니다. | Step:5 바벨이 가슴에 닿으면 잠시 멈춘 후 시작 자세로 다시 밀어 올립니다. | Step:6 원하는 횟수만큼 반복합니다.,https://melo2026.s3.ap-northeast-2.amazonaws.com/workout-images/EcaV7aL.webp,weight,5.0,팔,상완,바벨,,바벨
echClj7,바벨 스쿼트 (니 온),,대퇴사두근,둔근 | 햄스트링 | 종아리,"Step:1 무릎을 엉덩이 너비로 벌리고 발가락을 앞으로 향하게 하여 바닥에 무릎을 꿇고 시작합니다. | Step:2 바벨을 어깨에 걸치고, 손은 어깨 너비보다 약간 넓게 오버핸드 그립으로 잡습니다. | Step:3 코어에 힘을 주고 가슴을 들어 올린 상태에서 무릎을 구부려 몸을 천천히 내립니다. 등을 곧게 유지합니다. 순수한 강도로 수행합니다. | Step:4 허벅지가 바닥과 평행이 될 때까지 또는 편안하게 갈 수 있는 만큼 낮춥니다. | Step:5 바닥에서 잠시 멈춘 후, 발뒤꿈치로 밀어 시작 자세로 돌아옵니다. | Step:6 원하는 횟수만큼 반복합니다.",,weight,5.0,하체,허벅지,바벨,,바벨
ecl28tP,덤벨 콘트라래터럴 프론트 런지,https://static.exercisedb.dev/media/ecl28tP.gif,둔근,quadriceps | 햄스트링 | 종아리,Step:1 발을 어깨 너비로 벌리고 서서 각 손에 덤벨을 듭니다. | Step:2 등을 곧게 펴고 코어에 힘을 준 상태에서 오른쪽 발을 앞으로 내딛습니다. | Step:3 양쪽 무릎을 구부려 오른쪽 허벅지가 바닥과 평행이 될 때까지 몸을 낮춥니다. | Step:4 오른쪽 발뒤꿈치로 밀어 시작 자세로 돌아옵니다. | Step:5 왼쪽 다리로 반복합니다. | Step:6 원하는 횟수만큼 다리를 번갈아 가며 반복합니다.,https://melo2026.s3.ap-northeast-2.amazonaws.com/workout-images/ecl28tP.webp,weight,5.0,하체,허벅지,덤벨,,덤벨
ecpY0rH,리버스 그립 머신 랫 풀다운,https://static.exercisedb.dev/media/ecpY0rH.gif,광배근,이두근 | 전완근,"Step:1 시트 높이를 조절하고 무릎을 패드 아래에 두고 발을 바닥에 평평하게 댄 상태에서 기구에 앉습니다. | Step:2 손은 어깨 너비보다 약간 넓게 언더핸드 그립으로 핸들을 잡습니다. | Step:3 가슴을 내밀고 어깨를 뒤로 젖힌 상태에서 상체를 곧게 펴고 허리에 약간의 아치를 유지합니다. | Step:4 핸들을 가슴 쪽으로 당기면서 어깨뼈를 함께 쥐어짜줍니다. | Step:5 동작의 가장 낮은 지점에서 잠시 멈춘 후, 천천히 핸들을 놓아 시작 자세로 돌아갑니다. | Step:6 원하는 횟수만큼 반복합니다.",https://melo2026.s3.ap-northeast-2.amazonaws.com/workout-images/ecpY0rH.webp,weight,5.0,등,,머신,레버리지 머신,레버리지 머신
Eg98Ft9,케이블 슈러그,https://static.exercisedb.dev/media/Eg98Ft9.gif,승모근,어깨,"Step:1 케이블 머신을 마주보고 서서 발을 어깨 너비로 벌립니다. | Step:2 오버핸드 그립으로 케이블 핸들을 잡고 팔을 앞으로 늘어뜨립니다. | Step:3 팔을 곧게 편 상태에서 어깨를 귀 쪽으로 으쓱합니다. | Step:4 수축을 잠시 유지한 후, 천천히 어깨를 내려 시작 자세로 돌아갑니다. | Step:5 원하는 횟수만큼 반복합니다.",https://melo2026.s3.ap-northeast-2.amazonaws.com/workout-images/Eg98Ft9.webp,weight,5.0,등,,케이블 머신,,케이블
eGDudUV,케이블 데드리프트,https://static.exercisedb.dev/media/eGDudUV.gif,둔근,햄스트링 | quadriceps | lower back,"Step:1 케이블 머신을 마주보고 서서 발을 어깨 너비로 벌립니다. | Step:2 엉덩이와 무릎에서 구부려 허리가 바닥과 평행이 될 때까지 상체를 낮춥니다. | Step:3 팔을 곧게 펴고 어깨를 뒤로 젖힌 상태에서 오버핸드 그립으로 케이블 핸들을 잡습니다. | Step:4 엉덩이와 햄스트링에 힘을 주어 케이블 핸들을 들어 올리면서 엉덩이를 펴고 똑바로 섭니다. | Step:5 맨 위에서 잠시 멈춘 후, 천천히 케이블 핸들을 내려 시작 자세로 돌아갑니다. | Step:6 원하는 횟수만큼 반복합니다.",https://melo2026.s3.ap-northeast-2.amazonaws.com/workout-images/eGDudUV.webp,weight,5.0,하체,허벅지,케이블 머신,,케이블
Eh2v5Iu,가위 점프 (남성),https://static.exercisedb.dev/media/Eh2v5Iu.gif,심폐 지구력,quadriceps | 햄스트링 | 종아리,Step:1 발을 어깨 너비로 벌리고 섭니다. | Step:2 점프하면서 동시에 오른쪽 다리를 왼쪽 다리 앞으로 교차합니다. | Step:3 착지하면서 재빨리 다리를 바꿔 왼쪽 다리를 오른쪽 다리 앞으로 교차합니다. | Step:4 다리를 계속 번갈아 가며 가능한 한 빨리 점프합니다. | Step:5 원하는 횟수만큼 반복합니다.,https://melo2026.s3.ap-northeast-2.amazonaws.com/workout-images/Eh2v5Iu.webp,cardio,3.5,유산소,,맨몸,,맨몸
eHBlPsa,케이블 원 암 프리처 컬,https://static.exercisedb.dev/media/eHBlPsa.gif,이두근,전완근,Step:1 프리처 컬 패드가 가슴 높이에 오도록 케이블 머신을 조절합니다. | Step:2 발을 어깨 너비로 벌리고 케이블 머신을 마주보고 섭니다. | Step:3 언더핸드 그립으로 케이블 핸들을 잡고 윗팔을 프리처 컬 패드에 댑니다. | Step:4 등을 곧게 펴고 코어에 힘을 줍니다. | Step:5 윗팔을 패드에 대고 팔꿈치를 고정한 상태에서 케이블 핸들을 어깨 쪽으로 천천히 컬합니다. | Step:6 동작의 맨 위에서 잠시 멈추고 이두근을 쥐어짜줍니다. | Step:7 천천히 케이블 핸들을 내려 시작 자세로 돌아갑니다. | Step:8 원하는 횟수만큼 반복합니다. | Step:9 팔을 바꿔 운동을 반복합니다.,https://melo2026.s3.ap-northeast-2.amazonaws.com/workout-images/eHBlPsa.webp,weight,5.0,팔,상완,케이블 머신,,케이블
EIeI8Vf,바벨 벤치 프레스,https://static.exercisedb.dev/media/EIeI8Vf.gif,대흉근,삼두근 | 어깨,Step:1 발을 바닥에 평평하게 대고 등을 벤치에 대고 누워 벤치에 평평하게 눕습니다. | Step:2 손은 어깨 너비보다 약간 넓게 오버핸드 그립으로 바벨을 잡습니다. | Step:3 바벨을 랙에서 들어 올려 가슴 바로 위에서 팔을 완전히 뻗은 상태로 잡습니다. | Step:4 팔꿈치를 몸에 가깝게 붙인 상태에서 바벨을 천천히 가슴 쪽으로 내립니다. | Step:5 바벨이 가슴에 닿을 때 잠시 멈춥니다. | Step:6 팔을 펴서 바벨을 시작 자세로 다시 밀어 올립니다. | Step:7 원하는 횟수만큼 반복합니다.,https://melo2026.s3.ap-northeast-2.amazonaws.com/workout-images/EIeI8Vf.webp,weight,5.0,가슴,,바벨,,바벨
EIsE3u8,케이블 원 암 벤트 오버 로우,https://static.exercisedb.dev/media/EIsE3u8.gif,상부 등,이두근 | 전완근,"Step:1 케이블 머신을 마주보고 서서 발을 어깨 너비로 벌립니다. | Step:2 무릎을 살짝 구부리고 등을 곧게 편 상태에서 엉덩이에서 앞으로 구부립니다. | Step:3 한 손으로 케이블 핸들을 잡고 손바닥이 안쪽을 향하게 하며 팔을 완전히 뻗습니다. | Step:4 팔꿈치를 옆구리에 가깝게 붙인 상태에서 핸들을 몸 쪽으로 당겨 손이 아랫가슴에 닿을 때까지 합니다. | Step:5 잠시 멈춘 후, 천천히 팔을 뻗어 시작 자세로 돌아갑니다. | Step:6 원하는 횟수만큼 반복한 후, 반대쪽으로 바꿔 반복합니다.",https://melo2026.s3.ap-northeast-2.amazonaws.com/workout-images/EIsE3u8.webp,weight,5.0,등,,케이블 머신,,케이블
EKXOMEh,덤벨 리어 델트 로우_숄더,https://static.exercisedb.dev/media/EKXOMEh.gif,삼각근,trapezius | rhomboids,"Step:1 발을 어깨 너비로 벌리고 무릎을 살짝 구부리고 섭니다. | Step:2 각 손에 덤벨을 들고 손바닥이 몸을 향하게 합니다. | Step:3 등을 곧게 펴고 코어에 힘을 준 상태에서 허리에서 앞으로 구부립니다. | Step:4 팔을 살짝 구부린 상태로 바닥을 향해 곧게 뻗습니다. | Step:5 덤벨을 양옆으로 들어 올리면서 어깨뼈를 함께 쥐어짜줍니다. | Step:6 맨 위에서 잠시 멈춘 후, 천천히 덤벨을 내려 시작 자세로 돌아갑니다. | Step:7 원하는 횟수만큼 반복합니다.",https://melo2026.s3.ap-northeast-2.amazonaws.com/workout-images/EKXOMEh.webp,weight,5.0,어깨,,덤벨,,덤벨
elhhVgj,바벨 내로우 스탠스 스쿼트,https://static.exercisedb.dev/media/elhhVgj.gif,둔근,quadriceps | 햄스트링 | 종아리,"Step:1 발을 어깨 너비로 벌리고 발가락을 약간 바깥쪽으로 향하게 하여 섭니다. | Step:2 바벨을 등 위쪽에 걸치고 승모근이나 후면 삼각근에 올려놓습니다. | Step:3 코어에 힘을 주고 가슴을 들어 올린 상태에서 무릎을 구부리고 엉덩이를 뒤로 밀면서 몸을 천천히 낮춥니다. | Step:4 허벅지가 바닥과 평행이 되거나 약간 아래가 될 때까지 낮춥니다. | Step:5 잠시 멈춘 후, 발뒤꿈치로 밀어 시작 자세로 돌아갑니다. | Step:6 원하는 횟수만큼 반복합니다.",https://melo2026.s3.ap-northeast-2.amazonaws.com/workout-images/elhhVgj.webp,weight,5.0,하체,허벅지,바벨,,바벨
EmlJR2y,덤벨 스탠딩 원 암 컬 오버 인클라인 벤치,https://static.exercisedb.dev/media/EmlJR2y.gif,이두근,전완근,"Step:1 발을 어깨 너비로 벌리고 한 손에 덤벨을 듭니다. | Step:2 다른 손은 지지를 위해 인클라인 벤치에 댑니다. | Step:3 윗팔을 고정한 상태에서 이두근을 수축하여 덤벨을 어깨 쪽으로 컬합니다. | Step:4 맨 위에서 잠시 멈춘 후, 천천히 덤벨을 내려 시작 자세로 돌아갑니다. | Step:5 원하는 횟수만큼 반복한 후, 팔을 바꿔 반복합니다.",https://melo2026.s3.ap-northeast-2.amazonaws.com/workout-images/EmlJR2y.webp,weight,5.0,팔,상완,덤벨,,덤벨
EMpUwRI,바벨 라잉 익스텐션,https://static.exercisedb.dev/media/EMpUwRI.gif,삼두근,어깨,"Step:1 발을 바닥에 평평하게 대고 머리를 벤치 끝에 둔 상태에서 벤치에 평평하게 눕습니다. | Step:2 손은 어깨 너비로 오버핸드 그립으로 바벨을 잡고 팔을 가슴 위로 곧게 뻗습니다. | Step:3 윗팔을 고정한 상태에서 팔꿈치를 구부려 바벨을 이마 쪽으로 천천히 내립니다. | Step:4 잠시 멈춘 후, 팔을 펴서 시작 자세로 돌아갑니다. | Step:5 원하는 횟수만큼 반복합니다.",https://melo2026.s3.ap-northeast-2.amazonaws.com/workout-images/EMpUwRI.webp,weight,5.0,팔,상완,바벨,,바벨
en550rk,덤벨 시티드 킥백,https://static.exercisedb.dev/media/en550rk.gif,삼두근,어깨,"Step:1 발을 바닥에 평평하게 대고 벤치에 앉아 각 손에 덤벨을 듭니다. | Step:2 무릎을 살짝 구부리고 등을 곧게 편 상태에서 엉덩이에서 앞으로 기울입니다. | Step:3 윗팔을 옆구리에 가깝게 붙이고 팔꿈치를 90도 각도로 구부립니다. | Step:4 팔을 뒤로 곧게 뻗으면서 동작의 맨 위에서 삼두근을 쥐어짜줍니다. | Step:5 잠시 멈춘 후, 천천히 덤벨을 내려 시작 자세로 돌아갑니다. | Step:6 원하는 횟수만큼 반복합니다.",https://melo2026.s3.ap-northeast-2.amazonaws.com/workout-images/en550rk.webp,weight,5.0,팔,상완,덤벨,,덤벨
EnPivTL,바벨 벤트 암 풀오버 - 파워풀 베리에이션,,광배근,삼두근 | 가슴,"Step:1 머리를 한쪽 끝에 두고 발을 바닥에 댄 상태에서 벤치에 평평하게 눕습니다. | Step:2 손은 어깨 너비로 바벨을 잡고 팔을 가슴 위로 곧게 뻗습니다. | Step:3 팔을 살짝 구부린 상태를 유지하면서 바벨을 머리 뒤로 내립니다. | Step:4 잠시 멈춘 후, 바벨을 들어 시작 자세로 돌아갑니다. | Step:5 원하는 횟수만큼 반복합니다. 파워풀한 움직임에 집중합니다.",,weight,5.0,등,,바벨,,바벨
enxnJcM,쿼터 시트업,https://static.exercisedb.dev/media/enxnJcM.gif,복근,고관절 굴곡근,Step:1 등을 대고 바닥에 눕고 무릎을 구부리고 발을 바닥에 평평하게 댑니다. | Step:2 손을 머리 뒤에 놓고 팔꿈치를 바깥쪽으로 향하게 합니다. | Step:3 복근을 사용하여 상체를 천천히 들어 올리고 몸통이 45도 각도가 될 때까지 앞으로 구부립니다. | Step:4 맨 위에서 잠시 멈춘 다음 상체를 천천히 시작 위치로 다시 내립니다. | Step:5 원하는 횟수만큼 반복합니다.,https://melo2026.s3.ap-northeast-2.amazonaws.com/workout-images/enxnJcM.webp,weight,3.5,코어,허리 | 복부,맨몸,,맨몸
eOCOwIR,덤벨 라잉 엘보 프레스,https://static.exercisedb.dev/media/eOCOwIR.gif,삼두근,가슴 | 어깨,Step:1 벤치에 평평하게 눕고 각 손에 덤벨을 잡고 손바닥이 서로 마주보게 하고 팔을 가슴 위로 똑바로 뻗습니다. | Step:2 팔꿈치를 구부려 덤벨을 어깨 쪽으로 내리고 윗팔은 움직이지 않게 유지합니다. | Step:3 맨 아래에서 잠시 멈춘 다음 팔꿈치를 펴서 덤벨을 시작 위치로 다시 밀어 올립니다. | Step:4 원하는 횟수만큼 반복합니다.,https://melo2026.s3.ap-northeast-2.amazonaws.com/workout-images/eOCOwIR.webp,weight,5.0,팔,상완,덤벨,,덤벨
eOG0r6v,케이블 리버스 컬,https://static.exercisedb.dev/media/eOG0r6v.gif,이두근,전완근,Step:1 로우 풀리 케이블 머신에 스트레이트 바를 연결합니다. | Step:2 발을 어깨너비로 벌리고 무릎을 살짝 구부린 채 기구를 마주보고 섭니다. | Step:3 언더핸드 그립으로 바를 잡고 손은 어깨너비로 벌립니다. | Step:4 팔꿈치를 옆구리에 가깝게 유지하고 운동 내내 윗팔을 고정합니다. | Step:5 숨을 내쉬면서 바를 어깨 쪽으로 컬업하고 이두근을 수축합니다. | Step:6 맨 위에서 잠시 멈추면서 이두근을 쥐어짭니다. | Step:7 숨을 들이쉬면서 바를 천천히 시작 위치로 다시 내리고 팔을 완전히 폅니다. | Step:8 원하는 횟수만큼 반복합니다.,https://melo2026.s3.ap-northeast-2.amazonaws.com/workout-images/eOG0r6v.webp,weight,5.0,팔,상완,케이블 머신,,케이블
eOrFCnx,덤벨 아놀드 프레스 v. 2,https://static.exercisedb.dev/media/eOrFCnx.gif,삼각근,삼두근 | upper chest,Step:1 등받이가 있는 벤치에 앉아 각 손에 덤벨을 어깨 높이로 잡고 손바닥이 몸을 향하게 하고 팔꿈치를 구부립니다. | Step:2 팔이 완전히 펴지고 손바닥이 앞을 향할 때까지 덤벨을 위로 밀어 올립니다. | Step:3 들어 올리면서 손목을 회전하여 맨 위에서 손바닥이 앞을 향하도록 합니다. | Step:4 맨 위에서 잠시 멈춘 다음 덤벨을 천천히 시작 위치로 다시 내립니다. | Step:5 원하는 횟수만큼 반복합니다.,https://melo2026.s3.ap-northeast-2.amazonaws.com/workout-images/eOrFCnx.webp,weight,5.0,어깨,,덤벨,,덤벨
EpKrFiv,인클라인 푸시업 뎁스 점프 컴플렉스,,대흉근,삼두근 | 어깨 | 코어,Step:1 벤치나 계단과 같은 높은 표면을 찾고 가장자리에 어깨너비로 손을 댑니다. | Step:2 머리부터 발뒤꿈치까지 몸이 일직선이 되도록 발을 뒤로 뺍니다. | Step:3 몸을 일직선으로 유지하면서 팔꿈치를 구부려 가슴을 표면 가장자리 쪽으로 내립니다. 컴플렉스 자세를 유지합니다. | Step:4 손바닥으로 밀어 팔을 펴고 시작 위치로 돌아옵니다. | Step:5 표면 가장자리에서 뛰어내려 무릎을 살짝 구부린 채 부드럽게 착지합니다. | Step:6 원하는 횟수만큼 푸시업과 뎁스 점프를 반복합니다.,,weight,3.5,가슴,,맨몸,,맨몸
epOSYUZ,모디파이드 힌두 푸시업 (남성),https://static.exercisedb.dev/media/epOSYUZ.gif,대흉근,삼두근 | 어깨 | 코어,"Step:1 푸시업 자세로 시작하고 손은 어깨너비보다 약간 넓게 벌리고 발은 엉덩이 너비로 벌립니다. | Step:2 팔꿈치를 구부리고 코어를 사용하여 몸을 바닥 쪽으로 내립니다. | Step:3 몸을 내리면서 체중을 뒤로 옮기고 엉덩이를 천장 쪽으로 들어 올려 몸이 역 V자 모양이 되도록 합니다. | Step:4 가슴이 바닥 바로 위까지 내려갈 때까지 계속 내린 다음, 엉덩이를 다시 뒤로 밀고 팔을 펴서 시작 위치로 돌아가는 동작을 반대로 합니다. | Step:5 원하는 횟수만큼 반복합니다.",https://melo2026.s3.ap-northeast-2.amazonaws.com/workout-images/epOSYUZ.webp,weight,3.5,가슴,,맨몸,,맨몸
EqHIIjJ,바벨 리버스 프리처 컬 인클라인드,,이두근,전완근,Step:1 가슴을 패드에 대고 프리처 벤치에 앉아 팔을 똑바로 아래로 뻗고 오버핸드 그립으로 바벨을 잡습니다. | Step:2 윗팔을 고정한 상태에서 숨을 내쉬면서 이두근을 수축하며 바벨을 위로 컬업합니다. | Step:3 이두근이 완전히 수축되고 바벨이 어깨 높이에 올 때까지 계속 들어 올립니다. 인클라인 강도로 수행합니다. | Step:4 이두근을 쥐어짜면서 수축된 자세를 잠시 유지합니다. | Step:5 숨을 들이쉬면서 바벨을 천천히 시작 위치로 다시 내립니다. | Step:6 원하는 횟수만큼 반복합니다.,,weight,5.0,팔,상완,바벨,,바벨
ErqK3UL,포스테리어 스텝 투 오버헤드 리치,https://static.exercisedb.dev/media/ErqK3UL.gif,복근,둔근 | 햄스트링 | quadriceps | 어깨,Step:1 발을 엉덩이 너비로 벌리고 팔을 옆구리에 댑니다. | Step:2 오른쪽 발을 뒤로 내딛고 발 앞부분으로 착지합니다. | Step:3 왼쪽 무릎을 구부리고 몸을 런지 자세로 내립니다. | Step:4 런지 자세로 내려가면서 동시에 팔을 머리 위로 뻗습니다. | Step:5 런지 맨 아래에서 잠시 멈춘 다음 왼쪽 발뒤꿈치로 밀고 오른쪽 발을 앞으로 가져와 시작 위치로 돌아옵니다. | Step:6 왼쪽 발을 뒤로 내딛고 오른쪽 무릎을 구부려 반대쪽에서 동작을 반복합니다. | Step:7 원하는 횟수만큼 번갈아 가며 반복합니다.,https://melo2026.s3.ap-northeast-2.amazonaws.com/workout-images/ErqK3UL.webp,weight,3.5,코어,허리 | 복부,맨몸,,맨몸
ESOd5Pl,덤벨 인클라인 플라이,https://static.exercisedb.dev/media/ESOd5Pl.gif,대흉근,어깨,Step:1 인클라인 벤치를 45도 각도로 설정합니다. | Step:2 벤치에 앉아 각 손에 덤벨을 잡고 손바닥이 서로 마주보게 합니다. | Step:3 벤치에 누워 덤벨을 가슴 바로 위 시작 위치로 밀어 올립니다. | Step:4 가슴에 스트레칭이 느껴질 때까지 덤벨을 넓은 호를 그리며 양옆으로 내립니다. | Step:5 잠시 멈춘 다음 가슴 근육을 쥐어짜서 덤벨을 시작 위치로 다시 올립니다. | Step:6 원하는 횟수만큼 반복합니다.,https://melo2026.s3.ap-northeast-2.amazonaws.com/workout-images/ESOd5Pl.webp,weight,2.5,가슴,,덤벨,,덤벨
ETZfAbZ,스미스 디클라인 벤치 프레스,https://static.exercisedb.dev/media/ETZfAbZ.gif,대흉근,삼두근 | 어깨,Step:1 디클라인 벤치를 원하는 각도로 조절합니다. | Step:2 발을 발 패드 아래에 고정하고 벤치에 눕습니다. | Step:3 어깨너비보다 약간 넓게 오버핸드 그립으로 바벨을 잡습니다. | Step:4 바벨을 언랙하고 팔꿈치를 몸에 가깝게 유지하면서 천천히 가슴 쪽으로 내립니다. | Step:5 맨 아래에서 잠시 멈춘 다음 바벨을 시작 위치로 다시 밀어 올립니다. | Step:6 원하는 횟수만큼 반복합니다.,https://melo2026.s3.ap-northeast-2.amazonaws.com/workout-images/ETZfAbZ.webp,weight,5.0,가슴,,스미스 머신,,스미스 머신
euI1BwR,바벨 스피드 스쿼트,https://static.exercisedb.dev/media/euI1BwR.gif,둔근,quadriceps | 햄스트링 | 종아리,"Step:1 발을 어깨너비로 벌리고 발끝을 약간 바깥쪽으로 향하게 합니다. | Step:2 바벨을 등 위쪽으로, 승모근이나 후면 삼각근에 걸쳐 잡습니다. | Step:3 코어를 사용하고 가슴을 들어 올린 상태에서 의자에 앉는 것처럼 엉덩이를 뒤로 내립니다. | Step:4 허벅지가 바닥과 평행이 될 때까지 또는 편안하게 갈 수 있는 만큼 낮춥니다. | Step:5 발뒤꿈치로 밀어 다시 일어서고 맨 위에서 둔근을 쥐어짭니다. | Step:6 원하는 횟수만큼 반복합니다.",https://melo2026.s3.ap-northeast-2.amazonaws.com/workout-images/euI1BwR.webp,weight,5.0,하체,허벅지,바벨,,바벨
euq4pwp,밴드 스탠딩 트위스팅 크런치,https://static.exercisedb.dev/media/euq4pwp.gif,복근,obliques,Step:1 발을 어깨너비로 벌리고 밴드를 등 위쪽에 놓고 가슴 앞에서 교차시킵니다. | Step:2 팔꿈치를 구부리고 옆구리에 가깝게 유지하면서 손으로 밴드 끝을 잡습니다. | Step:3 복근을 사용하고 몸통을 한쪽으로 비틀어 팔꿈치를 반대쪽 무릎 쪽으로 가져옵니다. | Step:4 잠시 멈춘 다음 시작 위치로 돌아옵니다. | Step:5 반대쪽에서 반복합니다. | Step:6 원하는 횟수만큼 번갈아 가며 반복합니다.,https://melo2026.s3.ap-northeast-2.amazonaws.com/workout-images/euq4pwp.webp,weight,3.5,코어,허리 | 복부,밴드,,밴드
eVxAzgz,인클라인 레그 힙 레이즈 (레그 스트레이트),https://static.exercisedb.dev/media/eVxAzgz.gif,복근,고관절 굴곡근,Step:1 인클라인 벤치에 등을 대고 평평하게 눕고 다리를 앞으로 똑바로 뻗습니다. | Step:2 지지를 위해 손을 벤치 옆면에 댑니다. | Step:3 복근을 사용하여 다리를 벤치에서 들어 올리고 똑바로 유지하면서 가능한 한 높이 올립니다. | Step:4 맨 위에서 잠시 멈춘 다음 다리를 천천히 시작 위치로 다시 내립니다. | Step:5 원하는 횟수만큼 반복합니다.,https://melo2026.s3.ap-northeast-2.amazonaws.com/workout-images/eVxAzgz.webp,weight,3.5,코어,허리 | 복부,맨몸,,맨몸
eXFXCY0,레버 시티드 크런치 v. 2,https://static.exercisedb.dev/media/eXFXCY0.gif,복근,obliques | 고관절 굴곡근,Step:1 레버리지 머신에 앉아 등을 패드에 대고 발을 발 패드 아래에 고정합니다. | Step:2 지지를 위해 손을 핸들이나 좌석 옆면에 댑니다. | Step:3 복근을 사용하고 가슴을 무릎 쪽으로 가져오면서 천천히 앞으로 크런치합니다. | Step:4 맨 위에서 잠시 멈추면서 복근을 쥐어짭니다. | Step:5 등을 약간 둥글게 하면서 천천히 시작 위치로 돌아옵니다. | Step:6 원하는 횟수만큼 반복합니다.,https://melo2026.s3.ap-northeast-2.amazonaws.com/workout-images/eXFXCY0.webp,weight,5.0,코어,허리 | 복부,머신,레버리지 머신,레버리지 머신
eXMFHww,랜드마인 레터럴 레이즈,https://static.exercisedb.dev/media/eXMFHww.gif,삼각근,승모근 | 상부 등,Step:1 발을 어깨너비로 벌리고 무릎을 살짝 구부립니다. | Step:2 바벨을 오버핸드 그립으로 잡고 어깨 앞쪽에 댑니다. | Step:3 코어를 사용하고 등을 곧게 유지하면서 바벨을 몸에서 들어 올려 어깨 높이까지 올립니다. | Step:4 맨 위에서 잠시 멈춘 다음 바벨을 천천히 시작 위치로 다시 내립니다. | Step:5 원하는 횟수만큼 반복합니다.,https://melo2026.s3.ap-northeast-2.amazonaws.com/workout-images/eXMFHww.webp,weight,5.0,어깨,,바벨,,바벨
EyLrNC2,운동 볼 얼터네이팅 암 업,https://static.exercisedb.dev/media/EyLrNC2.gif,광배근,어깨 | 코어,"Step:1 발을 바닥에 대고 허리를 곧게 편 채로 짐볼에 앉습니다. | Step:2 각 손에 덤벨을 잡고 손바닥이 안쪽을 향하게 하며 팔을 옆으로 쭉 뻗습니다. | Step:3 코어에 힘을 주고 팔꿈치를 살짝 구부린 채로 한쪽 팔을 어깨 쪽으로 천천히 들어 올립니다. | Step:4 맨 위에서 잠시 멈춘 후, 팔을 천천히 시작 자세로 내립니다. | Step:5 다른 팔로 같은 동작을 반복합니다. | Step:6 원하는 횟수만큼 팔을 번갈아 가며 계속합니다.",https://melo2026.s3.ap-northeast-2.amazonaws.com/workout-images/EyLrNC2.webp,weight,3.5,등,,기타,짐볼,짐볼
eYmsEPR,케이블 리버스 손목 컬,https://static.exercisedb.dev/media/eYmsEPR.gif,전완근,전완근 | wrists,"Step:1 케이블을 낮은 풀리에 연결하고 케이블 머신을 향해 벤치에 앉습니다. | Step:2 오버핸드 그립으로 케이블 손잡이를 잡고 손바닥이 아래를 향하게 합니다. | Step:3 팔뚝을 허벅지에 대고 손목이 가장자리에 걸쳐지도록 합니다. | Step:4 팔뚝을 고정한 채로 숨을 내쉬며 손목을 가능한 한 위로 컬링합니다. | Step:5 맨 위에서 잠시 멈춘 후, 숨을 들이쉬며 손목을 천천히 시작 자세로 내립니다. | Step:6 원하는 횟수만큼 반복합니다.",https://melo2026.s3.ap-northeast-2.amazonaws.com/workout-images/eYmsEPR.webp,weight,5.0,팔,전완,케이블 머신,,케이블
eYnzaCm,케이블 바 래터럴 풀다운,https://static.exercisedb.dev/media/eYnzaCm.gif,광배근,이두근 | rhomboids | rear deltoids,"Step:1 케이블 풀리를 높은 위치로 조절하고 스트레이트 바를 연결합니다. | Step:2 발을 바닥에 대고 무릎을 살짝 구부린 채 케이블 머신을 향해 앉습니다. | Step:3 어깨너비보다 약간 넓게 오버핸드 그립으로 바를 잡습니다. | Step:4 상체를 살짝 뒤로 기울이고 가슴을 들어 올리며 허리에 약간의 아치를 유지합니다. | Step:5 팔꿈치를 먼저 사용하여 바를 가슴 쪽으로 당기면서 견갑골을 함께 조입니다. | Step:6 동작의 맨 아래에서 잠시 멈춘 후, 바를 천천히 시작 자세로 되돌립니다. | Step:7 원하는 횟수만큼 반복합니다.",https://melo2026.s3.ap-northeast-2.amazonaws.com/workout-images/eYnzaCm.webp,weight,5.0,등,,케이블 머신,,케이블
eZ79rbI,케이블 니링 리어 델트 로우 (로프 포함) (남성) 확장,,삼각근,trapezius | rhomboids | 이두근,Step:1 로프 손잡이를 낮은 케이블 풀리에 연결하고 머신을 향해 무릎을 꿇습니다. | Step:2 (확장 변형) 뉴트럴 그립(손바닥이 서로 마주보게)으로 로프를 잡고 팔을 앞으로 완전히 뻗습니다. | Step:3 등을 곧게 펴고 코어에 힘을 준 상태에서 견갑골을 뒤로 당기면서 로프를 몸 쪽으로 당깁니다. | Step:4 동작 끝에서 견갑골을 함께 조이고 잠시 멈춥니다. | Step:5 천천히 긴장을 풀고 시작 자세로 돌아갑니다. | Step:6 원하는 횟수만큼 반복합니다.,,weight,5.0,어깨,,케이블 머신,,케이블
EZeDVzO,웨이티드 디클라인 싯업,https://static.exercisedb.dev/media/EZeDVzO.gif,복근,고관절 굴곡근 | lower back,"Step:1 발판 아래에 발을 고정하고 디클라인 벤치에 평평하게 눕습니다. | Step:2 손을 머리 뒤나 가슴 위에 올립니다. | Step:3 복근에 힘을 주고 상체를 벤치에서 천천히 들어 올려 몸통이 바닥과 수직이 될 때까지 앞으로 구부립니다. | Step:4 맨 위에서 잠시 멈춘 후, 상체를 천천히 시작 자세로 내립니다. | Step:5 원하는 횟수만큼 반복합니다.",https://melo2026.s3.ap-northeast-2.amazonaws.com/workout-images/EZeDVzO.webp,weight,5.0,코어,허리 | 복부,기타,중량,중량
Ezpnw9d,밴드 리버스 손목 컬,https://static.exercisedb.dev/media/Ezpnw9d.gif,전완근,전완근,"Step:1 발을 바닥에 대고 벤치나 의자에 앉습니다. | Step:2 오버핸드 그립으로 밴드를 잡고 손바닥이 아래를 향하게 하며 손가락 주위에 감습니다. | Step:3 팔뚝을 허벅지에 대고 손목이 가장자리에 걸쳐지도록 합니다. | Step:4 손목을 천천히 위로 컬링하며 팔뚝을 조입니다. | Step:5 맨 위에서 잠시 멈춘 후, 손목을 천천히 시작 자세로 내립니다. | Step:6 원하는 횟수만큼 반복합니다.",https://melo2026.s3.ap-northeast-2.amazonaws.com/workout-images/Ezpnw9d.webp,weight,5.0,팔,전완,밴드,,밴드
ezTvXcr,링 딥스,https://static.exercisedb.dev/media/ezTvXcr.gif,삼두근,가슴 | 어깨,Step:1 팔을 완전히 펴고 몸을 곧게 편 상태에서 링에 매달립니다. | Step:2 팔꿈치를 구부려 어깨가 팔꿈치보다 아래로 내려갈 때까지 몸을 내립니다. | Step:3 팔을 펴서 시작 자세로 다시 밀어 올립니다. | Step:4 원하는 횟수만큼 반복합니다.,https://melo2026.s3.ap-northeast-2.amazonaws.com/workout-images/ezTvXcr.webp,weight,3.5,팔,상완,맨몸,,맨몸
eZyBC3j,바벨 벤트 오버 로우,https://static.exercisedb.dev/media/eZyBC3j.gif,상부 등,이두근 | 전완근,"Step:1 발을 어깨너비로 벌리고 무릎을 살짝 구부리고 섭니다. | Step:2 등을 곧게 펴고 가슴을 들어 올린 채 엉덩이에서 앞으로 구부립니다. | Step:3 어깨너비보다 약간 넓게 오버핸드 그립으로 바벨을 잡습니다. | Step:4 견갑골을 뒤로 당기고 등 근육을 조이면서 바벨을 하부 가슴 쪽으로 당깁니다. | Step:5 맨 위에서 잠시 멈춘 후, 바벨을 천천히 시작 자세로 내립니다. | Step:6 원하는 횟수만큼 반복합니다.",https://melo2026.s3.ap-northeast-2.amazonaws.com/workout-images/eZyBC3j.webp,weight,5.0,등,,바벨,,바벨
f1jf47L,덤벨 시티드 숄더 프레스 (패러럴 그립),https://static.exercisedb.dev/media/f1jf47L.gif,삼각근,삼두근 | 상부 등,"Step:1 각 손에 덤벨을 잡고 손바닥이 안쪽을 향하게 하여 벤치에 앉습니다. | Step:2 팔꿈치를 구부리고 손바닥이 앞을 향하게 하여 덤벨을 어깨 높이까지 들어 올립니다. | Step:3 팔이 머리 위로 완전히 펴질 때까지 덤벨을 위로 누릅니다. | Step:4 맨 위에서 잠시 멈춘 후, 덤벨을 천천히 어깨 높이로 내립니다. | Step:5 원하는 횟수만큼 반복합니다.",https://melo2026.s3.ap-northeast-2.amazonaws.com/workout-images/f1jf47L.webp,weight,5.0,어깨,,덤벨,,덤벨
F1KxjBa,덤벨 피치 해머 컬,https://static.exercisedb.dev/media/F1KxjBa.gif,이두근,전완근,Step:1 손바닥이 몸통을 향하게 하여 각 손에 덤벨을 들고 똑바로 섭니다. | Step:2 팔꿈치를 몸통 가까이에 두고 손바닥이 앞을 향하도록 돌립니다. | Step:3 이것이 시작 자세입니다. | Step:4 이제 윗팔을 고정한 채로 숨을 내쉬며 이두근을 수축하면서 무게를 컬링합니다. | Step:5 이두근이 완전히 수축되고 덤벨이 어깨 높이에 올 때까지 무게를 계속 들어 올립니다. | Step:6 이두근을 조이면서 수축된 자세를 잠시 유지합니다. | Step:7 그런 다음 숨을 들이쉬며 덤벨을 천천히 시작 자세로 내리기 시작합니다. | Step:8 권장 횟수만큼 반복합니다.,https://melo2026.s3.ap-northeast-2.amazonaws.com/workout-images/F1KxjBa.webp,weight,5.0,팔,상완,덤벨,,덤벨
f38OEuO,니링 랫 스트레치,https://static.exercisedb.dev/media/f38OEuO.gif,광배근,어깨 | 삼두근,Step:1 무릎을 엉덩이 너비로 벌리고 발가락이 뒤를 향하도록 바닥에 무릎을 꿇습니다. | Step:2 팔을 머리 위로 뻗고 손가락을 깍지 낍니다. | Step:3 등을 곧게 편 채로 오른쪽으로 천천히 기울여 왼쪽 광배근에 스트레칭을 느낍니다. | Step:4 스트레칭을 20-30초 동안 유지한 후 시작 자세로 돌아갑니다. | Step:5 왼쪽으로 기울여 오른쪽 광배근에 스트레칭을 느끼면서 왼쪽에서도 같은 스트레칭을 반복합니다. | Step:6 원하는 횟수만큼 번갈아 가며 계속합니다.,https://melo2026.s3.ap-northeast-2.amazonaws.com/workout-images/f38OEuO.webp,weight,2.5,등,,맨몸,,맨몸
F3xgbjF,덤벨 인클라인 바이셉스 컬,https://static.exercisedb.dev/media/F3xgbjF.gif,이두근,전완근,Step:1 손바닥이 앞을 향하고 팔이 완전히 펴진 상태에서 각 손에 덤벨을 들고 인클라인 벤치에 앉습니다. | Step:2 윗팔을 고정한 채로 숨을 내쉬며 이두근을 수축하면서 무게를 컬링합니다. | Step:3 이두근이 완전히 수축되고 덤벨이 어깨 높이에 올 때까지 덤벨을 계속 들어 올립니다. | Step:4 이두근을 조이면서 수축된 자세를 잠시 유지합니다. | Step:5 숨을 들이쉬며 덤벨을 천천히 시작 자세로 내리기 시작합니다. | Step:6 원하는 횟수만큼 반복합니다.,https://melo2026.s3.ap-northeast-2.amazonaws.com/workout-images/F3xgbjF.webp,weight,5.0,팔,상완,덤벨,,덤벨
f4xtKBj,어시스티드 스탠딩 풀업,https://static.exercisedb.dev/media/f4xtKBj.gif,광배근,이두근 | 전완근,Step:1 원하는 무게와 높이 설정으로 기계를 조절합니다. | Step:2 발을 어깨너비로 벌리고 기계를 향해 섭니다. | Step:3 어깨너비보다 약간 넓게 오버핸드 그립으로 손잡이를 잡습니다. | Step:4 광배근과 이두근에 힘을 주고 손잡이 쪽으로 몸을 당깁니다. | Step:5 맨 위에서 잠시 멈추면서 등 근육을 조입니다. | Step:6 천천히 시작 자세로 다시 내려갑니다. | Step:7 원하는 횟수만큼 반복합니다.,https://melo2026.s3.ap-northeast-2.amazonaws.com/workout-images/f4xtKBj.webp,weight,5.0,등,,머신,레버리지 머신,레버리지 머신
F56Xpw3,퍼스 웨이티드 스트레이트 바 딥,,대흉근,삼두근 | 어깨,"Step:1 팔을 완전히 펴고 몸을 곧게 편 상태에서 평행 바 사이에 섭니다. | Step:2 윗팔이 바닥과 평행이 될 때까지 팔꿈치를 구부려 몸을 내립니다. | Step:3 잠시 멈춘 후, 팔을 펴서 시작 자세로 다시 밀어 올립니다. | Step:4 (퍼스 변형) 원하는 횟수만큼 반복합니다.",,weight,5.0,가슴,,기타,중량,중량
f7fnAIB,케이블 스쿼트 로우 (로프 부착 포함),https://static.exercisedb.dev/media/f7fnAIB.gif,광배근,이두근 | rhomboids | rear deltoids,"Step:1 허리 높이에서 케이블 머신에 로프를 연결합니다. | Step:2 발을 어깨너비로 벌리고 케이블 머신을 향해 섭니다. | Step:3 무릎을 구부리고 등을 곧게 펴고 가슴을 들어 올린 채 스쿼트 자세로 몸을 낮춥니다. | Step:4 손을 어깨너비로 벌려 오버핸드 그립으로 로프를 잡습니다. | Step:5 코어에 힘을 주고 견갑골을 함께 조이면서 로프를 몸 쪽으로 당깁니다. | Step:6 팔꿈치를 몸 가까이에 두고 손이 가슴에 닿을 때까지 계속 당깁니다. | Step:7 동작의 맨 위에서 잠시 멈춘 후, 로프를 천천히 풀고 팔을 시작 자세로 되돌립니다. | Step:8 원하는 횟수만큼 반복합니다.",https://melo2026.s3.ap-northeast-2.amazonaws.com/workout-images/f7fnAIB.webp,weight,5.0,등,,케이블 머신,,케이블
F7vjXqT,인클라인 푸시업 (박스 이용),https://static.exercisedb.dev/media/F7vjXqT.gif,대흉근,삼두근 | 어깨,"Step:1 박스나 높은 표면 가장자리에 어깨너비보다 약간 넓게 손을 댑니다. | Step:2 발끝으로 몸을 지탱하고 다리를 뒤로 뻗어 머리부터 발뒤꿈치까지 일직선을 만듭니다. | Step:3 팔꿈치를 구부려 가슴을 박스 쪽으로 내리면서 몸통을 일직선으로 유지합니다. | Step:4 맨 아래에서 잠시 멈춘 후, 팔을 펴서 시작 자세로 돌아옵니다. | Step:5 원하는 횟수만큼 반복합니다.",https://melo2026.s3.ap-northeast-2.amazonaws.com/workout-images/F7vjXqT.webp,weight,3.5,가슴,,맨몸,,맨몸
f7Y9eDZ,바벨 스러스터,https://static.exercisedb.dev/media/f7Y9eDZ.gif,삼각근,quadriceps | 둔근 | 햄스트링 | 코어,Step:1 발을 어깨너비로 벌리고 서서 바벨을 어깨 높이에서 오버핸드 그립으로 잡습니다. | Step:2 무릎을 구부리고 엉덩이를 뒤로 밀면서 스쿼트 자세로 내려갑니다. | Step:3 스쿼트 맨 아래 지점에서 발뒤꿈치로 폭발적으로 밀어 일어서면서 동시에 바벨을 머리 위로 들어 올립니다. | Step:4 스쿼트 자세로 다시 내려가면서 바벨을 어깨 높이로 내립니다. | Step:5 원하는 횟수만큼 반복합니다.,https://melo2026.s3.ap-northeast-2.amazonaws.com/workout-images/f7Y9eDZ.webp,weight,5.0,어깨,,바벨,,바벨
f91FwXG,레버 그립리스 슈러그,https://static.exercisedb.dev/media/f91FwXG.gif,승모근,어깨 | 전완근,"Step:1 시트 높이를 조절하고 레버리지 머신에 앉습니다. | Step:2 손바닥이 안쪽을 향하게 손잡이를 잡고 팔을 완전히 뻗습니다. | Step:3 등을 곧게 펴고 숨을 내쉬면서 어깨를 최대한 높이 들어 올립니다. | Step:4 수축된 상태를 잠시 유지한 후, 숨을 들이쉬면서 천천히 어깨를 시작 자세로 내립니다. | Step:5 원하는 횟수만큼 반복합니다.",https://melo2026.s3.ap-northeast-2.amazonaws.com/workout-images/f91FwXG.webp,weight,5.0,등,,머신,레버리지 머신,레버리지 머신
f9lVSSI,애스트라이드 점프 (남성),https://static.exercisedb.dev/media/f9lVSSI.gif,심폐 지구력,quadriceps | 햄스트링 | 종아리,Step:1 발을 어깨너비로 벌리고 섭니다. | Step:2 무릎을 구부리고 몸을 스쿼트 자세로 낮춥니다. | Step:3 다리와 팔을 펴면서 위로 폭발적으로 점프합니다. | Step:4 공중에서 다리를 벌리고 팔을 옆으로 뻗습니다. | Step:5 무릎을 구부려 충격을 흡수하며 발을 어깨너비로 벌리고 부드럽게 착지합니다. | Step:6 원하는 횟수만큼 반복합니다.,https://melo2026.s3.ap-northeast-2.amazonaws.com/workout-images/f9lVSSI.webp,cardio,3.5,유산소,,맨몸,,맨몸
faHKVkK,바벨 스탠딩 와이드 그립 바이셉스 컬,https://static.exercisedb.dev/media/faHKVkK.gif,이두근,전완근,Step:1 발을 어깨너비로 벌리고 서서 언더핸드 그립으로 바벨을 잡습니다. 손은 어깨너비보다 넓게 잡습니다. | Step:2 등을 곧게 펴고 팔꿈치를 몸통에 가깝게 유지합니다. | Step:3 숨을 내쉬면서 상완을 고정한 채 바벨을 어깨 쪽으로 컬링합니다. | Step:4 맨 위에서 잠시 멈추면서 이두근을 수축합니다. | Step:5 숨을 들이쉬면서 천천히 바벨을 시작 자세로 내리고 팔을 완전히 뻗습니다. | Step:6 원하는 횟수만큼 반복합니다.,https://melo2026.s3.ap-northeast-2.amazonaws.com/workout-images/faHKVkK.webp,weight,5.0,팔,상완,바벨,,바벨
FAoIFMw,원 암 딥,https://static.exercisedb.dev/media/FAoIFMw.gif,삼두근,가슴 | 어깨,"Step:1 벤치나 의자를 등지고 발을 어깨너비로 벌리고 섭니다. | Step:2 한 손을 몸 쪽을 향하게 하여 뒤쪽의 벤치나 의자에 댑니다. | Step:3 다리를 앞으로 뻗고 발뒤꿈치를 땅에 댑니다. | Step:4 팔꿈치를 구부려 몸을 땅 쪽으로 내리면서 등을 벤치나 의자에 가깝게 유지합니다. | Step:5 맨 아래에서 잠시 멈춘 후, 손바닥으로 밀어 팔을 펴서 시작 자세로 돌아옵니다. | Step:6 원하는 횟수만큼 반복한 후, 반대쪽 팔로 바꿔 반복합니다.",https://melo2026.s3.ap-northeast-2.amazonaws.com/workout-images/FAoIFMw.webp,weight,3.5,팔,상완,맨몸,,맨몸
fBnPpzd,플렉서블 어시스티드 프론 햄스트링,,햄스트링,둔근 | lower back,"Step:1 매트나 벤치에 엎드려 다리를 완전히 뻗습니다. | Step:2 (플렉서블 변형) 파트너의 도움을 받거나 저항 밴드를 사용하여 발목을 고정합니다. | Step:3 햄스트링을 사용하여 무릎을 편 채 다리를 엉덩이 쪽으로 들어 올립니다. | Step:4 맨 위에서 잠시 멈춘 후, 천천히 다리를 시작 자세로 내립니다. | Step:5 원하는 횟수만큼 반복합니다.",,weight,3.5,하체,허벅지,기타,보조 기구,보조 기구
Ff18ItA,웨이티드 스트레이트 바 딥,https://static.exercisedb.dev/media/Ff18ItA.gif,대흉근,삼두근 | 어깨,"Step:1 평행봉 사이에 서서 팔을 완전히 뻗고 몸을 곧게 유지합니다. | Step:2 팔꿈치를 구부려 상완이 바닥과 평행이 될 때까지 몸을 내립니다. | Step:3 잠시 멈춘 후, 팔을 펴서 시작 자세로 돌아옵니다. | Step:4 원하는 횟수만큼 반복합니다.",https://melo2026.s3.ap-northeast-2.amazonaws.com/workout-images/Ff18ItA.webp,weight,5.0,가슴,,기타,중량,중량
fF6GKVh,체어 레그 익스텐디드 스트레치 (수정),,대퇴사두근,햄스트링 | 종아리,Step:1 의자 가장자리에 앉아 등을 곧게 펴고 발을 바닥에 댑니다. | Step:2 한쪽 다리를 앞으로 쭉 뻗고 발뒤꿈치를 바닥에 댑니다. | Step:3 상체를 약간 앞으로 기울여 대퇴사두근의 스트레칭을 느낍니다. | Step:4 이 자세를 20-30초간 유지합니다. 수정된 동작에 집중합니다. | Step:5 반대쪽 다리로 바꿔 스트레칭을 반복합니다.,,weight,2.5,하체,허벅지,맨몸,,맨몸
ffQsyBj,덤벨 원 암 스탠딩 컬,https://static.exercisedb.dev/media/ffQsyBj.gif,이두근,전완근,"Step:1 똑바로 서서 한 손에 덤벨을 들고 손바닥이 앞을 향하게 하며 팔을 완전히 뻗습니다. | Step:2 상완을 고정한 채 숨을 내쉬면서 이두근을 수축하며 덤벨을 위로 컬링합니다. | Step:3 이두근이 완전히 수축되고 덤벨이 어깨 높이에 올 때까지 계속 들어 올립니다. | Step:4 맨 위에서 잠시 멈추면서 이두근을 쥐어짜는 느낌을 유지합니다. | Step:5 숨을 들이쉬면서 천천히 덤벨을 시작 자세로 내립니다. | Step:6 원하는 횟수만큼 반복한 후, 반대쪽 팔로 바꿔 반복합니다.",https://melo2026.s3.ap-northeast-2.amazonaws.com/workout-images/ffQsyBj.webp,weight,5.0,팔,상완,덤벨,,덤벨
FFRP97T,프로그 크런치,https://static.exercisedb.dev/media/FFRP97T.gif,복근,고관절 굴곡근,"Step:1 등을 대고 누워 무릎을 구부리고 발을 바닥에 댑니다. | Step:2 손을 머리 뒤에 대고 팔꿈치를 바깥쪽으로 향하게 합니다. | Step:3 복근을 사용하여 상체를 땅에서 들어 올리면서 상체가 45도 각도가 될 때까지 앞으로 컬링합니다. | Step:4 맨 위에서 잠시 멈춘 후, 천천히 상체를 시작 자세로 내립니다. | Step:5 원하는 횟수만큼 반복합니다.",https://melo2026.s3.ap-northeast-2.amazonaws.com/workout-images/FFRP97T.webp,weight,3.5,코어,허리 | 복부,맨몸,,맨몸
fgc9Xdl,케이블 스탠딩 원 레그 카프 레이즈,https://static.exercisedb.dev/media/fgc9Xdl.gif,종아리,ankles | feet,"Step:1 케이블 머신을 마주보고 서서 발을 어깨너비로 벌립니다. | Step:2 지지를 위해 케이블 머신을 잡습니다. | Step:3 한쪽 다리를 땅에서 떼고 다른 쪽 다리로 균형을 잡습니다. | Step:4 발뒤꿈치를 천천히 들어 올려 발끝으로 몸을 들어 올립니다. | Step:5 맨 위에서 잠시 멈춘 후, 발뒤꿈치를 천천히 시작 자세로 내립니다. | Step:6 원하는 횟수만큼 반복한 후, 반대쪽 다리로 바꿔 반복합니다.",https://melo2026.s3.ap-northeast-2.amazonaws.com/workout-images/fgc9Xdl.webp,weight,5.0,하체,종아리,케이블 머신,,케이블
Fhdtwf3,레버 원 암 벤트 오버 로우,https://static.exercisedb.dev/media/Fhdtwf3.gif,상부 등,이두근 | 전완근,Step:1 발을 어깨너비로 벌리고 무릎을 약간 구부린 채 오버핸드 그립으로 바벨을 잡습니다. | Step:2 등을 곧게 펴고 머리를 든 채 엉덩이에서 앞으로 구부립니다. | Step:3 팔을 완전히 뻗어 바벨을 앞에 늘어뜨립니다. | Step:4 팔꿈치를 몸에 가깝게 유지하면서 바벨을 가슴 쪽으로 당깁니다. | Step:5 동작 맨 위에서 견갑골을 함께 쥐어짭니다. | Step:6 바벨을 시작 자세로 다시 내립니다. | Step:7 원하는 횟수만큼 반복합니다.,https://melo2026.s3.ap-northeast-2.amazonaws.com/workout-images/Fhdtwf3.webp,weight,5.0,등,,바벨,,바벨
fhZQPlV,케이블 트위스트 (업-다운),https://static.exercisedb.dev/media/fhZQPlV.gif,복근,obliques | lower back,"Step:1 발을 어깨너비로 벌리고 케이블 머신을 마주보고 섭니다. | Step:2 양손으로 케이블 손잡이를 가슴 앞에서 잡고 팔을 약간 구부립니다. | Step:3 코어에 힘을 주고 엉덩이와 다리를 고정한 채 몸통을 천천히 한쪽으로 회전시킵니다. | Step:4 회전 끝에서 잠시 멈춘 후, 천천히 시작 자세로 돌아옵니다. | Step:5 반대쪽으로 회전을 반복합니다. | Step:6 원하는 횟수만큼 번갈아 가며 반복합니다.",https://melo2026.s3.ap-northeast-2.amazonaws.com/workout-images/fhZQPlV.webp,weight,5.0,코어,허리 | 복부,케이블 머신,,케이블
fI18Rbc,바벨 업라이트 로우 v. 3,https://static.exercisedb.dev/media/fI18Rbc.gif,삼각근,승모근 | 이두근,"Step:1 발을 어깨너비로 벌리고 오버핸드 그립으로 바벨을 잡습니다. 손은 어깨너비보다 약간 넓게 잡습니다. | Step:2 팔을 완전히 뻗어 바벨을 허벅지 앞에 늘어뜨립니다. | Step:3 코어를 고정하고 등을 곧게 편 채, 팔꿈치를 리드하며 바벨을 턱 쪽으로 똑바로 들어 올리면서 숨을 내쉽니다. | Step:4 맨 위에서 잠시 멈춘 후, 숨을 들이쉬면서 천천히 바벨을 시작 자세로 내립니다. | Step:5 원하는 횟수만큼 반복합니다.",https://melo2026.s3.ap-northeast-2.amazonaws.com/workout-images/fI18Rbc.webp,weight,5.0,어깨,,바벨,,바벨
fjjY3N4,인버티드 스타일 인버스 레그 컬 (풀업 케이블 머신),,햄스트링,둔근 | 종아리,"Step:1 앵클 스트랩이 가장 낮은 설정에 오도록 케이블 머신을 조절하세요. | Step:2 다리를 뻗고 발에 앵클 스트랩을 착용한 상태로 벤치에 엎드립니다. | Step:3 안정성을 위해 벤치의 손잡이를 잡습니다. | Step:4 무릎을 구부리고 햄스트링을 수축시키면서 다리를 엉덩이 쪽으로 컬링합니다. | Step:5 동작의 가장 높은 지점에서 잠시 멈춘 후, 다리를 천천히 시작 위치로 되돌립니다. | Step:6 원하는 횟수만큼 반복합니다. 전체 동작 동안 인버티드 자세를 유지하세요.",,weight,3.5,하체,허벅지,맨몸,,맨몸
FkBIE6a,덤벨 라잉 페모럴,https://static.exercisedb.dev/media/FkBIE6a.gif,햄스트링,둔근,"Step:1 등을 대고 누워 다리를 뻗고, 덤벨을 하복부에 올려놓습니다. | Step:2 무릎을 구부리고 발을 바닥에 평평하게 유지하면서 덤벨을 엉덩이 쪽으로 가져옵니다. | Step:3 가장 높은 지점에서 잠시 멈춘 후, 덤벨을 천천히 시작 위치로 되돌립니다. | Step:4 원하는 횟수만큼 반복합니다.",https://melo2026.s3.ap-northeast-2.amazonaws.com/workout-images/FkBIE6a.webp,weight,5.0,하체,허벅지,덤벨,,덤벨
fKZgDEO,싱글 레그 카프 레이즈 (덤벨 사용),https://static.exercisedb.dev/media/fKZgDEO.gif,종아리,ankles | feet,"Step:1 발을 엉덩이 너비로 벌리고 서서 한 손에 덤벨을 듭니다. | Step:2 한 발을 땅에서 떼고 다른 발로 균형을 잡습니다. | Step:3 종아리 근육을 사용하여 발뒤꿈치를 가능한 한 높이 천천히 들어 올립니다. | Step:4 가장 높은 지점에서 잠시 멈춘 후, 발뒤꿈치를 천천히 다시 내립니다. | Step:5 원하는 횟수만큼 반복한 후, 다른 다리로 전환합니다.",https://melo2026.s3.ap-northeast-2.amazonaws.com/workout-images/fKZgDEO.webp,weight,5.0,하체,종아리,덤벨,,덤벨
fNGumX0,백 앤 포스텝,https://static.exercisedb.dev/media/fNGumX0.gif,심폐 지구력,quadriceps | 햄스트링 | 둔근 | 종아리,"Step:1 발을 어깨 너비로 벌리고 섭니다. | Step:2 오른쪽 발로 앞으로 나아가면서 무릎을 구부리고 몸을 런지 자세로 낮춥니다. | Step:3 오른쪽 발로 밀고 시작 자세로 돌아옵니다. | Step:4 왼쪽 발로 동작을 반복하며, 각 스텝마다 다리를 번갈아 사용합니다. | Step:5 꾸준한 속도를 유지하며 앞뒤로 계속 스텝합니다. | Step:6 원하는 시간 또는 횟수만큼 반복합니다.",https://melo2026.s3.ap-northeast-2.amazonaws.com/workout-images/fNGumX0.webp,cardio,3.5,유산소,,맨몸,,맨몸
fprd84i,이지 바벨 안티 그래비티 프레스,https://static.exercisedb.dev/media/fprd84i.gif,삼각근,삼두근 | 가슴,Step:1 발을 어깨 너비로 벌리고 서서 이지 바벨을 오버핸드 그립으로 잡습니다. | Step:2 팔꿈치를 살짝 구부리고 손바닥이 앞을 향하도록 하면서 바벨을 어깨 높이까지 들어 올립니다. | Step:3 팔을 완전히 펴면서 바벨을 머리 위로 누릅니다. | Step:4 바벨을 어깨 높이로 다시 내리고 원하는 횟수만큼 반복합니다.,https://melo2026.s3.ap-northeast-2.amazonaws.com/workout-images/fprd84i.webp,weight,5.0,어깨,,바벨,,EZ 바벨
FQXdXzY,덤벨 시티드 트라이셉스 익스텐션,https://static.exercisedb.dev/media/FQXdXzY.gif,삼두근,어깨,Step:1 등을 곧게 펴고 발을 바닥에 평평하게 댄 상태로 벤치에 앉습니다. | Step:2 양손으로 덤벨을 오버핸드 그립으로 잡고 머리 위로 들어 올립니다. | Step:3 팔꿈치를 구부리고 상완을 귀에 가깝게 유지하면서 덤벨을 머리 뒤로 내립니다. | Step:4 팔을 펴서 덤벨을 시작 자세로 다시 들어 올립니다. | Step:5 원하는 횟수만큼 반복합니다.,https://melo2026.s3.ap-northeast-2.amazonaws.com/workout-images/FQXdXzY.webp,weight,5.0,팔,상완,덤벨,,덤벨
FS63wTN,덤벨 푸시 프레스,https://static.exercisedb.dev/media/FS63wTN.gif,삼각근,삼두근 | 코어,"Step:1 발을 어깨 너비로 벌리고 서서 양손으로 덤벨을 어깨 높이에서 잡습니다. | Step:2 무릎을 살짝 구부리고 몸을 아래로 내렸다가, 다리를 폭발적으로 펴면서 덤벨을 머리 위로 누릅니다. | Step:3 동작의 가장 높은 지점에서 팔을 완전히 펴고, 덤벨을 어깨 높이로 다시 내립니다. | Step:4 원하는 횟수만큼 반복합니다.",https://melo2026.s3.ap-northeast-2.amazonaws.com/workout-images/FS63wTN.webp,weight,5.0,어깨,,덤벨,,덤벨
FSD6PGL,덤벨 풀오버 온 엑서사이즈 볼,https://static.exercisedb.dev/media/FSD6PGL.gif,대흉근,삼두근 | latissimus dorsi,"Step:1 엑서사이즈 볼에 앉아 양손으로 덤벨을 가슴 위에서 잡고 팔을 뻗습니다. | Step:2 팔을 곧게 유지하면서 덤벨을 머리 뒤로 천천히 내립니다. | Step:3 잠시 멈춘 후, 덤벨을 시작 자세로 다시 들어 올립니다. | Step:4 원하는 횟수만큼 반복합니다.",https://melo2026.s3.ap-northeast-2.amazonaws.com/workout-images/FSD6PGL.webp,weight,5.0,가슴,,덤벨,,덤벨
FSF9WOs,와이드 그립 체스트 딥 온 하이 패러렐 바 - 로우 바리에이션,,대흉근,삼두근 | 어깨,"Step:1 평행봉에 팔을 완전히 펴고 몸을 공중에 매달린 상태로 위치합니다. | Step:2 상체를 살짝 앞으로 기울이고 팔꿈치를 구부려 가슴이 바 위쪽에 올 때까지 몸을 내립니다. | Step:3 (로우 바리에이션) 잠시 멈춘 후, 팔을 펴서 시작 자세로 다시 밀어 올립니다. | Step:4 원하는 횟수만큼 반복합니다.",,weight,3.5,가슴,,맨몸,,맨몸
fSrPP6B,트라이셉스 프레스,https://static.exercisedb.dev/media/fSrPP6B.gif,삼두근,어깨,"Step:1 발을 어깨 너비로 벌리고 서서 무릎을 살짝 구부립니다. | Step:2 팔을 앞으로 펴서 바닥과 평행하게 만듭니다. | Step:3 팔꿈치를 구부리고 상완을 옆구리에 가깝게 유지하면서 몸을 바닥 쪽으로 내립니다. | Step:4 가장 낮은 지점에서 잠시 멈춘 후, 시작 자세로 다시 밀어 올립니다. | Step:5 원하는 횟수만큼 반복합니다.",https://melo2026.s3.ap-northeast-2.amazonaws.com/workout-images/fSrPP6B.webp,weight,3.5,팔,상완,맨몸,,맨몸
fTlkJop,덤벨 사이드 라잉 원 핸드 레이즈,https://static.exercisedb.dev/media/fTlkJop.gif,삼각근,trapezius | rhomboids,"Step:1 옆으로 누워 다리를 뻗고 팔로 머리를 지지합니다. | Step:2 위쪽 손으로 덤벨을 잡고 손바닥이 아래를 향하도록 합니다. | Step:3 팔을 곧게 유지하면서 덤벨을 어깨 높이까지 들어 올립니다. | Step:4 가장 높은 지점에서 잠시 멈춘 후, 덤벨을 천천히 시작 자세로 다시 내립니다. | Step:5 원하는 횟수만큼 반복한 후, 반대쪽으로 전환합니다.",https://melo2026.s3.ap-northeast-2.amazonaws.com/workout-images/fTlkJop.webp,weight,5.0,어깨,,덤벨,,덤벨
fUBheHs,케이블 시티드 로우,https://static.exercisedb.dev/media/fUBheHs.gif,상부 등,이두근 | 전완근,"Step:1 발을 발 받침대에 평평하게 대고 무릎을 살짝 구부린 상태로 케이블 로우 머신에 앉습니다. | Step:2 등은 곧게 펴고 어깨는 편안하게 유지하면서 손잡이를 오버핸드 그립으로 잡습니다. | Step:3 견갑골을 함께 모으면서 손잡이를 몸 쪽으로 당깁니다. | Step:4 동작의 가장 높은 지점에서 잠시 멈춘 후, 손잡이를 천천히 놓아 시작 자세로 되돌립니다. | Step:5 원하는 횟수만큼 반복합니다.",https://melo2026.s3.ap-northeast-2.amazonaws.com/workout-images/fUBheHs.webp,weight,5.0,등,,케이블 머신,,케이블
FVM1AUZ,레버 T-바 리버스 그립 로우,https://static.exercisedb.dev/media/FVM1AUZ.gif,상부 등,이두근 | 전완근,"Step:1 시트 높이를 조절하고 가슴을 패드에 대고 발을 바닥에 평평하게 댄 상태로 머신에 앉습니다. | Step:2 어깨 너비보다 약간 넓게 손잡이를 오버핸드 그립으로 잡습니다. | Step:3 등을 곧게 펴고 코어를 활성화합니다. | Step:4 견갑골을 함께 모으면서 손잡이를 가슴 쪽으로 당깁니다. | Step:5 동작의 가장 높은 지점에서 잠시 멈춘 후, 팔을 천천히 펴서 시작 자세로 되돌립니다. | Step:6 원하는 횟수만큼 반복합니다.",https://melo2026.s3.ap-northeast-2.amazonaws.com/workout-images/FVM1AUZ.webp,weight,5.0,등,,머신,레버리지 머신,레버리지 머신
FVmZVhk,케이블 로우 플라이,https://static.exercisedb.dev/media/FVmZVhk.gif,대흉근,deltoids | 삼두근,Step:1 케이블 머신의 로우 풀리에 손잡이를 연결하고 적절한 무게를 선택합니다. | Step:2 발을 어깨 너비로 벌리고 무릎을 살짝 구부린 상태로 머신 중앙에 섭니다. | Step:3 손잡이를 오버핸드 그립으로 잡고 팔꿈치를 살짝 구부린 상태로 팔을 옆으로 뻗습니다. | Step:4 통제력을 유지하면서 팔을 앞으로 쓸어 올리듯이 움직여 몸 앞에서 교차시킵니다. | Step:5 동작의 가장 높은 지점에서 잠시 멈추고 가슴 근육의 스트레칭을 느낍니다. | Step:6 동작을 반대로 하여 팔을 천천히 시작 자세로 되돌리면서 전체적으로 가슴 근육에 긴장을 유지합니다. | Step:7 원하는 횟수만큼 반복합니다.,https://melo2026.s3.ap-northeast-2.amazonaws.com/workout-images/FVmZVhk.webp,weight,2.5,가슴,,케이블 머신,,케이블
FWdVhcW,케이블 스탠딩 숄더 익스터널 로테이션,https://static.exercisedb.dev/media/FWdVhcW.gif,삼각근,rotator cuff | trapezius,"Step:1 발을 어깨 너비로 벌리고 서서 무릎을 살짝 구부립니다. | Step:2 팔을 앞으로 뻗어 바닥과 평행하게 하고 케이블 손잡이를 잡습니다. | Step:3 팔꿈치를 살짝 구부리고 견갑골을 뒤로 당깁니다. | Step:4 팔꿈치를 같은 위치에 유지하면서 팔을 몸 바깥쪽으로 천천히 회전시킵니다. | Step:5 동작의 끝에서 잠시 멈춘 후, 천천히 시작 자세로 되돌립니다. | Step:6 원하는 횟수만큼 반복합니다.",https://melo2026.s3.ap-northeast-2.amazonaws.com/workout-images/FWdVhcW.webp,weight,5.0,어깨,,케이블 머신,,케이블
fXfqg1E,웨이티드 원 핸드 풀업,https://static.exercisedb.dev/media/fXfqg1E.gif,광배근,이두근 | 전완근,Step:1 어깨너비보다 약간 넓게 오버핸드 그립으로 풀업 바를 잡습니다. | Step:2 팔을 완전히 펴고 몸을 곧게 편 상태로 바에서 매달립니다. | Step:3 코어에 힘을 주고 팔꿈치를 구부리고 등 근육을 수축하여 몸을 바 쪽으로 당깁니다. | Step:4 턱이 바 위로 올라올 때까지 계속 당깁니다. | Step:5 통제하면서 시작 자세로 몸을 다시 내립니다. | Step:6 원하는 횟수만큼 반복합니다.,https://melo2026.s3.ap-northeast-2.amazonaws.com/workout-images/fXfqg1E.webp,weight,5.0,등,,기타,중량,중량
FxhcxUW,덤벨 시티드 원 레그 카프 레이즈 - 해머 그립,https://static.exercisedb.dev/media/FxhcxUW.gif,종아리,햄스트링 | 둔근,Step:1 벤치나 의자에 앉아 발을 바닥에 평평하게 대고 허벅지 위에 덤벨을 올려놓습니다. | Step:2 한 발을 발판이나 블록과 같이 높은 표면에 놓고 발뒤꿈치가 가장자리에 걸쳐지도록 합니다. | Step:3 손바닥이 서로 마주보고 손가락으로 손잡이를 감싸 쥐는 해머 그립으로 덤벨을 잡습니다. | Step:4 코어에 힘을 주고 등을 곧게 편 상태에서 발 앞부분으로 밀어 발뒤꿈치를 가능한 한 높이 들어 올립니다. | Step:5 맨 위에서 잠시 멈춘 다음 시작 자세로 발뒤꿈치를 천천히 다시 내립니다. | Step:6 원하는 횟수만큼 반복한 다음 다른 다리로 바꿉니다.,https://melo2026.s3.ap-northeast-2.amazonaws.com/workout-images/FxhcxUW.webp,weight,5.0,하체,종아리,덤벨,,덤벨
FY3UdNT,엑서사이즈 볼 온 더 월 카프 레이즈 (발목 사이 테니스 공),https://static.exercisedb.dev/media/FY3UdNT.gif,종아리,햄스트링 | quadriceps,Step:1 벽을 마주보고 서서 발을 어깨너비로 벌립니다. | Step:2 허리와 벽 사이에 엑서사이즈 볼을 놓습니다. | Step:3 각 손에 덤벨을 들고 팔을 옆으로 완전히 뻗습니다. | Step:4 발목 사이에 테니스 공을 놓습니다. | Step:5 발뒤꿈치를 바닥에서 들어 올려 발가락으로 몸을 들어 올립니다. | Step:6 맨 위에서 잠시 멈춘 다음 발뒤꿈치를 시작 자세로 천천히 다시 내립니다. | Step:7 원하는 횟수만큼 반복합니다.,https://melo2026.s3.ap-northeast-2.amazonaws.com/workout-images/FY3UdNT.webp,weight,5.0,하체,종아리,덤벨,,덤벨
fY68AyX,덤벨 해머 컬 온 엑서사이즈 볼,https://static.exercisedb.dev/media/fY68AyX.gif,이두근,전완근,Step:1 발을 바닥에 평평하게 대고 등을 곧게 편 상태로 엑서사이즈 볼에 앉습니다. | Step:2 각 손에 덤벨을 들고 손바닥이 몸을 향하도록 하고 팔을 완전히 뻗습니다. | Step:3 윗팔을 고정한 상태에서 숨을 내쉬면서 이두근을 수축하며 덤벨을 컬합니다. | Step:4 이두근이 완전히 수축되고 덤벨이 어깨 높이에 올 때까지 덤벨을 계속 들어 올립니다. | Step:5 이두근을 쥐어짜면서 수축된 자세를 잠시 유지합니다. | Step:6 숨을 들이쉬면서 덤벨을 시작 자세로 천천히 다시 내리기 시작합니다. | Step:7 원하는 횟수만큼 반복합니다.,https://melo2026.s3.ap-northeast-2.amazonaws.com/workout-images/fY68AyX.webp,weight,5.0,팔,상완,덤벨,,덤벨
fy7Tgy4,덤벨 얼터네이트 해머 프레처 컬,https://static.exercisedb.dev/media/fy7Tgy4.gif,이두근,전완근,Step:1 각 손에 덤벨을 들고 손바닥이 몸통을 향하도록 하고 팔을 완전히 뻗은 상태로 프레처 벤치에 앉습니다. | Step:2 윗팔을 고정한 상태에서 숨을 내쉬면서 이두근을 수축하며 무게를 컬합니다. | Step:3 이두근이 완전히 수축되고 덤벨이 어깨 높이에 올 때까지 덤벨을 계속 들어 올립니다. | Step:4 이두근을 쥐어짜면서 수축된 자세를 잠시 유지합니다. | Step:5 숨을 들이쉬면서 덤벨을 시작 자세로 천천히 다시 내리기 시작합니다. | Step:6 권장 횟수만큼 반복합니다.,https://melo2026.s3.ap-northeast-2.amazonaws.com/workout-images/fy7Tgy4.webp,weight,5.0,팔,상완,덤벨,,덤벨
fZFZ704,웨이티드 러시안 트위스트,https://static.exercisedb.dev/media/fZFZ704.gif,복근,obliques | lower back,Step:1 무릎을 구부리고 발을 바닥에 평평하게 댄 상태로 바닥에 앉습니다. | Step:2 가슴 앞에서 양손으로 무게나 메디신 볼을 잡습니다. | Step:3 등을 곧게 펴고 코어에 힘을 준 상태에서 약간 뒤로 기울입니다. | Step:4 몸통을 오른쪽으로 천천히 비틀어 무게나 메디신 볼을 오른쪽 바닥 쪽으로 가져옵니다. | Step:5 잠시 멈춘 다음 몸통을 왼쪽으로 비틀어 무게나 메디신 볼을 왼쪽 바닥 쪽으로 가져옵니다. | Step:6 원하는 횟수만큼 번갈아 가며 반복합니다.,https://melo2026.s3.ap-northeast-2.amazonaws.com/workout-images/fZFZ704.webp,weight,5.0,코어,허리 | 복부,기타,중량,중량
G08RZcQ,케이블 컬,https://static.exercisedb.dev/media/G08RZcQ.gif,이두근,전완근,Step:1 발을 어깨너비로 벌리고 케이블 머신을 마주보고 섭니다. | Step:2 손바닥이 위를 향하도록 언더핸드 그립으로 케이블 부착물을 잡습니다. | Step:3 팔꿈치를 옆구리에 가깝게 유지하고 윗팔을 고정합니다. | Step:4 숨을 내쉬면서 이두근을 수축하며 케이블 부착물을 어깨 쪽으로 컬합니다. | Step:5 움직임의 맨 위에서 잠시 멈추고 이두근을 수축합니다. | Step:6 숨을 들이쉬면서 케이블 부착물을 시작 자세로 천천히 다시 내립니다. | Step:7 원하는 횟수만큼 반복합니다.,https://melo2026.s3.ap-northeast-2.amazonaws.com/workout-images/G08RZcQ.webp,weight,5.0,팔,상완,케이블 머신,,케이블
G1qWW6M,매크로 스타일 웨이티드 원 핸드 풀업,,광배근,이두근 | 전완근,Step:1 어깨너비보다 약간 넓게 오버핸드 그립으로 풀업 바를 잡습니다. | Step:2 팔을 완전히 펴고 몸을 곧게 편 상태로 바에서 매달립니다. 매크로 강도로 수행합니다. | Step:3 코어에 힘을 주고 팔꿈치를 구부리고 등 근육을 수축하여 몸을 바 쪽으로 당깁니다. | Step:4 턱이 바 위로 올라올 때까지 계속 당깁니다. | Step:5 통제하면서 시작 자세로 몸을 다시 내립니다. | Step:6 원하는 횟수만큼 반복합니다.,,weight,5.0,등,,기타,중량,중량
g2oKspu,컬업,https://static.exercisedb.dev/media/g2oKspu.gif,복근,고관절 굴곡근,Step:1 무릎을 구부리고 발을 바닥에 평평하게 댄 상태로 등을 대고 눕습니다. | Step:2 팔꿈치를 바깥쪽으로 향하게 하여 손을 머리 뒤에 놓습니다. | Step:3 복근에 힘을 주고 상체를 천천히 들어 올려 몸통이 45도 각도가 될 때까지 앞으로 컬합니다. | Step:4 맨 위에서 잠시 멈춘 다음 상체를 시작 자세로 천천히 다시 내립니다. | Step:5 원하는 횟수만큼 반복합니다.,https://melo2026.s3.ap-northeast-2.amazonaws.com/workout-images/g2oKspu.webp,weight,3.5,코어,허리 | 복부,맨몸,,맨몸
g376LuL,슬레드 라잉 카프 프레스,https://static.exercisedb.dev/media/g376LuL.gif,종아리,햄스트링 | 둔근,Step:1 슬레드 머신을 편안한 무게로 조절합니다. | Step:2 패드에 등을 대고 발을 플랫폼에 댄 상태로 슬레드 머신에 앉습니다. | Step:3 발가락과 발 앞부분을 플랫폼 가장자리에 놓고 발뒤꿈치를 걸칩니다. | Step:4 무릎을 약간 구부린 상태에서 발목을 펴서 플랫폼을 밀어냅니다. | Step:5 종아리가 완전히 수축될 때까지 계속 밉니다. | Step:6 수축을 잠시 유지한 다음 플랫폼을 시작 자세로 천천히 다시 내립니다. | Step:7 원하는 횟수만큼 반복합니다.,https://melo2026.s3.ap-northeast-2.amazonaws.com/workout-images/g376LuL.webp,weight,5.0,하체,종아리,머신,슬레드 머신,슬레드 머신
G61cXLk,케이블 니잉 리어 델트 로우 (로프 포함) (남성),https://static.exercisedb.dev/media/G61cXLk.gif,삼각근,trapezius | rhomboids | 이두근,Step:1 로프 핸들을 낮은 케이블 풀리에 부착하고 머신을 마주보고 무릎을 꿇습니다. | Step:2 중립 그립(손바닥이 서로 마주봄)으로 로프를 잡고 팔을 앞으로 완전히 뻗습니다. | Step:3 등을 곧게 펴고 코어에 힘을 준 상태에서 어깨뼈를 뒤로 당겨 로프를 몸 쪽으로 당깁니다. | Step:4 움직임의 끝에서 어깨뼈를 함께 쥐어짜고 잠시 멈춥니다. | Step:5 긴장을 천천히 풀고 시작 자세로 돌아갑니다. | Step:6 원하는 횟수만큼 반복합니다.,https://melo2026.s3.ap-northeast-2.amazonaws.com/workout-images/G61cXLk.webp,weight,5.0,어깨,,케이블 머신,,케이블
G70mEAJ,친업 (내로우 패러렐 그립),https://static.exercisedb.dev/media/G70mEAJ.gif,상부 등,이두근 | 전완근,Step:1 손바닥이 서로 마주보는 내로우 패러렐 그립으로 풀업 바에 매달립니다. | Step:2 등 근육에 힘을 주고 팔꿈치를 몸에 가깝게 유지하면서 몸을 바 쪽으로 당깁니다. | Step:3 턱이 바 위로 올라올 때까지 계속 당깁니다. | Step:4 맨 위에서 잠시 멈춘 다음 몸을 시작 자세로 천천히 다시 내립니다. | Step:5 원하는 횟수만큼 반복합니다.,https://melo2026.s3.ap-northeast-2.amazonaws.com/workout-images/G70mEAJ.webp,weight,3.5,등,,맨몸,,맨몸
G7PXMlT,밴드 버티컬 팔로프 프레스,https://static.exercisedb.dev/media/G7PXMlT.gif,복근,obliques | 둔근,Step:1 발을 어깨너비로 벌리고 가슴 높이의 튼튼한 물체에 밴드를 감습니다. | Step:2 양손으로 밴드를 잡고 앵커 포인트에서 떨어져 밴드에 장력을 생성합니다. | Step:3 앵커 포인트에 수직으로 서서 옆면이 밴드를 향하도록 합니다. | Step:4 손을 가슴 높이로 유지하면서 팔을 앞으로 똑바로 뻗습니다. | Step:5 코어에 힘을 주고 가슴에서 밴드를 밀어 팔을 완전히 뻗습니다. | Step:6 자세를 몇 초간 유지한 다음 밴드를 천천히 가슴 쪽으로 다시 가져옵니다. | Step:7 원하는 횟수만큼 반복한 다음 반대쪽으로 전환합니다.,https://melo2026.s3.ap-northeast-2.amazonaws.com/workout-images/G7PXMlT.webp,weight,5.0,코어,허리 | 복부,밴드,,밴드
G7xoEzr,바벨 시티드 얼터네이트 레그 레이즈,https://static.exercisedb.dev/media/G7xoEzr.gif,복근,고관절 굴곡근,Step:1 등을 곧게 펴고 벤치에 앉아 허벅지 위에 바벨을 올립니다. | Step:2 다리를 곧게 편 상태에서 다른 다리는 땅에 댄 채로 한쪽 다리를 가능한 한 높이 들어 올립니다. | Step:3 들어 올린 다리를 다시 내리고 다른 다리로 반복합니다. | Step:4 원하는 횟수만큼 다리를 번갈아 가며 반복합니다.,https://melo2026.s3.ap-northeast-2.amazonaws.com/workout-images/G7xoEzr.webp,weight,5.0,코어,허리 | 복부,바벨,,바벨
G8dXpNG,이지 바 리버스 그립 벤트 오버 로우,https://static.exercisedb.dev/media/G8dXpNG.gif,상부 등,이두근 | 전완근,Step:1 발을 어깨너비로 벌리고 무릎을 약간 구부린 상태로 섭니다. | Step:2 손바닥이 위를 향하는 언더핸드 그립으로 이지 바벨을 잡고 손은 어깨너비로 벌립니다. | Step:3 엉덩이에서 앞으로 구부리되 등을 곧게 펴고 가슴을 들어 올려 몸통이 바닥과 거의 평행이 될 때까지 합니다. | Step:4 어깨뼈를 함께 수축하며 이지 바벨을 아랫가슴 쪽으로 당깁니다. | Step:5 맨 위에서 잠시 멈춘 다음 이지 바벨을 시작 자세로 천천히 다시 내립니다. | Step:6 원하는 횟수만큼 반복합니다.,https://melo2026.s3.ap-northeast-2.amazonaws.com/workout-images/G8dXpNG.webp,weight,5.0,등,,바벨,,EZ 바벨
g9AsZ8P,케틀벨 원 암 로우,https://static.exercisedb.dev/media/g9AsZ8P.gif,상부 등,이두근 | 전완근,"Step:1 발을 어깨 너비로 벌리고 서서 한 손으로 케틀벨을 오버핸드 그립으로 잡습니다. | Step:2 무릎을 살짝 구부리고 엉덩이를 축으로 상체를 앞으로 숙입니다. 이때 등은 곧게 펴고 코어에 힘을 줍니다. | Step:3 팔꿈치를 몸에 가깝게 붙이고 견갑골을 함께 모으면서 케틀벨을 가슴 쪽으로 당깁니다. | Step:4 정점에서 잠시 멈춘 후, 천천히 케틀벨을 시작 자세로 내립니다. | Step:5 원하는 횟수만큼 반복한 후, 반대쪽으로 바꿔 다른 팔로 반복합니다.",https://melo2026.s3.ap-northeast-2.amazonaws.com/workout-images/g9AsZ8P.webp,weight,5.0,등,,케틀벨,,케틀벨
GaSzzuh,백 레버,https://static.exercisedb.dev/media/GaSzzuh.gif,상부 등,이두근 | 전완근 | 코어,"Step:1 풀업 바에 오버핸드 그립으로 매달립니다. 손은 어깨 너비보다 약간 넓게 잡습니다. | Step:2 코어에 힘을 주고 견갑골을 아래로 당겨 뒤로 보냅니다. | Step:3 무릎을 구부려 가슴 쪽으로 당깁니다. | Step:4 다리를 곧게 편 상태로 천천히 들어 올려 몸이 바닥과 평행이 되도록 합니다. | Step:5 이 자세를 몇 초간 유지한 후, 천천히 다리를 시작 자세로 내립니다. | Step:6 원하는 횟수만큼 반복합니다.",https://melo2026.s3.ap-northeast-2.amazonaws.com/workout-images/GaSzzuh.webp,weight,3.5,등,,맨몸,,맨몸
gAwDzB3,케이블 트라이셉스 푸시다운 (V-바),https://static.exercisedb.dev/media/gAwDzB3.gif,삼두근,전완근,"Step:1 케이블 머신에 가장 높은 설정으로 V-바를 연결합니다. | Step:2 케이블 머신을 마주보고 서서 발을 어깨 너비로 벌립니다. | Step:3 V-바를 오버핸드 그립으로 잡고 손바닥이 아래를 향하게 하며, 손은 어깨 너비로 벌립니다. | Step:4 운동 내내 팔꿈치를 옆구리에 가깝게 붙이고 상완을 고정합니다. | Step:5 삼두근에 힘을 주고 숨을 내쉬면서 팔이 완전히 펴질 때까지 V-바를 아래로 누릅니다. | Step:6 동작의 가장 아래 지점에서 잠시 멈추고 삼두근을 쥐어짭니다. | Step:7 숨을 들이쉬면서 천천히 V-바를 시작 자세로 돌아오고, 통제력을 유지합니다. | Step:8 원하는 횟수만큼 반복합니다.",https://melo2026.s3.ap-northeast-2.amazonaws.com/workout-images/gAwDzB3.webp,weight,5.0,팔,상완,케이블 머신,,케이블
Gchi5Tr,케이블 얼터네이트 트라이셉스 익스텐션,https://static.exercisedb.dev/media/Gchi5Tr.gif,삼두근,어깨,"Step:1 케이블 머신을 마주보고 서서 발을 어깨 너비로 벌립니다. | Step:2 케이블 핸들을 오른손으로 잡고 팔을 들어 올려 상완이 바닥과 평행이 되도록 하고 팔꿈치는 90도 각도로 구부립니다. | Step:3 상완을 고정한 상태로 전완을 뒤로 뻗어 팔을 완전히 폅니다. | Step:4 잠시 멈춘 후, 천천히 시작 자세로 돌아옵니다. | Step:5 왼팔로 반복합니다. | Step:6 원하는 횟수만큼 팔을 번갈아 가며 반복합니다.",https://melo2026.s3.ap-northeast-2.amazonaws.com/workout-images/Gchi5Tr.webp,weight,5.0,팔,상완,케이블 머신,,케이블
GdMa1ET,인클라인 스캐퓰라 푸시업,https://static.exercisedb.dev/media/GdMa1ET.gif,전거근,삼두근 | 어깨,Step:1 인클라인 벤치를 45도 각도로 설정합니다. | Step:2 손을 벤치 위에 어깨 너비보다 약간 넓게 댑니다. | Step:3 발을 바닥에 골반 너비로 둡니다. | Step:4 팔꿈치를 몸에 가깝게 붙이고 가슴을 벤치를 향해 내립니다. | Step:5 내리는 동안 견갑골을 모아 함께 쥐어짭니다. | Step:6 손바닥으로 밀어 팔을 펴고 시작 자세로 돌아옵니다. | Step:7 원하는 횟수만큼 반복합니다.,https://melo2026.s3.ap-northeast-2.amazonaws.com/workout-images/GdMa1ET.webp,weight,3.5,가슴,,맨몸,,맨몸
gdPIyyO,행잉 파이크 (인텐스),,복근,고관절 굴곡근 | 어깨,"Step:1 풀업 바에 팔을 완전히 펴고 손바닥이 자신에게서 멀어지도록 잡고 매달립니다. | Step:2 코어에 힘을 주고 다리를 곧게 편 상태로 바 쪽으로 들어 올립니다. | Step:3 (인텐스 변형) 몸이 'V'자 모양이 될 때까지 계속 들어 올립니다. 다리는 바닥과 평행이 되도록 합니다. | Step:4 자세를 잠시 유지한 후, 천천히 다리를 시작 자세로 내립니다. | Step:5 원하는 횟수만큼 반복합니다.",,weight,3.5,코어,허리 | 복부,맨몸,,맨몸
gEyURal,바벨 싱글 레그 데드리프트,https://static.exercisedb.dev/media/gEyURal.gif,둔근,햄스트링 | lower back,"Step:1 발을 골반 너비로 벌리고 서서 허벅지 앞에 바벨을 오버핸드 그립으로 잡습니다. | Step:2 체중을 왼발에 싣고 오른발을 바닥에서 살짝 뗍니다. | Step:3 엉덩이를 축으로 상체를 앞으로 숙입니다. 이때 등은 곧게 펴고 균형을 위해 오른 다리를 뒤로 뻗습니다. | Step:4 바벨을 몸에 가깝게 붙이고 왼 다리를 살짝 구부린 상태로 바닥을 향해 내립니다. | Step:5 바닥에서 잠시 멈춘 후, 둔근과 햄스트링에 힘을 주어 상체를 시작 자세로 들어 올립니다. | Step:6 원하는 횟수만큼 반복한 후, 반대쪽으로 바꿔 반복합니다.",https://melo2026.s3.ap-northeast-2.amazonaws.com/workout-images/gEyURal.webp,weight,5.0,하체,허벅지,바벨,,바벨
gf3ZjB9,슬레드 클로저 핵 스쿼트,https://static.exercisedb.dev/media/gf3ZjB9.gif,둔근,quadriceps | 햄스트링 | 종아리,"Step:1 슬레드 머신의 무게를 편안한 수준으로 조절하고 패드에 등을 대고 섭니다. | Step:2 발을 플랫폼 위에 어깨 너비로 놓고 발끝은 약간 바깥쪽으로 향하게 합니다. | Step:3 안정성을 위해 머신 측면의 핸들을 잡습니다. | Step:4 코어에 힘을 주고 무릎과 엉덩이를 구부리면서 등을 곧게 편 상태로 천천히 몸을 내립니다. | Step:5 허벅지가 바닥과 평행이 되거나 약간 아래가 될 때까지 계속 내립니다. | Step:6 바닥에서 잠시 멈춘 후, 발뒤꿈치로 밀어 다리를 펴고 시작 자세로 돌아옵니다. | Step:7 원하는 횟수만큼 반복합니다.",https://melo2026.s3.ap-northeast-2.amazonaws.com/workout-images/gf3ZjB9.webp,weight,5.0,하체,허벅지,머신,슬레드 머신,슬레드 머신
gfk9kD4,바벨 오버헤드 스쿼트,https://static.exercisedb.dev/media/gfk9kD4.gif,대퇴사두근,둔근 | 햄스트링 | 종아리 | 코어,"Step:1 발을 어깨 너비로 벌리고 발끝은 약간 바깥쪽으로 향하게 섭니다. | Step:2 넓은 그립으로 바벨을 잡고 팔을 완전히 편 상태로 머리 위로 위치시킵니다. | Step:3 코어에 힘을 주고 가슴을 펴고 무릎이 발끝을 향하도록 하면서 스쿼트 자세로 몸을 내립니다. | Step:4 바닥에서 잠시 멈춘 후, 발뒤꿈치로 밀어 시작 자세로 돌아옵니다. | Step:5 원하는 횟수만큼 반복합니다.",https://melo2026.s3.ap-northeast-2.amazonaws.com/workout-images/gfk9kD4.webp,weight,5.0,하체,허벅지,바벨,,바벨
gFyFj9z,덤벨 스텝업 런지,https://static.exercisedb.dev/media/gFyFj9z.gif,대퇴사두근,둔근 | 햄스트링 | 종아리,"Step:1 스텝 또는 플랫폼 앞에 서서 각 손에 덤벨을 들고 손바닥이 옆을 향하게 합니다. | Step:2 오른발을 스텝 위에 올려놓고 발 전체가 표면에 닿도록 합니다. | Step:3 오른발 뒤꿈치로 밀어 몸을 스텝 위로 들어 올리고 왼발도 함께 올립니다. | Step:4 양발이 스텝 위에 올라오면, 오른발은 스텝 위에 둔 채로 왼발을 시작 자세로 내립니다. | Step:5 매번 스텝업하는 발을 번갈아 가며 동작을 반복합니다. | Step:6 원하는 횟수만큼 반복합니다.",https://melo2026.s3.ap-northeast-2.amazonaws.com/workout-images/gFyFj9z.webp,weight,5.0,하체,허벅지,덤벨,,덤벨
gGNQmVt,바벨 싱글 레그 스플릿 스쿼트,https://static.exercisedb.dev/media/gGNQmVt.gif,대퇴사두근,둔근 | 햄스트링 | 종아리,"Step:1 발을 어깨 너비로 벌리고 서서 바벨을 등 위로 올립니다. | Step:2 상체를 똑바로 세운 상태로 한 발을 앞으로 크게 내딛습니다. | Step:3 앞쪽 무릎과 엉덩이를 구부리면서 몸을 내립니다. 이때 뒷다리는 곧게 폅니다. | Step:4 앞쪽 허벅지가 바닥과 평행이 될 때까지 계속 내립니다. | Step:5 잠시 멈춘 후, 앞쪽 발뒤꿈치로 밀어 시작 자세로 돌아옵니다. | Step:6 원하는 횟수만큼 반복한 후, 반대쪽 다리로 반복합니다.",https://melo2026.s3.ap-northeast-2.amazonaws.com/workout-images/gGNQmVt.webp,weight,5.0,하체,허벅지,바벨,,바벨
gH5fRsC,덤벨 시티드 얼터네이트 프론트 레이즈,https://static.exercisedb.dev/media/gH5fRsC.gif,삼각근,trapezius | 이두근,"Step:1 벤치에 앉아 등을 곧게 펴고 발을 바닥에 평평하게 댑니다. | Step:2 각 손에 덤벨을 들고 손바닥이 몸을 향하게 하며 팔을 옆구리 아래로 뻗습니다. | Step:3 팔을 곧게 편 상태로 덤벨 하나를 앞으로 들어 올려 바닥과 평행이 되도록 합니다. | Step:4 위에서 잠시 멈춘 후, 천천히 덤벨을 시작 자세로 내립니다. | Step:5 다른 팔로 반복합니다. | Step:6 원하는 횟수만큼 팔을 번갈아 가며 반복합니다.",https://melo2026.s3.ap-northeast-2.amazonaws.com/workout-images/gH5fRsC.webp,weight,5.0,어깨,,덤벨,,덤벨
Gi2BXfK,덤벨 스탠딩 얼터네이팅 트라이셉스 킥백,https://static.exercisedb.dev/media/Gi2BXfK.gif,삼두근,어깨,"Step:1 발을 어깨 너비로 벌리고 서서 각 손에 덤벨을 듭니다. | Step:2 무릎을 살짝 구부리고 엉덩이를 축으로 상체를 앞으로 숙입니다. 이때 등은 곧게 폅니다. | Step:3 팔꿈치를 몸에 가깝게 붙이고 팔을 뒤로 곧게 뻗습니다. | Step:4 위에서 잠시 멈춘 후, 천천히 덤벨을 시작 자세로 내립니다. | Step:5 다른 팔로 반복하며, 각 반복마다 번갈아 가며 반복합니다.",https://melo2026.s3.ap-northeast-2.amazonaws.com/workout-images/Gi2BXfK.webp,weight,5.0,팔,상완,덤벨,,덤벨
GibBPPg,글루트 브릿지 마칭,https://static.exercisedb.dev/media/GibBPPg.gif,둔근,햄스트링 | quadriceps,Step:1 바닥에 등을 대고 누워 무릎을 구부리고 발을 바닥에 평평하게 댑니다. | Step:2 둔근에 힘을 주고 엉덩이를 바닥에서 들어 올려 무릎부터 어깨까지 일직선이 되도록 합니다. | Step:3 엉덩이를 들어 올린 상태에서 한 발을 바닥에서 떼고 무릎을 가슴 쪽으로 당깁니다. | Step:4 발을 바닥으로 내리고 다른 쪽 다리로 동작을 반복합니다. | Step:5 브릿지 자세를 유지하면서 행진하는 동작으로 다리를 번갈아 가며 계속합니다. | Step:6 원하는 횟수만큼 반복합니다.,https://melo2026.s3.ap-northeast-2.amazonaws.com/workout-images/GibBPPg.webp,weight,3.5,하체,허벅지,맨몸,,맨몸
Gk1r408,웨이티드 클로즈 그립 친업 (딥 케이지),https://static.exercisedb.dev/media/Gk1r408.gif,광배근,이두근 | 전완근,Step:1 딥 케이지 앞에 서서 평행 바를 언더핸드 그립으로 잡습니다. 손은 어깨 너비로 벌립니다. | Step:2 팔을 완전히 펴고 매달립니다. 발은 바닥에서 떨어뜨리고 몸은 곧게 폅니다. | Step:3 등 근육에 힘을 주고 팔꿈치를 옆구리에 가깝게 붙인 상태로 몸을 바 쪽으로 당깁니다. | Step:4 턱이 바 위로 올라올 때까지 계속 당긴 후 잠시 멈춥니다. | Step:5 팔을 완전히 펴면서 천천히 몸을 시작 자세로 내립니다. | Step:6 원하는 횟수만큼 반복합니다.,https://melo2026.s3.ap-northeast-2.amazonaws.com/workout-images/Gk1r408.webp,weight,5.0,등,,기타,중량,중량
GKEH6jj,케이블 원 암 인클라인 프레스,https://static.exercisedb.dev/media/GKEH6jj.gif,대흉근,deltoids | 삼두근,"Step:1 케이블 머신을 로우 풀리 위치로 조절합니다. | Step:2 케이블 머신을 등지고 인클라인 벤치에 앉습니다. | Step:3 한 손으로 핸들을 잡고 어깨 높이까지 들어 올립니다. | Step:4 발을 땅에 단단히 고정하고 안정적인 자세를 유지합니다. | Step:5 핸들을 앞으로 위로 밀면서 팔을 완전히 뻗습니다. | Step:6 맨 위에서 잠시 멈춘 후, 천천히 핸들을 시작 위치로 내립니다. | Step:7 원하는 횟수만큼 반복한 후 반대쪽으로 전환합니다.",https://melo2026.s3.ap-northeast-2.amazonaws.com/workout-images/GKEH6jj.webp,weight,5.0,가슴,,케이블 머신,,케이블
gKozT8X,덤벨 싱글 레그 데드리프트,https://static.exercisedb.dev/media/gKozT8X.gif,둔근,햄스트링 | lower back,"Step:1 발을 골반 너비로 벌리고 서서 오른손에 덤벨을 듭니다. | Step:2 체중을 왼발로 옮기고 오른발을 땅에서 살짝 뗍니다. | Step:3 등을 곧게 펴고 엉덩이에서 앞으로 힌지하며 덤벨을 땅을 향해 내립니다. | Step:4 동시에 오른 다리를 뒤로 곧게 뻗으면서 왼 무릎을 살짝 구부립니다. | Step:5 상체와 오른 다리가 땅과 평행이 될 때까지 덤벨을 내립니다. | Step:6 잠시 멈춘 후, 엉덩이와 햄스트링을 사용하여 시작 위치로 돌아옵니다. | Step:7 원하는 횟수만큼 반복한 후 반대쪽으로 전환합니다.",https://melo2026.s3.ap-northeast-2.amazonaws.com/workout-images/gKozT8X.webp,weight,5.0,하체,허벅지,덤벨,,덤벨
Gm2Uv1z,엑서사이즈 볼 수파인 트라이셉스 익스텐션,https://static.exercisedb.dev/media/Gm2Uv1z.gif,삼두근,어깨,"Step:1 발을 땅에 대고 무릎을 90도 각도로 구부린 채 엑서사이즈 볼에 앉습니다. | Step:2 양손으로 덤벨을 잡고 팔을 천장으로 곧게 뻗습니다. | Step:3 팔꿈치를 귀에 가깝게 유지하면서 천천히 덤벨을 머리 뒤로 내립니다. | Step:4 잠시 멈춘 후, 덤벨을 다시 시작 위치로 들어 올립니다. | Step:5 원하는 횟수만큼 반복합니다.",https://melo2026.s3.ap-northeast-2.amazonaws.com/workout-images/Gm2Uv1z.webp,weight,5.0,팔,상완,덤벨,,덤벨
gMyx3Qn,하이 스타일 견갑 푸시업,,전거근,삼두근 | 어깨,"Step:1 손을 어깨 바로 아래에 두고 몸이 일직선이 되도록 하이 플랭크 자세로 시작합니다. | Step:2 팔꿈치를 몸에 가깝게 유지하면서 가슴을 땅으로 내립니다. | Step:3 내리면서 날개뼈를 함께 조이고 가슴을 앞으로 밀어냅니다. 높은 움직임에 집중합니다. | Step:4 맨 아래에서 잠시 멈춘 후, 시작 위치로 다시 밀어 올립니다. | Step:5 원하는 횟수만큼 반복합니다.",,weight,3.5,가슴,,맨몸,,맨몸
Gn5FwYT,스태빌리티 볼 크런치 (풀 레인지 핸즈 비하인드 헤드),https://static.exercisedb.dev/media/Gn5FwYT.gif,복근,고관절 굴곡근,"Step:1 발을 땅에 대고 무릎을 90도 각도로 구부린 채 스태빌리티 볼에 앉습니다. | Step:2 손을 머리 뒤에 두고 팔꿈치를 바깥쪽으로 향하게 합니다. | Step:3 복근을 사용하여 상체를 천천히 앞으로 말아 올리면서 가슴을 무릎 쪽으로 가져옵니다. | Step:4 맨 위에서 잠시 멈춘 후, 상체를 천천히 시작 위치로 내립니다. | Step:5 원하는 횟수만큼 반복합니다.",https://melo2026.s3.ap-northeast-2.amazonaws.com/workout-images/Gn5FwYT.webp,weight,3.5,코어,허리 | 복부,기타,짐볼,짐볼
Gnfo4FM,바벨 하이 바 스쿼트,https://static.exercisedb.dev/media/Gnfo4FM.gif,둔근,quadriceps | 햄스트링 | 종아리 | 코어,"Step:1 발을 어깨 너비로 벌리고 발끝을 살짝 바깥쪽으로 향하게 합니다. | Step:2 바벨을 등 위쪽, 승모근 위에 올립니다. | Step:3 코어를 활성화하고 가슴을 들어 올린 상태에서 엉덩이를 뒤로 밀고 무릎을 구부리면서 스쿼트 자세로 내려갑니다. | Step:4 허벅지가 땅과 평행이 되거나 편안하게 갈 수 있는 만큼 낮게 내려갑니다. | Step:5 발뒤꿈치를 밀어 다시 일어서면서 엉덩이와 무릎을 폅니다. | Step:6 원하는 횟수만큼 반복합니다.",https://melo2026.s3.ap-northeast-2.amazonaws.com/workout-images/Gnfo4FM.webp,weight,5.0,하체,허벅지,바벨,,바벨
GNhAeJ0,덤벨 해머 컬 (암 블래스터 포함),https://static.exercisedb.dev/media/GNhAeJ0.gif,이두근,전완근,Step:1 똑바로 서서 각 손에 덤벨을 들고 손바닥이 몸통을 향하게 합니다. | Step:2 팔꿈치를 몸통에 가깝게 유지하고 손바닥을 앞으로 향하게 돌립니다. | Step:3 이것이 시작 위치입니다. | Step:4 이제 위팔을 고정한 상태에서 숨을 내쉬면서 이두근을 수축하며 덤벨을 컬업합니다. | Step:5 덤벨이 어깨 높이에 올 때까지 덤벨을 들어 올립니다. | Step:6 수축된 자세에서 잠시 멈추면서 이두근을 쥐어짭니다. | Step:7 그런 다음 숨을 들이쉬면서 천천히 덤벨을 시작 위치로 되돌립니다. | Step:8 권장 횟수만큼 반복합니다.,https://melo2026.s3.ap-northeast-2.amazonaws.com/workout-images/GNhAeJ0.webp,weight,5.0,팔,상완,덤벨,,덤벨
goJ6ezq,케이블 레터럴 레이즈,https://static.exercisedb.dev/media/goJ6ezq.gif,삼각근,승모근 | 삼두근,"Step:1 발을 어깨 너비로 벌리고 서서 오버핸드 그립으로 케이블 핸들을 잡습니다. | Step:2 팔을 곧게 펴고 코어를 활성화합니다. | Step:3 팔이 바닥과 평행이 될 때까지 팔을 옆으로 들어 올립니다. | Step:4 맨 위에서 잠시 멈춘 후, 팔을 천천히 시작 위치로 내립니다. | Step:5 원하는 횟수만큼 반복합니다.",https://melo2026.s3.ap-northeast-2.amazonaws.com/workout-images/goJ6ezq.webp,weight,5.0,어깨,,케이블 머신,,케이블
GOJKFfO,엑서사이즈 볼 원 레그드 대각선 킥 햄스트링 컬,https://static.exercisedb.dev/media/GOJKFfO.gif,둔근,햄스트링 | 종아리,Step:1 등을 대고 누워 다리를 뻗고 발뒤꿈치를 스태빌리티 볼 위에 올립니다. | Step:2 팔을 옆에 두고 안정성을 유지합니다. | Step:3 엉덩이와 코어 근육을 활성화하여 엉덩이를 땅에서 들어 올려 어깨부터 발뒤꿈치까지 일직선을 만듭니다. | Step:4 오른쪽 무릎을 구부려 가슴 쪽으로 가져오면서 왼쪽 다리는 뻗은 상태로 발끝을 당깁니다. | Step:5 오른쪽 다리를 몸의 대각선 방향으로 차면서 완전히 뻗고 햄스트링을 활성화합니다. | Step:6 오른쪽 다리를 천천히 시작 위치로 되돌리면서 통제력과 안정성을 유지합니다. | Step:7 왼쪽 다리로 동작을 반복하고 원하는 횟수만큼 번갈아 가며 수행합니다.,https://melo2026.s3.ap-northeast-2.amazonaws.com/workout-images/GOJKFfO.webp,weight,5.0,하체,허벅지,기타,짐볼,짐볼
Gpn4ADc,스미스 비하인드 넥 프레스,https://static.exercisedb.dev/media/Gpn4ADc.gif,삼각근,삼두근 | 상부 등,"Step:1 스미스 머신의 시트 높이를 조절하여 바가 어깨 높이에 오도록 합니다. | Step:2 발을 어깨 너비로 벌리고 무릎을 살짝 구부립니다. | Step:3 어깨 너비보다 약간 넓게 오버핸드 그립으로 바를 잡습니다. | Step:4 바를 랙에서 들어 올리고 뒤로 물러서면서 안정적인 자세를 유지합니다. | Step:5 팔꿈치를 앞으로 향하게 유지하면서 바를 목 뒤쪽으로 내립니다. | Step:6 팔이 완전히 펴질 때까지 바를 머리 위로 밀어 올립니다. | Step:7 맨 위에서 잠시 멈춘 후, 바를 천천히 시작 위치로 내립니다. | Step:8 원하는 횟수만큼 반복합니다.",https://melo2026.s3.ap-northeast-2.amazonaws.com/workout-images/Gpn4ADc.webp,weight,5.0,어깨,,스미스 머신,,스미스 머신
GrO65fd,바벨 디클라인 벤치 프레스,https://static.exercisedb.dev/media/GrO65fd.gif,대흉근,삼두근 | 어깨,"Step:1 발을 고정하고 머리가 엉덩이보다 낮게 내려가도록 디클라인 벤치에 눕습니다. | Step:2 어깨 너비보다 약간 넓게 오버핸드 그립으로 바벨을 잡습니다. | Step:3 바벨을 언랙하고 팔꿈치를 몸에 가깝게 유지하면서 천천히 가슴 쪽으로 내립니다. | Step:4 맨 아래에서 잠시 멈춘 후, 바벨을 시작 위치로 다시 밀어 올립니다. | Step:5 원하는 횟수만큼 반복합니다.",https://melo2026.s3.ap-northeast-2.amazonaws.com/workout-images/GrO65fd.webp,weight,5.0,가슴,,바벨,,바벨
gscGLOU,바디웨이트 사이드 라잉 바이셉스 컬,https://static.exercisedb.dev/media/gscGLOU.gif,이두근,전완근,"Step:1 옆으로 누워 다리를 뻗고 팔로 머리를 지지합니다. | Step:2 위팔을 옆구리에 붙이고 팔꿈치를 구부려 팔뚝을 어깨 쪽으로 컬업합니다. | Step:3 맨 위에서 잠시 멈춘 후, 팔뚝을 천천히 시작 위치로 내립니다. | Step:4 원하는 횟수만큼 반복합니다.",https://melo2026.s3.ap-northeast-2.amazonaws.com/workout-images/gscGLOU.webp,weight,3.5,팔,상완,맨몸,,맨몸
GSDioYu,상체 스트레칭,https://static.exercisedb.dev/media/GSDioYu.gif,상부 등,어깨,Step:1 똑바로 서서 발을 어깨 너비로 벌립니다. | Step:2 팔을 앞으로 곧게 뻗어 바닥과 평행이 되게 합니다. | Step:3 손가락을 깍지 끼고 손바닥을 몸 바깥쪽으로 돌립니다. | Step:4 팔을 곧게 펴고 서로 평행하게 유지하면서 천천히 팔을 머리 위로 올립니다. | Step:5 팔을 올리면서 날개뼈를 함께 조입니다. | Step:6 15-30초 동안 스트레칭을 유지한 후 풀고 반복합니다.,https://melo2026.s3.ap-northeast-2.amazonaws.com/workout-images/GSDioYu.webp,weight,2.5,등,,맨몸,,맨몸
gSO0KpB,싯업 위드 암스 온 체스트 위드 미니,,복근,고관절 굴곡근,"Step:1 등을 대고 누워 무릎을 구부리고 발을 땅에 평평하게 댑니다. | Step:2 팔을 가슴 위로 교차합니다. | Step:3 복근을 사용하여 상체를 땅에서 들어 올려 무릎 쪽으로 가져옵니다. | Step:4 맨 위에서 잠시 멈춘 후, 상체를 천천히 시작 위치로 내립니다. 전체 과정에서 미니 폼을 유지합니다. | Step:5 원하는 횟수만큼 반복합니다.",,weight,3.5,코어,허리 | 복부,맨몸,,맨몸
gSw59a4,덤벨 라잉 원 암 델토이드 리어,https://static.exercisedb.dev/media/gSw59a4.gif,삼각근,trapezius | rhomboids,"Step:1 플랫 벤치에 엎드려 한 손에 덤벨을 들고 손바닥이 안쪽을 향하게 합니다. | Step:2 팔을 몸에 가깝게 유지하면서 바닥을 향해 곧게 뻗습니다. | Step:3 팔을 위로 뒤로 들어 올리면서 날개뼈를 척추 쪽으로 조입니다. | Step:4 맨 위에서 잠시 멈춘 후, 팔을 천천히 시작 위치로 내립니다. | Step:5 원하는 횟수만큼 반복한 후 반대쪽 팔로 전환합니다.",https://melo2026.s3.ap-northeast-2.amazonaws.com/workout-images/gSw59a4.webp,weight,5.0,어깨,,덤벨,,덤벨
gTGciXz,얼터네이팅 베어 크롤,,심폐 지구력,코어 | 어깨 | 삼두근,"Step:1 손은 어깨 바로 아래, 무릎은 엉덩이 바로 아래에 두고 네 발로 섭니다. | Step:2 무릎을 바닥에서 살짝 들어 올리고, 등을 평평하게 유지하며 코어를 단단하게 합니다. | Step:3 오른쪽 손과 왼쪽 발을 동시에 앞으로 움직이고, 이어서 왼쪽 손과 오른쪽 발을 움직입니다. | Step:4 손과 발의 움직임을 번갈아 가며 앞으로 계속 기어갑니다. | Step:5 꾸준한 속도를 유지하고 운동 내내 코어를 단단하게 유지합니다. | Step:6 (번갈아 하는 변형) 원하는 거리나 시간만큼 반복합니다.",,cardio,3.5,유산소,,맨몸,,맨몸
gtO1ErP,웨이티드 쓰리 벤치 딥스,https://static.exercisedb.dev/media/gtO1ErP.gif,삼두근,가슴 | 어깨,"Step:1 벤치 가장자리에 앉아 손가락이 앞을 향하도록 벤치 가장자리를 잡습니다. | Step:2 발을 앞으로 옮겨 엉덩이를 벤치에서 떼고 팔로 체중을 지탱합니다. | Step:3 팔꿈치를 구부려 몸을 아래로 내리고, 등을 벤치에 가깝게 유지합니다. | Step:4 바닥에서 잠시 멈춘 후, 시작 자세로 다시 밀어 올립니다. | Step:5 원하는 횟수만큼 반복합니다.",https://melo2026.s3.ap-northeast-2.amazonaws.com/workout-images/gtO1ErP.webp,weight,5.0,팔,상완,기타,중량,중량
Gu2ENkm,딥 스미스 머신 리버스 디클라인 클로즈 그립 벤치 프레스,,대흉근,삼두근 | 어깨,"Step:1 스미스 머신을 디클라인(내리막) 자세로 조절합니다. | Step:2 발 패드 아래에 발을 고정하고 벤치에 눕습니다. | Step:3 어깨 너비보다 약간 좁게 바벨을 잡습니다. | Step:4 바벨을 언랙하고 팔꿈치를 몸에 가깝게 붙인 채 천천히 가슴 쪽으로 내립니다. 깊은 움직임에 집중합니다. | Step:5 바닥에서 잠시 멈춘 후, 시작 자세로 바벨을 다시 밀어 올립니다. | Step:6 원하는 횟수만큼 반복합니다.",,weight,5.0,가슴,,스미스 머신,,스미스 머신
Gu2rNJd,스미스 체어 스쿼트,https://static.exercisedb.dev/media/Gu2rNJd.gif,대퇴사두근,둔근 | 햄스트링 | 종아리,"Step:1 스미스 머신 바의 높이를 편안한 위치로 조절합니다. | Step:2 발을 어깨 너비로 벌리고 발끝을 약간 바깥쪽으로 향하게 섭니다. | Step:3 바벨을 등 위쪽, 승모근 위에 올립니다. | Step:4 코어를 활성화하고 가슴을 들어 올린 채 무릎과 엉덩이를 구부려 천천히 몸을 내립니다. | Step:5 허벅지가 바닥과 평행이 될 때까지, 또는 편안하게 내려갈 수 있는 만큼 계속 내립니다. | Step:6 잠시 멈춘 후, 발뒤꿈치로 밀어 시작 자세로 돌아옵니다. | Step:7 원하는 횟수만큼 반복합니다.",https://melo2026.s3.ap-northeast-2.amazonaws.com/workout-images/Gu2rNJd.webp,weight,5.0,하체,허벅지,스미스 머신,,스미스 머신
gUjqdei,커트시 스쿼트,https://static.exercisedb.dev/media/gUjqdei.gif,둔근,quadriceps | 햄스트링 | 종아리,Step:1 발을 어깨 너비로 벌리고 섭니다. | Step:2 오른쪽 발을 몸 뒤쪽 대각선으로 교차하며 왼쪽 다리 뒤로 뻗습니다. | Step:3 마치 커트시(인사)를 하듯이 양쪽 무릎을 구부려 몸을 바닥 쪽으로 내립니다. | Step:4 상체를 똑바로 세우고 체중을 앞쪽 발에 둡니다. | Step:5 앞쪽 발로 밀어 시작 자세로 돌아옵니다. | Step:6 왼쪽 발을 몸 뒤쪽 대각선으로 교차하며 뻗어 반대쪽에서도 반복합니다.,https://melo2026.s3.ap-northeast-2.amazonaws.com/workout-images/gUjqdei.webp,weight,3.5,하체,허벅지,맨몸,,맨몸
GUT8I22,레버 데드리프트,https://static.exercisedb.dev/media/GUT8I22.gif,둔근,햄스트링 | quadriceps,Step:1 시트 높이와 발판을 원하는 위치로 조절합니다. | Step:2 패드에 등을 대고 앉아 발을 발판에 평평하게 댑니다. | Step:3 안정성을 위해 손잡이나 시트 옆면을 잡습니다. | Step:4 엉덩이와 햄스트링을 활성화하고 발뒤꿈치로 밀어 무게를 들어 올립니다. | Step:5 등을 곧게 펴고 어깨가 둥글게 말리지 않도록 합니다. | Step:6 움직임의 맨 위에서 엉덩이를 완전히 펴면서 엉덩이를 꽉 조입니다. | Step:7 엉덩이와 햄스트링에 긴장을 유지하며 통제된 방식으로 무게를 다시 내립니다. | Step:8 원하는 횟수만큼 반복합니다.,https://melo2026.s3.ap-northeast-2.amazonaws.com/workout-images/GUT8I22.webp,weight,5.0,하체,허벅지,머신,레버리지 머신,레버리지 머신
guT8YnS,바이셉스 풀업,https://static.exercisedb.dev/media/guT8YnS.gif,이두근,전완근 | 어깨,"Step:1 손바닥이 몸 바깥쪽을 향하도록 하고 손을 어깨 너비로 벌려 풀업 바에 매달립니다. | Step:2 코어를 활성화하고 팔꿈치를 구부려 가슴을 바 쪽으로 당기며 몸을 끌어 올립니다. | Step:3 움직임의 맨 위에서 잠시 멈춘 후, 천천히 시작 자세로 내려갑니다. | Step:4 원하는 횟수만큼 반복합니다.",https://melo2026.s3.ap-northeast-2.amazonaws.com/workout-images/guT8YnS.webp,weight,3.5,팔,상완,맨몸,,맨몸
gVlnLIJ,케이블 리버스 원 암 컬,https://static.exercisedb.dev/media/gVlnLIJ.gif,이두근,전완근,"Step:1 케이블 머신을 향해 서서 발을 어깨 너비로 벌립니다. | Step:2 손바닥이 아래를 향하도록 케이블 손잡이를 언더핸드 그립으로 잡습니다. | Step:3 팔꿈치를 옆구리에 가깝게 붙이고 팔뚝을 어깨 쪽으로 천천히 컬링합니다. | Step:4 맨 위에서 잠시 멈춘 후, 팔뚝을 천천히 시작 자세로 내립니다. | Step:5 원하는 횟수만큼 반복합니다.",https://melo2026.s3.ap-northeast-2.amazonaws.com/workout-images/gVlnLIJ.webp,weight,5.0,팔,상완,케이블 머신,,케이블
gvsWLQw,덤벨 컨센트레이션 컬,https://static.exercisedb.dev/media/gvsWLQw.gif,이두근,전완근,Step:1 다리를 벌리고 벤치에 앉아 한 손에 덤벨을 들고 팔꿈치를 허벅지 안쪽에 댑니다. | Step:2 팔을 완전히 펴고 언더핸드 그립으로 덤벨을 잡습니다. | Step:3 윗팔을 고정한 채 숨을 내쉬며 이두근을 수축하면서 덤벨을 어깨 쪽으로 컬링합니다. | Step:4 이두근이 완전히 수축되고 덤벨이 어깨 높이에 올 때까지 계속 들어 올립니다. | Step:5 이두근을 꽉 조이면서 수축된 자세를 잠시 유지합니다. | Step:6 숨을 들이쉬며 천천히 덤벨을 시작 자세로 내립니다. | Step:7 원하는 횟수만큼 반복한 후 팔을 바꿉니다.,https://melo2026.s3.ap-northeast-2.amazonaws.com/workout-images/gvsWLQw.webp,weight,5.0,팔,상완,덤벨,,덤벨
Gw2HFvW,덤벨 인클라인 원 암 플라이,https://static.exercisedb.dev/media/Gw2HFvW.gif,대흉근,deltoids | 삼두근,"Step:1 인클라인 벤치를 30-45도 각도로 조절합니다. | Step:2 벤치에 앉아 한 손에 덤벨을 들고 허벅지에 댑니다. | Step:3 발을 바닥에 평평하게 대고 벤치에 눕습니다. | Step:4 팔을 가슴 위로 곧게 뻗어 덤벨을 잡습니다. | Step:5 팔꿈치를 살짝 구부린 채 넓은 호를 그리며 덤벨을 옆으로 내립니다. | Step:6 팔이 바닥과 평행이 될 때 잠시 멈춘 후, 동작을 반대로 하여 덤벨을 시작 자세로 가져옵니다. | Step:7 원하는 횟수만큼 반복한 후 팔을 바꿉니다.",https://melo2026.s3.ap-northeast-2.amazonaws.com/workout-images/Gw2HFvW.webp,weight,5.0,가슴,,덤벨,,덤벨
gw9PqGk,풀 플란체 푸시업,https://static.exercisedb.dev/media/gw9PqGk.gif,대흉근,어깨 | 삼두근 | 코어,Step:1 손을 어깨 너비보다 약간 넓게 벌리고 푸시업 자세를 취합니다. | Step:2 코어를 활성화하고 팔꿈치를 몸에 가깝게 붙인 채 몸을 바닥 쪽으로 내립니다. | Step:3 몸을 내리면서 몸을 앞으로 기울이고 발을 바닥에서 들어 올려 손으로 균형을 잡습니다. | Step:4 가슴이 바닥 바로 위까지 올 때까지 몸을 계속 내립니다. | Step:5 손으로 밀어 팔을 펴서 몸을 시작 자세로 들어 올립니다. | Step:6 움직임 내내 머리부터 발뒤꿈치까지 일직선을 유지합니다. | Step:7 원하는 횟수만큼 반복합니다.,https://melo2026.s3.ap-northeast-2.amazonaws.com/workout-images/gw9PqGk.webp,weight,3.5,가슴,,맨몸,,맨몸
gWcZD4q,호리젠탈 덤벨 스탠딩 얼터네이트 오버헤드 프레스,,삼각근,삼두근 | 코어,Step:1 발을 어깨 너비로 벌리고 서서 양손에 덤벨을 어깨 높이로 잡고 손바닥이 앞을 향하도록 합니다. | Step:2 (호리젠탈 변형) 한쪽 덤벨을 머리 위로 밀어 팔을 완전히 폅니다. | Step:3 덤벨을 어깨 높이로 다시 내립니다. | Step:4 반대쪽 팔로 반복합니다. | Step:5 원하는 횟수만큼 팔을 번갈아 가며 계속 반복합니다.,,weight,5.0,어깨,,덤벨,,덤벨
GWoKnIm,웨이티드 코삭 스쿼트 (남성),https://static.exercisedb.dev/media/GWoKnIm.gif,둔근,quadriceps | 햄스트링 | 종아리,"Step:1 발을 어깨 너비보다 넓게 벌리고 발끝을 약간 바깥쪽으로 향하게 섭니다. | Step:2 양손으로 가슴 앞에 무게를 듭니다. | Step:3 체중을 한쪽으로 옮기고, 다른 쪽 다리는 곧게 편 채로 체중을 옮긴 쪽의 무릎을 구부려 몸을 내립니다. | Step:4 균형을 유지하고 가슴을 들어 올린 채로 최대한 낮게 내려갑니다. | Step:5 구부린 다리의 발뒤꿈치로 밀어 시작 자세로 돌아옵니다. | Step:6 다리를 번갈아 가며 반대쪽에서도 반복합니다.",https://melo2026.s3.ap-northeast-2.amazonaws.com/workout-images/GWoKnIm.webp,weight,5.0,하체,허벅지,기타,중량,중량
GwYwElT,셀프 어시스티드 인버트 레그 컬,https://static.exercisedb.dev/media/GwYwElT.gif,햄스트링,둔근 | 종아리,"Step:1 매트나 벤치에 등을 대고 누워 다리를 뻗습니다. | Step:2 손을 옆구리나 엉덩이 아래에 대고 지지합니다. | Step:3 무릎을 구부리고 발을 바닥에서 들어 올려 허벅지를 가슴 쪽으로 가져옵니다. | Step:4 맨 위에서 잠시 멈춘 후, 천천히 다리를 시작 자세로 내립니다. | Step:5 원하는 횟수만큼 반복합니다.",https://melo2026.s3.ap-northeast-2.amazonaws.com/workout-images/GwYwElT.webp,weight,3.5,하체,허벅지,맨몸,,맨몸
gx7s7uF,바벨 인클라인 클로즈 그립 벤치 프레스,https://static.exercisedb.dev/media/gx7s7uF.gif,삼두근,가슴 | 어깨,Step:1 인클라인 벤치를 45도 각도로 설정합니다. | Step:2 발을 바닥에 평평하게 대고 벤치에 눕습니다. | Step:3 어깨 너비보다 약간 좁게 바벨을 클로즈 그립으로 잡습니다. | Step:4 바벨을 언랙하고 팔꿈치를 몸에 가깝게 붙인 채 천천히 가슴 쪽으로 내립니다. | Step:5 바벨이 가슴에 닿을 때 잠시 멈춥니다. | Step:6 팔을 완전히 펴서 바벨을 시작 자세로 다시 밀어 올립니다. | Step:7 원하는 횟수만큼 반복합니다.,https://melo2026.s3.ap-northeast-2.amazonaws.com/workout-images/gx7s7uF.webp,weight,5.0,팔,상완,바벨,,바벨
GxDwDX0,어시스티드 라잉 카프 스트레치,https://static.exercisedb.dev/media/GxDwDX0.gif,종아리,햄스트링,Step:1 등을 대고 누워 다리를 쭉 펴세요. | Step:2 한쪽 무릎을 구부려 발바닥을 바닥에 대세요. | Step:3 손이나 수건을 사용하여 발가락을 몸쪽으로 부드럽게 당겨 종아리에서 스트레칭을 느끼세요. | Step:4 20-30초 동안 스트레칭을 유지하세요. | Step:5 스트레칭을 풀고 반대쪽 다리도 반복하세요.,https://melo2026.s3.ap-northeast-2.amazonaws.com/workout-images/GxDwDX0.webp,weight,2.5,하체,종아리,기타,보조 기구,보조 기구
Gxg9lDc,바벨 롤러아웃 프롬 벤치,https://static.exercisedb.dev/media/Gxg9lDc.gif,복근,어깨 | 삼두근,"Step:1 바닥에 무릎을 꿇고 앞에 있는 벤치 위에 바벨을 놓으세요. | Step:2 어깨너비보다 약간 넓게 오버핸드 그립으로 바벨을 잡으세요. | Step:3 코어에 힘을 주고 등을 곧게 편 상태에서 팔을 앞으로 뻗으며 바벨을 천천히 앞으로 굴리세요. | Step:4 몸이 완전히 펴지고 팔이 머리 위로 올라갈 때까지 바벨을 앞으로 계속 굴리세요. | Step:5 완전히 펴진 자세에서 잠시 멈춘 후, 바벨을 천천히 몸쪽으로 다시 굴려 시작 자세로 돌아오세요. | Step:6 원하는 횟수만큼 반복하세요.",https://melo2026.s3.ap-northeast-2.amazonaws.com/workout-images/Gxg9lDc.webp,weight,5.0,코어,허리 | 복부,바벨,,바벨
GXoaSgn,바벨 기요틴 벤치 프레스,https://static.exercisedb.dev/media/GXoaSgn.gif,대흉근,어깨 | 삼두근,Step:1 발을 바닥에 대고 등을 벤치에 붙이고 평평하게 누우세요. | Step:2 어깨너비보다 약간 넓게 오버핸드 그립으로 바벨을 잡으세요. | Step:3 팔꿈치를 바깥쪽으로 향하게 유지하면서 바벨을 천천히 목 쪽으로 내리세요. | Step:4 바벨이 목 바로 위에 있을 때 잠시 멈추세요. | Step:5 팔을 완전히 펴서 바벨을 시작 자세로 다시 밀어 올리세요. | Step:6 원하는 횟수만큼 반복하세요.,https://melo2026.s3.ap-northeast-2.amazonaws.com/workout-images/GXoaSgn.webp,weight,5.0,가슴,,바벨,,바벨
h1ezqSu,니일링 플랭크 탭 숄더 (남성),https://static.exercisedb.dev/media/h1ezqSu.gif,복근,어깨 | 삼두근,Step:1 무릎을 꿇고 손을 바닥에 어깨너비로 짚으세요. | Step:2 다리를 뒤로 뻗어 발끝으로 지지하고 몸을 플랭크 자세로 들어 올리세요. | Step:3 코어에 힘을 주고 엉덩이를 안정시킨 상태에서 한 손을 바닥에서 떼어 반대쪽 어깨를 탭하세요. | Step:4 손을 바닥으로 내리고 반대쪽 손으로 반복하세요. | Step:5 원하는 횟수만큼 번갈아 가며 반복하세요.,https://melo2026.s3.ap-northeast-2.amazonaws.com/workout-images/h1ezqSu.webp,weight,3.5,코어,허리 | 복부,맨몸,,맨몸
H1PESYI,스테이셔너리 바이크 런,https://static.exercisedb.dev/media/H1PESYI.gif,심폐 지구력,quadriceps | 햄스트링 | 종아리,Step:1 올바른 정렬을 위해 안장 높이와 위치를 조절하세요. | Step:2 페달에 발을 올리고 스트랩이 있다면 고정하세요. | Step:3 편안한 속도로 페달을 밟기 시작하세요. | Step:4 일정한 리듬을 유지하고 원하는 만큼 저항을 높이세요. | Step:5 코어 근육을 사용하여 안정성과 올바른 자세를 유지하세요. | Step:6 원하는 운동 시간 동안 페달을 밟으세요. | Step:7 완전히 멈추기 전에 점진적으로 저항을 줄이고 속도를 늦추세요. | Step:8 운동 후 다리를 스트레칭하고 쿨다운하세요.,https://melo2026.s3.ap-northeast-2.amazonaws.com/workout-images/H1PESYI.webp,cardio,2.5,유산소,,기타,고정식 자전거,stationary bike
H1XAdpk,덤벨 바이셉스 컬 V 싯 온 보수 볼,https://static.exercisedb.dev/media/H1XAdpk.gif,이두근,전완근 | 어깨,Step:1 발을 바닥에 대고 무릎을 90도 각도로 구부린 채 보수 볼 위에 앉으세요. | Step:2 각 손에 덤벨을 잡고 손바닥이 앞을 향하게 하며 팔을 옆구리에 완전히 뻗으세요. | Step:3 윗팔을 고정한 상태에서 숨을 내쉬며 이두근을 수축하면서 무게를 컬링하세요. | Step:4 이두근이 완전히 수축되고 덤벨이 어깨 높이에 올 때까지 덤벨을 들어 올리세요. | Step:5 이두근을 쥐어짜면서 수축된 자세를 잠시 유지하세요. | Step:6 숨을 들이쉬면서 덤벨을 천천히 시작 자세로 되돌리세요. | Step:7 원하는 횟수만큼 반복하세요.,https://melo2026.s3.ap-northeast-2.amazonaws.com/workout-images/H1XAdpk.webp,weight,5.0,팔,상완,덤벨,,덤벨
H6ETwO9,밴드 V-업,https://static.exercisedb.dev/media/H6ETwO9.gif,복근,고관절 굴곡근,"Step:1 등을 대고 누워 다리를 곧게 펴고 팔을 머리 위로 뻗어 밴드를 잡으세요. | Step:2 복근에 힘을 주고 다리와 상체를 동시에 들어 올려 손을 발가락 쪽으로 뻗으세요. | Step:3 위쪽에서 잠시 멈춘 후, 다리와 상체를 천천히 시작 자세로 되돌리세요. | Step:4 원하는 횟수만큼 반복하세요.",https://melo2026.s3.ap-northeast-2.amazonaws.com/workout-images/H6ETwO9.webp,weight,3.5,코어,허리 | 복부,밴드,,밴드
H6ybluc,덤벨 싱글 레그 스쿼트,https://static.exercisedb.dev/media/H6ybluc.gif,둔근,quadriceps | 햄스트링 | 종아리,"Step:1 발을 어깨너비로 벌리고 서서 각 손에 덤벨을 잡으세요. | Step:2 한쪽 다리를 앞으로 뻗어 운동 내내 바닥에서 떨어뜨리세요. | Step:3 서 있는 다리를 구부리고 의자에 앉는 것처럼 몸을 낮추세요. | Step:4 가슴을 펴고 등을 곧게 유지하세요. | Step:5 바닥에서 잠시 멈춘 후, 뒤꿈치를 밀어 시작 자세로 돌아오세요. | Step:6 원하는 횟수만큼 반복한 후 다리를 바꾸세요.",https://melo2026.s3.ap-northeast-2.amazonaws.com/workout-images/H6ybluc.webp,weight,5.0,하체,허벅지,덤벨,,덤벨
h8LFzo9,바벨 라잉 트라이셉스 익스텐션 스컬 크러셔,https://static.exercisedb.dev/media/h8LFzo9.gif,삼두근,어깨,"Step:1 발을 바닥에 대고 머리가 벤치 끝에 오도록 평평하게 누우세요. | Step:2 어깨너비로 오버핸드 그립으로 바벨을 잡고 팔을 가슴 위로 곧게 뻗으세요. | Step:3 윗팔을 고정한 상태에서 팔꿈치를 구부려 바벨을 이마 쪽으로 천천히 내리세요. | Step:4 바벨이 이마 바로 위에 있을 때 잠시 멈춘 후, 팔을 다시 시작 자세로 펴세요. | Step:5 원하는 횟수만큼 반복하세요.",https://melo2026.s3.ap-northeast-2.amazonaws.com/workout-images/h8LFzo9.webp,weight,5.0,팔,상완,바벨,,바벨
H9y3Dkr,케이블 투 암 컬 온 인클라인 벤치,https://static.exercisedb.dev/media/H9y3Dkr.gif,이두근,전완근,Step:1 인클라인 벤치에 앉아 등을 패드에 대고 발을 바닥에 평평하게 대세요. | Step:2 언더핸드 그립으로 케이블 핸들을 잡고 손바닥이 위를 향하게 하며 팔을 완전히 뻗으세요. | Step:3 윗팔을 고정한 상태에서 숨을 내쉬며 이두근을 수축하면서 핸들을 어깨 쪽으로 컬링하세요. | Step:4 움직임의 맨 위에서 잠시 멈추고 이두근을 쥐어짜세요. | Step:5 숨을 들이쉬면서 핸들을 천천히 시작 자세로 되돌리며 팔을 완전히 펴세요. | Step:6 원하는 횟수만큼 반복하세요.,https://melo2026.s3.ap-northeast-2.amazonaws.com/workout-images/H9y3Dkr.webp,weight,5.0,팔,상완,케이블 머신,,케이블
Ha7SZ3y,케틀벨 터키쉬 겟 업 (스쿼트 스타일),https://static.exercisedb.dev/media/Ha7SZ3y.gif,둔근,quadriceps | 햄스트링 | 코어,Step:1 등을 대고 누워 다리를 펴고 오른손으로 케틀벨을 잡고 팔을 어깨 위로 완전히 뻗으세요. | Step:2 오른쪽 무릎을 구부려 오른쪽 발바닥을 바닥에 대고 왼쪽 다리는 편 상태를 유지하세요. | Step:3 오른쪽 발을 밀어 엉덩이를 바닥에서 들어 올려 브릿지 자세를 취하세요. | Step:4 왼쪽 다리를 몸 아래로 미끄러뜨려 왼쪽 무릎을 구부리고 왼쪽 발바닥을 바닥에 대세요. | Step:5 몸통을 왼쪽으로 회전시켜 왼쪽 손으로 바닥을 짚어 지지하세요. | Step:6 오른쪽 발과 왼쪽 손을 밀어 몸통을 바닥에서 들어 올려 무릎을 꿇은 자세를 취하세요. | Step:7 무릎을 꿇은 자세에서 케틀벨을 머리 위로 뻗은 상태를 유지하며 일어서세요. | Step:8 움직임을 반대로 하여 시작 자세로 돌아오세요. | Step:9 왼손으로 케틀벨을 잡고 시작하여 반대쪽도 운동을 반복하세요.,https://melo2026.s3.ap-northeast-2.amazonaws.com/workout-images/Ha7SZ3y.webp,weight,5.0,하체,허벅지,케틀벨,,케틀벨
hacCyUv,이지 바벨 클로즈 그립 프리처 컬,https://static.exercisedb.dev/media/hacCyUv.gif,이두근,전완근,Step:1 프리처 컬 벤치에 앉아 윗팔을 패드에 올리고 언더핸드 그립으로 이지 바벨을 잡으세요. | Step:2 삼두근을 패드에 대고 팔을 완전히 펴고 등을 곧게 유지하세요. | Step:3 이두근을 수축하면서 바벨을 어깨 쪽으로 천천히 컬링하세요. | Step:4 위쪽에서 잠시 멈추고 이두근을 쥐어짜세요. | Step:5 팔을 완전히 펴서 바벨을 시작 자세로 되돌리세요. | Step:6 원하는 횟수만큼 반복하세요.,https://melo2026.s3.ap-northeast-2.amazonaws.com/workout-images/hacCyUv.webp,weight,5.0,팔,상완,바벨,,EZ 바벨
hBGWILP,케이블 힙 어덕션,https://static.exercisedb.dev/media/hBGWILP.gif,내전근,둔근 | quadriceps,"Step:1 발목 커프를 발목에 부착하고 케이블 머신을 향해 서세요. | Step:2 케이블에 장력이 걸리도록 머신에서 충분히 떨어져 위치하세요. | Step:3 지지를 위해 손을 머신에 대세요. | Step:4 다리를 곧게 유지하면서 다리를 몸의 중심선 쪽으로 천천히 교차시키세요. | Step:5 움직임의 끝에서 잠시 멈춘 후, 천천히 시작 자세로 돌아오세요. | Step:6 원하는 횟수만큼 반복하세요.",https://melo2026.s3.ap-northeast-2.amazonaws.com/workout-images/hBGWILP.webp,weight,5.0,하체,허벅지,케이블 머신,,케이블
HbSG1Pw,아이소메트릭 체스트 스퀴즈,https://static.exercisedb.dev/media/HbSG1Pw.gif,대흉근,삼두근 | 어깨,Step:1 발을 어깨너비로 벌리고 무릎을 살짝 구부리고 서세요. | Step:2 팔을 바닥과 평행하게 앞으로 뻗고 손바닥이 서로 마주보게 하세요. | Step:3 팔을 곧게 유지하면서 가슴 근육을 최대한 강하게 조이세요. | Step:4 몇 초 동안 이 자세를 유지하며 가슴 근육 수축에 집중하세요. | Step:5 조임을 풀고 가슴 근육을 이완시키세요. | Step:6 원하는 횟수만큼 반복하세요.,https://melo2026.s3.ap-northeast-2.amazonaws.com/workout-images/HbSG1Pw.webp,weight,3.5,가슴,,맨몸,,맨몸
hbY9wqG,프론트 레버 렙,https://static.exercisedb.dev/media/hbY9wqG.gif,상부 등,코어 | 어깨,Step:1 풀업 바에 오버핸드 그립으로 매달리고 손바닥이 자신에게서 멀어지게 하세요. | Step:2 코어에 힘을 주고 어깨뼈를 아래로 당겨 뒤로 보내세요. | Step:3 몸을 곧게 유지하면서 다리를 바닥과 평행이 될 때까지 들어 올리세요. | Step:4 10-20초를 목표로 이 자세를 가능한 한 오래 유지하세요. | Step:5 다리를 천천히 시작 자세로 되돌리세요. | Step:6 원하는 횟수만큼 반복하세요.,https://melo2026.s3.ap-northeast-2.amazonaws.com/workout-images/hbY9wqG.webp,weight,3.5,등,,맨몸,,맨몸
HBYyX94,바벨 스플릿 스쿼트 v. 2,https://static.exercisedb.dev/media/HBYyX94.gif,대퇴사두근,둔근 | 햄스트링 | 종아리,"Step:1 발을 어깨 너비로 벌리고 서서 바벨을 등 위쪽에 올립니다. | Step:2 몸통을 똑바로 유지하면서 오른쪽 발을 앞으로 크게 내딛습니다. | Step:3 오른쪽 허벅지가 바닥과 평행이 될 때까지 무릎과 엉덩이를 구부려 몸을 낮춥니다. | Step:4 잠시 멈춘 후, 오른쪽 발뒤꿈치로 밀어 시작 자세로 돌아옵니다. | Step:5 원하는 횟수만큼 왼쪽 다리를 앞으로 하여 반복합니다.",https://melo2026.s3.ap-northeast-2.amazonaws.com/workout-images/HBYyX94.webp,weight,5.0,하체,허벅지,바벨,,바벨
hC6oYY5,어시스티드 사이드 라잉 어덕터 스트레치,https://static.exercisedb.dev/media/hC6oYY5.gif,내전근,햄스트링 | 둔근,Step:1 다리를 곧게 펴고 서로 쌓아 옆으로 눕습니다. | Step:2 안정성을 위해 아래쪽 다리를 약간 구부립니다. | Step:3 벤치나 계단과 같이 안정적인 표면에 위쪽 발을 댑니다. | Step:4 위쪽 다리를 곧게 편 상태를 유지하면서 허벅지 안쪽에 스트레칭이 느껴질 때까지 천천히 바닥 쪽으로 내립니다. | Step:5 20-30초 동안 스트레칭을 유지합니다. | Step:6 시작 자세로 돌아와 반대쪽도 반복합니다.,https://melo2026.s3.ap-northeast-2.amazonaws.com/workout-images/hC6oYY5.webp,weight,2.5,하체,허벅지,기타,보조 기구,보조 기구
hCjGsRQ,파워 포인트 플랭크,https://static.exercisedb.dev/media/hCjGsRQ.gif,복근,어깨 | 삼두근 | 둔근,Step:1 손이 어깨 바로 아래에 있고 머리부터 발끝까지 몸이 일직선이 되도록 하이 플랭크 자세를 취합니다. | Step:2 코어를 수축하고 엉덩이를 조여 안정적인 자세를 유지합니다. | Step:3 머리부터 발끝까지 일직선을 유지하면서 팔뚝을 바닥에 대고 한 번에 한 팔씩 몸을 낮춥니다. | Step:4 코어와 엉덩이를 수축한 상태를 유지하면서 원하는 시간 동안 이 자세를 유지합니다. | Step:5 시작 자세로 돌아가려면 팔뚝으로 밀어 몸을 다시 하이 플랭크 자세로 들어 올립니다. | Step:6 원하는 횟수만큼 반복합니다.,https://melo2026.s3.ap-northeast-2.amazonaws.com/workout-images/hCjGsRQ.webp,weight,3.5,코어,허리 | 복부,맨몸,,맨몸
HDYiZcY,덤벨 크로스 바디 해머 컬 v. 2,https://static.exercisedb.dev/media/HDYiZcY.gif,이두근,전완근,"Step:1 덤벨을 각각 한 손에 들고 손바닥이 몸을 향하도록 똑바로 섭니다. | Step:2 팔꿈치를 몸통에 가깝게 유지하고 위팔을 고정합니다. | Step:3 숨을 내쉬면서 이두근을 수축하며 무게를 컬링하고, 덤벨을 반대쪽 어깨에 최대한 가깝게 가져옵니다. | Step:4 이두근을 쥐어짜면서 수축된 자세를 잠시 유지합니다. | Step:5 숨을 들이쉬면서 천천히 덤벨을 시작 자세로 되돌립니다. | Step:6 원하는 횟수만큼 반복합니다.",https://melo2026.s3.ap-northeast-2.amazonaws.com/workout-images/HDYiZcY.webp,weight,5.0,팔,상완,덤벨,,덤벨
HEJ6DIX,케이블 킥백,https://static.exercisedb.dev/media/HEJ6DIX.gif,삼두근,어깨,Step:1 발을 어깨 너비로 벌리고 케이블 머신을 향해 섭니다. | Step:2 오른손으로 케이블 핸들을 잡고 뒤로 물러나 케이블에 장력을 만듭니다. | Step:3 무릎을 약간 구부리고 등을 곧게 편 상태에서 엉덩이를 앞으로 숙입니다. | Step:4 위팔을 몸에 가깝게 유지하고 팔꿈치를 90도 각도로 구부립니다. | Step:5 팔뚝을 뒤로 뻗어 팔을 완전히 펴줍니다. | Step:6 잠시 멈춘 후 천천히 시작 자세로 돌아옵니다. | Step:7 원하는 횟수만큼 반복한 후 반대쪽으로 바꿔 반복합니다.,https://melo2026.s3.ap-northeast-2.amazonaws.com/workout-images/HEJ6DIX.webp,weight,5.0,팔,상완,케이블 머신,,케이블
hfmQ0Tz,스미스 스탠딩 백 리스트 컬,https://static.exercisedb.dev/media/hfmQ0Tz.gif,전완근,이두근 | 삼두근,"Step:1 발을 어깨 너비로 벌리고 스미스 머신을 향해 섭니다. | Step:2 손을 어깨 너비로 벌리고 오버핸드 그립으로 바벨을 잡습니다. | Step:3 등을 곧게 펴고 팔꿈치를 몸에 가깝게 유지합니다. | Step:4 손목을 위로 천천히 컬링하면서 바벨을 몸 쪽으로 가져옵니다. | Step:5 맨 위에서 잠시 멈춘 후, 천천히 바벨을 시작 자세로 되돌립니다. | Step:6 원하는 횟수만큼 반복합니다.",https://melo2026.s3.ap-northeast-2.amazonaws.com/workout-images/hfmQ0Tz.webp,weight,5.0,팔,전완,스미스 머신,,스미스 머신
HfqciZF,스트래들 몰티즈,https://static.exercisedb.dev/media/HfqciZF.gif,복근,어깨 | 가슴,"Step:1 팔을 완전히 뻗고 몸을 일직선으로 만든 상태에서 고리를 매달린 상태로 시작합니다. | Step:2 다리를 넓게 벌려 스트래들 자세를 만듭니다. | Step:3 코어를 수축하고 팔이 바닥과 평행이 될 때까지 몸을 천천히 낮춥니다. | Step:4 몇 초 동안 이 자세를 유지한 후, 몸을 다시 밀어 시작 자세로 돌아옵니다. | Step:5 원하는 횟수만큼 반복합니다.",https://melo2026.s3.ap-northeast-2.amazonaws.com/workout-images/HfqciZF.webp,weight,3.5,코어,허리 | 복부,맨몸,,맨몸
Hgs6Nl1,시티드 레그 레이즈,https://static.exercisedb.dev/media/Hgs6Nl1.gif,복근,고관절 굴곡근,"Step:1 등을 곧게 펴고 발을 바닥에 댄 상태로 평평한 벤치에 앉습니다. | Step:2 지지를 위해 손을 벤치 옆에 둡니다. | Step:3 다리를 곧게 편 상태를 유지하면서 바닥과 평행이 될 때까지 앞쪽으로 천천히 들어 올립니다. | Step:4 맨 위에서 잠시 멈춘 후, 다리를 천천히 시작 자세로 되돌립니다. | Step:5 원하는 횟수만큼 반복합니다.",https://melo2026.s3.ap-northeast-2.amazonaws.com/workout-images/Hgs6Nl1.webp,weight,3.5,코어,허리 | 복부,맨몸,,맨몸
hHy8tQG,케이블 원 암 플라이 온 엑서사이즈 볼,https://static.exercisedb.dev/media/hHy8tQG.gif,대흉근,deltoids | 삼두근,"Step:1 발을 바닥에 대고 등을 곧게 편 상태로 엑서사이즈 볼에 앉습니다. | Step:2 한 손으로 케이블 핸들을 잡고 팔을 바닥과 평행하게 옆으로 뻗습니다. | Step:3 팔꿈치를 약간 구부리고 손바닥이 앞을 향하도록 합니다. | Step:4 가슴 근육을 수축하면서 팔을 몸을 가로질러 천천히 가져옵니다. | Step:5 동작 끝에서 잠시 멈춘 후, 천천히 시작 자세로 돌아옵니다. | Step:6 원하는 횟수만큼 반복한 후 반대쪽으로 바꿔 반복합니다.",https://melo2026.s3.ap-northeast-2.amazonaws.com/workout-images/hHy8tQG.webp,weight,5.0,가슴,,케이블 머신,,케이블
HIgYKAB,시티드 와이드 앵글 포즈 시퀀스,https://static.exercisedb.dev/media/HIgYKAB.gif,햄스트링,quadriceps | 종아리,Step:1 다리를 넓게 벌린 상태로 바닥에 앉습니다. | Step:2 발을 플렉스하고 대퇴사두근을 수축합니다. | Step:3 지지를 위해 손을 뒤쪽 바닥에 둡니다. | Step:4 등을 곧게 편 상태를 유지하면서 엉덩이에서 앞으로 몸을 기울입니다. | Step:5 햄스트링에 스트레칭이 느껴질 때까지 계속 앞으로 기울입니다. | Step:6 몇 번의 호흡 동안 이 자세를 유지합니다. | Step:7 천천히 스트레칭을 풀고 시작 자세로 돌아옵니다. | Step:8 원하는 횟수만큼 반복합니다.,https://melo2026.s3.ap-northeast-2.amazonaws.com/workout-images/HIgYKAB.webp,weight,2.5,하체,허벅지,맨몸,,맨몸
Hj4FOCd,바벨 디클라인 와이드-그립 풀오버,https://static.exercisedb.dev/media/Hj4FOCd.gif,광배근,삼두근 | 가슴,"Step:1 머리가 엉덩이보다 낮고 발이 고정된 상태로 디클라인 벤치에 눕습니다. | Step:2 넓은 그립으로 바벨을 잡고 팔을 가슴 위로 곧게 뻗습니다. | Step:3 팔을 곧게 편 상태를 유지하면서 바벨을 머리 뒤로 제어하며 천천히 내립니다. | Step:4 잠시 멈춘 후, 바벨을 시작 자세로 다시 들어 올립니다. | Step:5 원하는 횟수만큼 반복합니다.",https://melo2026.s3.ap-northeast-2.amazonaws.com/workout-images/Hj4FOCd.webp,weight,5.0,등,,바벨,,바벨
HJ63mSO,바벨 라잉 클로즈-그립 트라이셉스 익스텐션,https://static.exercisedb.dev/media/HJ63mSO.gif,삼두근,어깨,"Step:1 발을 바닥에 대고 등을 벤치 끝에 댄 상태로 평평하게 눕습니다. | Step:2 손을 어깨 너비로 벌리고 손바닥이 위를 향하도록 바벨을 닫힌 그립으로 잡습니다. | Step:3 팔을 완전히 뻗어 바벨을 가슴 위로 들어 올립니다. | Step:4 위팔을 고정한 상태를 유지하면서 팔꿈치를 구부려 바벨을 이마 쪽으로 천천히 내립니다. | Step:5 맨 아래에서 잠시 멈춘 후, 팔을 펴서 시작 자세로 돌아갑니다. | Step:6 원하는 횟수만큼 반복합니다.",https://melo2026.s3.ap-northeast-2.amazonaws.com/workout-images/HJ63mSO.webp,weight,5.0,팔,상완,바벨,,바벨
HjdqmZa,원 암 친업,https://static.exercisedb.dev/media/HjdqmZa.gif,광배근,이두근 | 전완근,"Step:1 발을 어깨 너비로 벌리고 풀업 바를 향해 섭니다. | Step:2 한 손으로 바를 잡고 다른 손으로 손목을 잡아 지지하면서 언더핸드 그립으로 바를 잡습니다. | Step:3 팔을 완전히 뻗고 몸을 곧게 편 상태를 유지하며 코어를 수축한 상태로 바에서 매달립니다. | Step:4 팔꿈치를 구부리고 등 근육을 수축하면서 바 쪽으로 몸을 당깁니다. | Step:5 턱이 바 위로 올라올 때까지 계속 당긴 후, 천천히 시작 자세로 내려갑니다. | Step:6 원하는 횟수만큼 반복한 후 팔을 바꿔 반복합니다.",https://melo2026.s3.ap-northeast-2.amazonaws.com/workout-images/HjdqmZa.webp,weight,3.5,등,,맨몸,,맨몸
hjWjJEm,엑서사이즈 볼 힙 플렉서 스트레치 포인트,,둔근,quadriceps | 햄스트링,"Step:1 안정성 볼을 바닥에 놓고 앞에 무릎을 꿇습니다. | Step:2 오른쪽 발을 안정성 볼 위에 올려놓고 무릎을 90도 각도로 구부립니다. | Step:3 왼쪽 다리를 곧게 편 상태로 뒤로 뻗습니다. | Step:4 오른쪽 고관절 굴곡근에 스트레칭이 느껴질 때까지 엉덩이를 안정성 볼 쪽으로 밀면서 앞으로 기울입니다. | Step:5 20-30초 동안 스트레칭을 유지한 후, 반대쪽으로 바꿔 반복합니다. 포인트 컨트롤을 강조합니다.",,weight,2.5,하체,허벅지,기타,짐볼,짐볼
hl8DUh8,바벨 디클라인 와이드-그립 프레스,https://static.exercisedb.dev/media/hl8DUh8.gif,대흉근,삼두근 | 어깨,Step:1 발을 고정하고 머리가 엉덩이보다 낮도록 디클라인 벤치에 눕습니다. | Step:2 어깨 너비보다 약간 넓은 와이드 그립으로 바벨을 잡습니다. | Step:3 팔꿈치를 옆으로 벌린 상태를 유지하면서 바벨을 가슴까지 내립니다. | Step:4 팔을 완전히 펴면서 바벨을 시작 자세로 다시 밀어 올립니다. | Step:5 원하는 횟수만큼 반복합니다.,https://melo2026.s3.ap-northeast-2.amazonaws.com/workout-images/hl8DUh8.webp,weight,5.0,가슴,,바벨,,바벨
hMEptv0,바벨 디클라인 벤트 암 풀오버,https://static.exercisedb.dev/media/hMEptv0.gif,광배근,삼두근 | 가슴,Step:1 머리가 엉덩이보다 낮고 발이 고정된 디클라인 벤치에 눕습니다. | Step:2 손바닥이 몸에서 멀어지도록 잡고 팔을 가슴 위로 쭉 뻗어 바벨을 잡습니다. | Step:3 팔을 약간 구부린 상태를 유지하면서 통제된 방식으로 바벨을 머리 뒤로 내립니다. | Step:4 잠시 멈춘 후 광배근을 수축하여 시작 위치로 바벨을 다시 들어 올립니다. | Step:5 원하는 횟수만큼 반복합니다.,https://melo2026.s3.ap-northeast-2.amazonaws.com/workout-images/hMEptv0.webp,weight,5.0,등,,바벨,,바벨
HMzLjXx,웨이티드 풀업,https://static.exercisedb.dev/media/HMzLjXx.gif,광배근,이두근 | 전완근,Step:1 어깨너비보다 약간 넓게 오버핸드 그립으로 풀업 바를 잡습니다. | Step:2 팔을 완전히 뻗고 몸을 곧게 편 상태로 바에서 매달립니다. | Step:3 등 근육을 사용하여 팔꿈치를 몸에 가깝게 붙인 상태로 몸을 바 쪽으로 당깁니다. | Step:4 턱이 바 위로 올라올 때까지 계속 당깁니다. | Step:5 맨 위에서 잠시 멈춘 후 몸을 시작 위치로 천천히 내립니다. | Step:6 원하는 횟수만큼 반복합니다.,https://melo2026.s3.ap-northeast-2.amazonaws.com/workout-images/HMzLjXx.webp,weight,5.0,등,,기타,중량,중량
hnOYgH3,이지 바벨 JM 벤치 프레스,https://static.exercisedb.dev/media/hnOYgH3.gif,삼두근,가슴 | 어깨,Step:1 발을 바닥에 평평하게 대고 등을 벤치에 대고 평평한 벤치에 눕습니다. | Step:2 어깨너비보다 약간 넓게 오버핸드 그립으로 이지 바벨을 잡습니다. | Step:3 팔꿈치를 몸에 가깝게 붙인 상태로 바벨을 가슴으로 내립니다. | Step:4 팔을 완전히 펴서 바벨을 시작 위치로 다시 밀어 올립니다. | Step:5 원하는 횟수만큼 반복합니다.,https://melo2026.s3.ap-northeast-2.amazonaws.com/workout-images/hnOYgH3.webp,weight,5.0,팔,상완,바벨,,EZ 바벨
hoXt6wv,레프트 훅. 복싱,https://static.exercisedb.dev/media/hoXt6wv.gif,삼각근,이두근 | 삼두근 | 전완근,Step:1 발을 어깨너비로 벌리고 무릎을 약간 구부리고 섭니다. | Step:2 얼굴을 보호하기 위해 왼손은 올리고 오른손은 턱 옆에 둡니다. | Step:3 펀치 동작으로 왼팔을 앞으로 뻗으면서 엉덩이를 회전하고 왼발을 축으로 섭니다. | Step:4 몸통을 비틀고 코어 근육을 사용하여 펀치에 힘을 줍니다. | Step:5 팔을 시작 위치로 빠르게 되돌리고 원하는 횟수만큼 반복합니다.,https://melo2026.s3.ap-northeast-2.amazonaws.com/workout-images/hoXt6wv.webp,weight,3.5,어깨,,맨몸,,맨몸
HPlPoQA,케이블 해머 컬 (로프 포함),https://static.exercisedb.dev/media/HPlPoQA.gif,이두근,전완근,Step:1 발을 어깨너비로 벌리고 무릎을 약간 구부리고 똑바로 섭니다. | Step:2 손바닥이 서로 마주보도록 언더핸드 그립으로 케이블 로프를 잡고 팔을 완전히 뻗습니다. | Step:3 팔꿈치를 고정한 상태에서 숨을 내쉬면서 이두근을 수축하며 무게를 컬링합니다. | Step:4 이두근이 완전히 수축되고 로프가 어깨 높이에 올 때까지 케이블 로프를 들어 올립니다. | Step:5 이두근을 꽉 조이면서 수축된 자세를 잠시 유지합니다. | Step:6 숨을 들이쉬면서 케이블 로프를 시작 위치로 천천히 내리기 시작합니다. | Step:7 원하는 횟수만큼 반복합니다.,https://melo2026.s3.ap-northeast-2.amazonaws.com/workout-images/HPlPoQA.webp,weight,5.0,팔,상완,케이블 머신,,케이블
hq2hyDH,덤벨 스탠딩 프리쳐 컬,https://static.exercisedb.dev/media/hq2hyDH.gif,이두근,전완근,Step:1 발을 어깨너비로 벌리고 똑바로 서서 각 손에 덤벨을 잡고 손바닥이 앞을 향하도록 합니다. | Step:2 팔꿈치를 약간 구부린 상태에서 프리쳐 벤치 또는 경사진 벤치에 상완 후면을 댑니다. | Step:3 팔꿈치를 고정한 상태에서 숨을 내쉬면서 이두근을 수축하며 무게를 컬링합니다. | Step:4 이두근이 완전히 수축되고 덤벨이 어깨 높이에 올 때까지 덤벨을 들어 올립니다. | Step:5 이두근을 꽉 조이면서 수축된 자세를 잠시 유지합니다. | Step:6 숨을 들이쉬면서 덤벨을 시작 위치로 천천히 내리기 시작합니다. | Step:7 원하는 횟수만큼 반복합니다.,https://melo2026.s3.ap-northeast-2.amazonaws.com/workout-images/hq2hyDH.webp,weight,5.0,팔,상완,덤벨,,덤벨
hrrS0Ed,덤벨 시티드 레터럴 레이즈 v. 2,https://static.exercisedb.dev/media/hrrS0Ed.gif,삼각근,승모근 | 삼두근,Step:1 발을 바닥에 평평하게 대고 벤치에 앉아 각 손에 덤벨을 잡고 허벅지에 올려놓습니다. | Step:2 등을 곧게 펴고 코어를 고정합니다. | Step:3 팔꿈치를 약간 구부린 상태에서 덤벨을 옆으로 들어 올려 팔이 바닥과 평행이 될 때까지 올립니다. | Step:4 맨 위에서 잠시 멈춘 후 덤벨을 시작 위치로 천천히 내립니다. | Step:5 원하는 횟수만큼 반복합니다.,https://melo2026.s3.ap-northeast-2.amazonaws.com/workout-images/hrrS0Ed.webp,weight,5.0,어깨,,덤벨,,덤벨
hrVQWvE,바벨 스트레이트 레그 데드리프트,https://static.exercisedb.dev/media/hrVQWvE.gif,햄스트링,둔근 | lower back,Step:1 발을 어깨너비로 벌리고 발가락이 앞을 향하도록 섭니다. | Step:2 어깨너비보다 약간 넓게 오버핸드 그립으로 바벨을 잡습니다. | Step:3 엉덩이를 구부리고 등을 곧게 펴고 무릎을 약간 구부린 상태로 바벨을 바닥 쪽으로 내립니다. | Step:4 햄스트링에 스트레칭이 느껴질 때까지 바벨을 내립니다. | Step:5 햄스트링과 둔근을 사용하여 바벨을 시작 위치로 다시 들어 올립니다. | Step:6 원하는 횟수만큼 반복합니다.,https://melo2026.s3.ap-northeast-2.amazonaws.com/workout-images/hrVQWvE.webp,weight,2.5,하체,허벅지,바벨,,바벨
HsjbB1z,스미스 스프린트 런지,https://static.exercisedb.dev/media/HsjbB1z.gif,둔근,quadriceps | 햄스트링 | 종아리,Step:1 스미스 머신을 바벨이 엉덩이 높이에 오도록 조정합니다. | Step:2 머신을 등지고 발을 어깨너비로 벌리고 섭니다. | Step:3 오른쪽 발을 뒤로 뻗어 바벨 위에 놓고 발등을 바 위에 댑니다. | Step:4 왼쪽 무릎을 구부리고 등을 곧게 편 상태로 런지 자세로 몸을 내립니다. | Step:5 왼쪽 뒤꿈치를 밀어 시작 위치로 돌아옵니다. | Step:6 왼쪽 발을 뒤로 뻗어 반대쪽에서 반복합니다. | Step:7 원하는 횟수만큼 번갈아 가며 반복합니다.,https://melo2026.s3.ap-northeast-2.amazonaws.com/workout-images/HsjbB1z.webp,weight,5.0,하체,허벅지,스미스 머신,,스미스 머신
HsvHqgf,덤벨 스쿼트,https://static.exercisedb.dev/media/HsvHqgf.gif,둔근,quadriceps | 햄스트링 | 종아리,Step:1 발을 어깨너비로 벌리고 각 손에 덤벨을 잡고 옆구리에 둡니다. | Step:2 가슴을 들어 올리고 코어를 고정한 상태에서 의자에 앉는 것처럼 무릎과 엉덩이를 구부려 몸을 내립니다. | Step:3 허벅지가 바닥과 평행이 되거나 편안하게 갈 수 있는 만큼 낮아질 때까지 계속 내립니다. | Step:4 맨 아래에서 잠시 멈춘 후 뒤꿈치를 밀어 시작 위치로 돌아옵니다. | Step:5 원하는 횟수만큼 반복합니다.,https://melo2026.s3.ap-northeast-2.amazonaws.com/workout-images/HsvHqgf.webp,weight,5.0,하체,허벅지,덤벨,,덤벨
ht8xDrP,스미스 스탠딩 비하인드 헤드 밀리터리 프레스,https://static.exercisedb.dev/media/ht8xDrP.gif,삼각근,삼두근 | 상부 등,Step:1 스미스 머신의 시트 높이를 조정하여 바가 어깨 높이에 오도록 합니다. | Step:2 발을 어깨너비로 벌리고 무릎을 약간 구부리고 섭니다. | Step:3 어깨너비보다 약간 넓게 오버핸드 그립으로 바를 잡습니다. | Step:4 안정적인 자세를 유지하면서 바를 랙에서 들어 올려 뒤로 물러섭니다. | Step:5 바를 머리 뒤에 놓고 상부 승모근에 댑니다. | Step:6 운동 내내 코어를 고정하고 가슴을 들어 올립니다. | Step:7 팔을 펴서 바를 머리 위로 밀어 완전히 펴줍니다. | Step:8 동작의 맨 위에서 잠시 멈춘 후 바를 시작 위치로 천천히 내립니다. | Step:9 원하는 횟수만큼 반복합니다.,https://melo2026.s3.ap-northeast-2.amazonaws.com/workout-images/ht8xDrP.webp,weight,5.0,어깨,,스미스 머신,,스미스 머신
HtfCpfi,스타 점프 (남성),https://static.exercisedb.dev/media/HtfCpfi.gif,심폐 지구력,quadriceps | 햄스트링 | 종아리,Step:1 발을 어깨너비로 벌리고 팔을 옆구리에 둡니다. | Step:2 무릎을 약간 구부리고 폭발적으로 점프합니다. | Step:3 점프하면서 다리를 벌리고 팔을 옆으로 뻗어 몸으로 별 모양을 만듭니다. | Step:4 무릎을 약간 구부린 상태로 발 앞꿈치로 부드럽게 착지합니다. | Step:5 원하는 횟수만큼 반복합니다.,https://melo2026.s3.ap-northeast-2.amazonaws.com/workout-images/HtfCpfi.webp,cardio,3.5,유산소,,맨몸,,맨몸
hTLtkXL,저항 밴드 시티드 숄더 프레스 (내려가는 동작 강조),,삼각근,삼두근 | 상부 등,Step:1 등을 곧게 펴고 발을 바닥에 평평하게 대고 의자나 벤치에 앉습니다. | Step:2 양손으로 저항 밴드를 잡고 손바닥이 앞을 향하도록 하여 어깨 높이까지 올립니다. | Step:3 팔을 완전히 펴서 밴드를 머리 위로 누릅니다. | Step:4 맨 위에서 잠시 멈춘 후 밴드를 어깨 높이로 천천히 내립니다. 내려가는 동작을 강조합니다. | Step:5 원하는 횟수만큼 반복합니다.,,weight,5.0,어깨,,밴드,,저항 밴드
HUEqZ1y,바벨 사이드 스플릿 스쿼트 v. 2,https://static.exercisedb.dev/media/HUEqZ1y.gif,대퇴사두근,둔근 | 햄스트링 | 종아리,Step:1 발을 어깨너비보다 넓게 벌리고 발가락을 약간 바깥쪽으로 향하게 섭니다. | Step:2 바벨을 등 위로 올려 어깨에 댑니다. | Step:3 왼쪽 발을 고정한 상태에서 오른쪽 발로 크게 옆으로 내딛습니다. | Step:4 오른쪽 무릎을 구부리고 가슴을 들어 올리고 등을 곧게 편 상태로 스쿼트 자세로 몸을 내립니다. | Step:5 오른쪽 뒤꿈치를 밀어 시작 위치로 돌아옵니다. | Step:6 왼쪽 발로 옆으로 내딛어 반대쪽에서 반복합니다. | Step:7 원하는 횟수만큼 번갈아 가며 반복합니다.,https://melo2026.s3.ap-northeast-2.amazonaws.com/workout-images/HUEqZ1y.webp,weight,5.0,하체,허벅지,바벨,,바벨
hvHhCv8,케이블 프런트 레이즈,https://static.exercisedb.dev/media/hvHhCv8.gif,삼각근,삼두근 | 전완근,Step:1 발을 어깨너비로 벌리고 무릎을 약간 구부리고 섭니다. | Step:2 손바닥이 아래를 향하도록 오버핸드 그립으로 케이블 핸들을 잡고 팔을 앞쪽으로 완전히 뻗습니다. | Step:3 팔을 곧게 편 상태로 케이블 핸들을 어깨 높이까지 들어 올립니다. | Step:4 맨 위에서 잠시 멈춘 후 케이블 핸들을 시작 위치로 천천히 내립니다. | Step:5 원하는 횟수만큼 반복합니다.,https://melo2026.s3.ap-northeast-2.amazonaws.com/workout-images/hvHhCv8.webp,weight,5.0,어깨,,케이블 머신,,케이블
hvV79Si,케이블 로우 시티드,https://static.exercisedb.dev/media/hvV79Si.gif,상부 등,이두근 | 전완근,"Step:1 발을 발판에 평평하게 대고 무릎을 살짝 구부린 채 기구에 앉습니다. | Step:2 손바닥이 아래를 향하도록 하여 오버핸드 그립으로 손잡이를 잡습니다. | Step:3 등을 곧게 펴고 팔꿈치를 살짝 구부린 상태를 유지하며 앞으로 살짝 기울입니다. | Step:4 손잡이를 몸쪽으로 당기면서 어깨뼈를 함께 조입니다. | Step:5 움직임의 정점에서 잠시 멈춘 후, 천천히 손잡이를 시작 자세로 되돌립니다. | Step:6 원하는 횟수만큼 반복합니다.",https://melo2026.s3.ap-northeast-2.amazonaws.com/workout-images/hvV79Si.webp,weight,5.0,등,,케이블 머신,,케이블
hVzPY5j,애슬레틱 스타일 배틀 로프,,삼각근,전완근 | 코어,Step:1 발을 어깨너비로 벌리고 무릎을 살짝 구부린 채 섭니다. | Step:2 각 손에 로프의 한쪽 끝을 잡고 손바닥이 서로 마주보게 합니다. | Step:3 팔꿈치를 살짝 구부린 상태를 유지하며 팔을 어깨 높이까지 들어 올립니다. | Step:4 (애슬레틱 변형) 각 팔을 빠르게 올리고 내리면서 로프에 교대 파도를 만들기 시작합니다. | Step:5 원하는 시간 또는 횟수만큼 계속합니다.,,weight,3.5,어깨,,기타,로프,로프
hwygydB,덤벨 프레처 컬 오버 엑서사이즈 볼,https://static.exercisedb.dev/media/hwygydB.gif,이두근,전완근,"Step:1 발을 바닥에 평평하게 대고 등을 곧게 편 채 엑서사이즈 볼에 앉습니다. | Step:2 한 손으로 언더핸드 그립으로 덤벨을 잡고 팔꿈치를 엑서사이즈 볼에 댑니다. | Step:3 윗팔을 고정한 상태에서 숨을 내쉬며 덤벨을 어깨 쪽으로 컬링합니다. | Step:4 위쪽에서 잠시 멈춘 후, 숨을 들이쉬며 천천히 덤벨을 시작 자세로 되돌립니다. | Step:5 원하는 횟수만큼 반복한 후 팔을 바꿉니다.",https://melo2026.s3.ap-northeast-2.amazonaws.com/workout-images/hwygydB.webp,weight,5.0,팔,상완,덤벨,,덤벨
Hx1WC8I,케이블 인클라인 트라이셉스 익스텐션,https://static.exercisedb.dev/media/Hx1WC8I.gif,삼두근,어깨,"Step:1 케이블 머신을 낮은 풀리 위치로 조정합니다. | Step:2 스트레이트 바를 케이블에 연결합니다. | Step:3 발을 어깨너비로 벌리고 기구에서 등을 돌린 채 섭니다. | Step:4 오버핸드 그립으로 바를 잡고 팔을 머리 위로 곧게 뻗습니다. | Step:5 등을 곧게 펴고 코어를 고정한 상태를 유지하며 앞으로 살짝 기울입니다. | Step:6 팔꿈치를 구부리고 윗팔을 귀 가까이에 둔 채 바를 머리 뒤로 내립니다. | Step:7 잠시 멈춘 후, 팔을 시작 자세로 되돌립니다. | Step:8 원하는 횟수만큼 반복합니다.",https://melo2026.s3.ap-northeast-2.amazonaws.com/workout-images/Hx1WC8I.webp,weight,5.0,팔,상완,케이블 머신,,케이블
hxyTtWj,덤벨 시티드 레터럴 레이즈,https://static.exercisedb.dev/media/hxyTtWj.gif,삼각근,승모근 | 상부 등,"Step:1 발을 바닥에 평평하게 대고 앉아 각 손에 덤벨을 허벅지 위에 올려놓습니다. | Step:2 등을 곧게 펴고 코어를 고정한 상태를 유지합니다. | Step:3 팔꿈치를 살짝 구부린 상태로 덤벨을 옆으로 들어 올려 팔이 바닥과 평행이 될 때까지 올립니다. | Step:4 위쪽에서 잠시 멈춘 후, 천천히 덤벨을 시작 자세로 되돌립니다. | Step:5 원하는 횟수만큼 반복합니다.",https://melo2026.s3.ap-northeast-2.amazonaws.com/workout-images/hxyTtWj.webp,weight,5.0,어깨,,덤벨,,덤벨
Hy9D21L,45도 사이드 벤드,https://static.exercisedb.dev/media/Hy9D21L.gif,복근,obliques,"Step:1 발을 어깨너비로 벌리고 팔을 옆으로 곧게 내린 채 섭니다. | Step:2 등을 곧게 펴고 코어를 고정한 상태를 유지하며 몸통을 한쪽으로 천천히 구부려 손을 무릎 쪽으로 내립니다. | Step:3 아래쪽에서 잠시 멈춘 후, 천천히 시작 자세로 돌아옵니다. | Step:4 반대쪽도 반복합니다. | Step:5 원하는 횟수만큼 계속해서 양쪽을 번갈아 가며 반복합니다.",https://melo2026.s3.ap-northeast-2.amazonaws.com/workout-images/Hy9D21L.webp,weight,3.5,코어,허리 | 복부,맨몸,,맨몸
HYe1ZqR,덤벨 인클라인 플라이 온 엑서사이즈 볼,https://static.exercisedb.dev/media/HYe1ZqR.gif,대흉근,어깨,"Step:1 인클라인 벤치를 45도 각도로 설정합니다. | Step:2 엑서사이즈 볼에 앉아 윗등이 인클라인 벤치에 닿을 때까지 앞으로 굴립니다. | Step:3 각 손에 덤벨을 잡고 손바닥이 서로 마주보게 하며 팔을 가슴 위로 뻗습니다. | Step:4 가슴에 스트레칭이 느껴질 때까지 덤벨을 넓은 호를 그리며 옆으로 내립니다. | Step:5 잠시 멈춘 후, 가슴 근육을 쥐어짜 덤벨을 시작 자세로 되돌립니다. | Step:6 원하는 횟수만큼 반복합니다.",https://melo2026.s3.ap-northeast-2.amazonaws.com/workout-images/HYe1ZqR.webp,weight,2.5,가슴,,덤벨,,덤벨
HZgQPxh,서스펜디드 앱도미널 폴아웃 - 인클라인 변형,,복근,obliques | 고관절 굴곡근,"Step:1 높은 앵커 포인트에 서스펜션 트레이너를 부착하고 스트랩을 허리 높이로 조정합니다. | Step:2 앵커 포인트에서 등을 돌린 채 서서 팔을 앞으로 뻗어 손잡이를 잡습니다. 전체 동작 동안 기울어진 자세를 유지합니다. | Step:3 몸을 곧게 펴고 코어를 고정한 상태를 유지하며 허리에서 앞으로 기울입니다. | Step:4 복근의 긴장과 통제력을 유지하면서 가능한 한 멀리 몸을 내립니다. | Step:5 아래쪽에서 잠시 멈춘 후, 천천히 몸을 시작 자세로 다시 들어 올립니다. | Step:6 원하는 횟수만큼 반복합니다.",,weight,3.5,코어,허리 | 복부,맨몸,,맨몸
i11JWU7,케이블 스탠딩 리버스 그립 원 암 오버헤드 트라이셉스 익스텐션,https://static.exercisedb.dev/media/i11JWU7.gif,삼두근,어깨,"Step:1 발을 어깨너비로 벌리고 케이블 머신에서 등을 돌린 채 섭니다. | Step:2 언더핸드 그립으로 케이블 손잡이를 잡고 팔꿈치를 머리 가까이에 둔 채 팔을 머리 위로 뻗습니다. | Step:3 윗팔을 고정한 상태를 유지하며 팔꿈치를 구부려 케이블 손잡이를 머리 뒤로 천천히 내립니다. | Step:4 아래쪽에서 잠시 멈춘 후, 팔을 시작 자세로 되돌립니다. | Step:5 원하는 횟수만큼 반복한 후 팔을 바꿉니다.",https://melo2026.s3.ap-northeast-2.amazonaws.com/workout-images/i11JWU7.webp,weight,5.0,팔,상완,케이블 머신,,케이블
I1OBLnn,웨이티드 스벤드 프레스,https://static.exercisedb.dev/media/I1OBLnn.gif,대흉근,어깨 | 삼두근,"Step:1 발을 어깨너비로 벌리고 양손으로 가슴 앞에 웨이트 플레이트를 잡고 섭니다. | Step:2 팔꿈치를 살짝 구부리고 손바닥이 서로 마주보게 합니다. | Step:3 팔을 완전히 뻗어 웨이트 플레이트를 앞으로 곧게 밀어냅니다. | Step:4 동작 끝에서 잠시 멈춘 후, 천천히 웨이트 플레이트를 시작 자세로 되돌립니다. | Step:5 원하는 횟수만큼 반복합니다.",https://melo2026.s3.ap-northeast-2.amazonaws.com/workout-images/I1OBLnn.webp,weight,5.0,가슴,,기타,중량,중량
I3tsCnC,행잉 레그 레이즈,https://static.exercisedb.dev/media/I3tsCnC.gif,복근,고관절 굴곡근,"Step:1 팔을 완전히 뻗고 손바닥이 몸에서 멀어지도록 하여 풀업 바에 매달립니다. | Step:2 코어를 사용하고 다리를 곧게 편 채 앞으로 들어 올립니다. | Step:3 다리가 바닥과 평행이 되거나 편안하게 갈 수 있는 높이까지 들어 올립니다. | Step:4 위쪽에서 잠시 멈춘 후, 천천히 다리를 시작 자세로 되돌립니다. | Step:5 원하는 횟수만큼 반복합니다.",https://melo2026.s3.ap-northeast-2.amazonaws.com/workout-images/I3tsCnC.webp,weight,3.5,코어,허리 | 복부,맨몸,,맨몸
I4hDWkc,푸시업,https://static.exercisedb.dev/media/I4hDWkc.gif,대흉근,삼두근 | deltoids | 코어,"Step:1 손을 어깨너비보다 약간 넓게 벌리고 발을 모은 하이 플랭크 자세로 시작합니다. | Step:2 코어를 사용하고 몸을 일직선으로 유지하며 팔꿈치를 구부려 몸을 바닥 쪽으로 내립니다. | Step:3 가슴이 바닥 바로 위에 오면 잠시 멈춘 후, 팔을 펴서 시작 자세로 다시 밀어 올립니다. | Step:4 원하는 횟수만큼 반복합니다.",https://melo2026.s3.ap-northeast-2.amazonaws.com/workout-images/I4hDWkc.webp,weight,3.5,가슴,,맨몸,,맨몸
i4JkUaL,바벨 사이드 벤드 v. 2,https://static.exercisedb.dev/media/i4JkUaL.gif,복근,obliques | lower back,"Step:1 발을 어깨너비로 벌리고 양손으로 바벨을 잡고 손바닥이 아래를 향하도록 합니다. | Step:2 운동 내내 등을 곧게 펴고 코어를 고정한 상태를 유지합니다. | Step:3 몸통을 오른쪽으로 천천히 구부려 바벨을 오른쪽 무릎 쪽으로 내립니다. | Step:4 잠시 멈춘 후, 시작 자세로 돌아옵니다. | Step:5 왼쪽으로도 같은 동작을 반복합니다. | Step:6 원하는 횟수만큼 계속해서 양쪽을 번갈아 가며 반복합니다.",https://melo2026.s3.ap-northeast-2.amazonaws.com/workout-images/i4JkUaL.webp,weight,5.0,코어,허리 | 복부,바벨,,바벨
I4KkPdl,케틀벨 더블 푸시 프레스,https://static.exercisedb.dev/media/I4KkPdl.gif,삼각근,삼두근 | 코어,"Step:1 발을 어깨너비로 벌리고 서서 각 손에 케틀벨을 어깨 높이로 잡고 시작합니다. | Step:2 무릎을 살짝 구부리고 코어를 사용합니다. | Step:3 엉덩이, 무릎, 발목을 폭발적으로 펴면서 케틀벨을 머리 위로 밀어 올리는 동작을 시작합니다. | Step:4 케틀벨이 위쪽에 도달하면 팔을 완전히 펴서 머리 위로 완전히 밀어 올립니다. | Step:5 팔꿈치를 구부려 어깨 높이로 다시 가져오면서 케틀벨을 시작 자세로 내립니다. | Step:6 원하는 횟수만큼 반복합니다.",https://melo2026.s3.ap-northeast-2.amazonaws.com/workout-images/I4KkPdl.webp,weight,5.0,어깨,,케틀벨,,케틀벨
I4tibZG,케틀벨 얼터네이팅 행 클린,https://static.exercisedb.dev/media/I4tibZG.gif,전완근,어깨 | 승모근 | 코어,Step:1 발을 어깨너비로 벌리고 각 손에 오버핸드 그립으로 케틀벨을 잡고 섭니다. | Step:2 무릎을 살짝 구부리고 등을 곧게 펴고 가슴을 들어 올린 채 엉덩이에서 앞으로 숙입니다. | Step:3 케틀벨을 팔을 완전히 뻗은 상태로 몸 앞에 늘어뜨립니다. | Step:4 한 번의 유연한 동작으로 엉덩이를 폭발적으로 펴고 어깨를 으쓱하며 케틀벨을 어깨 쪽으로 당깁니다. | Step:5 케틀벨이 어깨 높이에 도달하면 손목을 돌려 랙 자세로 케틀벨을 잡습니다. 이때 손바닥은 안쪽을 향하고 케틀벨은 팔뚝 바깥쪽에 놓입니다. | Step:6 케틀벨을 시작 자세로 내리고 반대쪽 팔로 동작을 반복합니다. | Step:7 원하는 횟수만큼 계속해서 팔을 번갈아 가며 반복합니다.,https://melo2026.s3.ap-northeast-2.amazonaws.com/workout-images/I4tibZG.webp,weight,5.0,팔,전완,케틀벨,,케틀벨
i5cEhka,디클라인 푸시업,https://static.exercisedb.dev/media/i5cEhka.gif,대흉근,삼두근 | 어깨,Step:1 발을 안정적인 표면에 올리고 손을 어깨너비보다 약간 넓게 땅에 댑니다. | Step:2 머리부터 발끝까지 몸을 일직선으로 유지하고 코어 근육을 사용합니다. | Step:3 팔꿈치를 구부려 가슴을 땅 쪽으로 내립니다. 팔꿈치는 몸에 가깝게 유지합니다. | Step:4 손바닥으로 밀어 팔을 펴고 시작 자세로 돌아옵니다. | Step:5 원하는 횟수만큼 반복합니다.,https://melo2026.s3.ap-northeast-2.amazonaws.com/workout-images/i5cEhka.webp,weight,3.5,가슴,,맨몸,,맨몸
I6Ca0a7,컴플리트 스타일 이지바 라잉 클로즈 그립 트라이셉스 익스텐션 비하인드 헤드,,삼두근,어깨,Step:1 발을 땅에 대고 머리가 벤치 끝에 오도록 평평하게 눕습니다. | Step:2 이지 바벨을 좁은 그립으로 잡고 손바닥을 위로 향하게 한 후 팔을 가슴 위로 쭉 뻗습니다. | Step:3 윗팔을 고정한 상태에서 팔꿈치를 구부려 바벨을 머리 뒤로 천천히 내립니다. | Step:4 잠시 멈춘 후 팔을 펴서 시작 자세로 돌아옵니다. 전체 동작 내내 자세를 유지합니다. | Step:5 원하는 횟수만큼 반복합니다.,,weight,5.0,팔,상완,바벨,,EZ 바벨
i6LWjok,바벨 풀오버,https://static.exercisedb.dev/media/i6LWjok.gif,광배근,가슴 | 삼두근,Step:1 머리가 한쪽 끝에 오도록 벤치에 평평하게 눕고 발은 바닥에 댑니다. | Step:2 어깨너비 그립으로 바벨을 잡고 팔을 가슴 위로 쭉 뻗습니다. | Step:3 팔을 곧게 편 상태로 바벨을 머리 뒤로 통제하며 내립니다. 광배근이 늘어나는 느낌이 들 때까지 내립니다. | Step:4 잠시 멈춘 후 바벨을 시작 자세로 다시 들어 올립니다. | Step:5 원하는 횟수만큼 반복합니다.,https://melo2026.s3.ap-northeast-2.amazonaws.com/workout-images/i6LWjok.webp,weight,5.0,등,,바벨,,바벨
i8BdLTK,덤벨 스트레이트 암 풀오버,https://static.exercisedb.dev/media/i8BdLTK.gif,대흉근,latissimus dorsi | 삼두근,Step:1 머리가 한쪽 끝에 오도록 벤치에 평평하게 눕고 발은 땅에 단단히 고정합니다. | Step:2 양손으로 덤벨을 잡고 팔을 가슴 위로 쭉 뻗습니다. | Step:3 팔을 곧게 편 상태로 덤벨을 호를 그리며 머리 뒤로 천천히 내립니다. | Step:4 잠시 멈춘 후 덤벨을 시작 자세로 다시 들어 올립니다. | Step:5 원하는 횟수만큼 반복합니다.,https://melo2026.s3.ap-northeast-2.amazonaws.com/workout-images/i8BdLTK.webp,weight,5.0,가슴,,덤벨,,덤벨
ia6kIIl,하프 니 벤드 (남성),https://static.exercisedb.dev/media/ia6kIIl.gif,심폐 지구력,quadriceps | 햄스트링 | 둔근,Step:1 발을 어깨너비로 벌리고 섭니다. | Step:2 의자에 앉는 것처럼 무릎을 구부리고 몸을 내립니다. | Step:3 가슴을 펴고 발뒤꿈치에 체중을 싣습니다. | Step:4 가장 낮은 지점에서 잠시 멈춘 후 발뒤꿈치로 밀어 시작 자세로 돌아옵니다. | Step:5 원하는 횟수만큼 반복합니다.,https://melo2026.s3.ap-northeast-2.amazonaws.com/workout-images/ia6kIIl.webp,cardio,3.5,유산소,,맨몸,,맨몸
Ia7tumC,덤벨 시티드 원 레그 카프 레이즈,https://static.exercisedb.dev/media/Ia7tumC.gif,종아리,햄스트링 | 둔근,Step:1 발을 땅에 대고 벤치나 의자에 앉아 오른쪽 허벅지에 덤벨을 올려놓습니다. | Step:2 왼쪽 다리를 앞으로 쭉 뻗고 발을 플렉스합니다. | Step:3 오른쪽 발 앞부분을 계단이나 무게 판 같은 높은 표면에 올립니다. | Step:4 종아리 근육을 사용하여 오른쪽 발뒤꿈치를 가능한 한 높이 들어 올립니다. | Step:5 가장 높은 지점에서 잠시 멈춘 후 발뒤꿈치를 천천히 시작 자세로 내립니다. | Step:6 원하는 횟수만큼 반복한 후 다리를 바꿉니다.,https://melo2026.s3.ap-northeast-2.amazonaws.com/workout-images/Ia7tumC.webp,weight,5.0,하체,종아리,덤벨,,덤벨
iaapw0g,이지 바벨 시티드 트라이셉스 익스텐션,https://static.exercisedb.dev/media/iaapw0g.gif,삼두근,어깨,Step:1 등을 곧게 펴고 발을 땅에 대고 벤치에 앉습니다. | Step:2 이지 바벨을 오버핸드 그립으로 잡고 손은 어깨너비로 벌립니다. | Step:3 바벨을 머리 위로 들어 올려 팔을 완전히 폅니다. | Step:4 윗팔을 고정한 상태에서 팔꿈치를 구부려 바벨을 머리 뒤로 내립니다. | Step:5 잠시 멈춘 후 팔을 펴서 바벨을 시작 자세로 다시 들어 올립니다. | Step:6 원하는 횟수만큼 반복합니다.,https://melo2026.s3.ap-northeast-2.amazonaws.com/workout-images/iaapw0g.webp,weight,5.0,팔,상완,바벨,,EZ 바벨
IaGQCrC,서스펜디드 푸시업,https://static.exercisedb.dev/media/IaGQCrC.gif,대흉근,삼두근 | 어깨 | 코어,Step:1 서스펜션 트레이너를 찾아 적절한 높이로 조절합니다. | Step:2 앵커 포인트를 등지고 서서 오버핸드 그립으로 손잡이를 잡습니다. | Step:3 발을 앞으로 옮기면서 몸을 앞으로 기울여 서스펜션 트레이너가 체중을 지탱하도록 합니다. | Step:4 머리부터 발뒤꿈치까지 몸을 일직선으로 유지하고 코어를 사용하며 가슴을 손잡이 쪽으로 내립니다. | Step:5 가슴과 팔로 밀어 시작 자세로 돌아옵니다. | Step:6 원하는 횟수만큼 반복합니다.,https://melo2026.s3.ap-northeast-2.amazonaws.com/workout-images/IaGQCrC.webp,weight,3.5,가슴,,맨몸,,맨몸
IBj3nsn,퀵 피트 v. 2 벤드,,대퇴사두근,종아리 | 햄스트링,Step:1 발을 어깨너비로 벌리고 팔을 옆구리에 둡니다. | Step:2 제자리에서 뛰는 것처럼 발을 빠르게 위아래로 움직이기 시작합니다. | Step:3 발 앞꿈치에 체중을 싣고 빠르고 가볍게 움직입니다. | Step:4 원하는 시간 또는 횟수만큼 계속합니다. 벤드 컨트롤을 강조합니다.,,weight,3.5,하체,허벅지,맨몸,,맨몸
iCPqbki,레버 내로우 그립 시티드 로우 - 스트렝스 변형,,상부 등,이두근 | 전완근,Step:1 올바른 자세를 위해 좌석 높이와 발 받침대를 조절합니다. | Step:2 발을 발 받침대에 대고 무릎을 약간 구부린 상태로 기구에 앉습니다. | Step:3 손잡이를 좁은 그립으로 잡고 손바닥을 서로 마주 보게 합니다. | Step:4 등을 곧게 펴고 약간 앞으로 기울입니다. | Step:5 손잡이를 몸통 쪽으로 당기면서 날개뼈를 함께 조입니다. | Step:6 동작의 최고점에서 잠시 멈춥니다. 전체 동작 내내 스트렝스 자세를 유지합니다. | Step:7 천천히 손잡이를 놓고 시작 자세로 돌아옵니다. | Step:8 원하는 횟수만큼 반복합니다.,,weight,5.0,등,,머신,레버리지 머신,레버리지 머신
iDGtjyi,체스트 앤 프론트 오브 숄더 스트레치 마이크로,,대흉근,deltoids,Step:1 발을 어깨너비로 벌리고 똑바로 섭니다. | Step:2 팔을 어깨 높이에서 앞으로 쭉 뻗습니다. | Step:3 오른팔을 왼팔 위에 오도록 팔을 몸 앞에서 교차합니다. | Step:4 손가락을 깍지 끼고 손바닥을 함께 누릅니다. | Step:5 날개뼈를 부드럽게 조이고 손을 앞으로 밀면서 가슴과 어깨 앞쪽의 스트레칭을 느낍니다. | Step:6 (마이크로 변형) 20-30초 동안 스트레칭을 유지한 후 풀어줍니다. | Step:7 원하는 횟수만큼 반복합니다.,,weight,2.5,가슴,,맨몸,,맨몸
Ie9UGty,레버 시티드 카프 프레스,https://static.exercisedb.dev/media/Ie9UGty.gif,종아리,soleus | 햄스트링,Step:1 어깨가 레버 패드와 일직선이 되도록 기구 좌석을 조절합니다. | Step:2 발가락을 플랫폼 하단에 대고 무릎을 레버 패드 아래에 위치시킵니다. | Step:3 안정성을 위해 좌석 측면의 손잡이를 잡습니다. | Step:4 발목을 펴서 발뒤꿈치를 최대한 높이 들어 올리면서 레버 패드를 아래로 누릅니다. | Step:5 동작의 최고점에서 잠시 멈춘 후 발뒤꿈치를 천천히 시작 자세로 내립니다. | Step:6 원하는 횟수만큼 반복합니다.,https://melo2026.s3.ap-northeast-2.amazonaws.com/workout-images/Ie9UGty.webp,weight,5.0,하체,종아리,머신,레버리지 머신,레버리지 머신
IeDEXTe,레버 시티드 스쿼트 카프 레이즈 온 레그 프레스 머신,https://static.exercisedb.dev/media/IeDEXTe.gif,종아리,quadriceps | 햄스트링 | 둔근,Step:1 발을 발판에 댔을 때 무릎이 약간 구부러지도록 레그 프레스 머신의 좌석을 조절합니다. | Step:2 등받이에 등을 대고 앉아 발을 어깨너비로 벌려 발판에 평평하게 댑니다. | Step:3 발뒤꿈치가 가장자리에 오도록 발가락과 발 앞부분을 발판에 댑니다. | Step:4 안전 손잡이를 풀고 무릎을 펴서 발판을 밀어냅니다. | Step:5 무릎이 완전히 펴지면 종아리를 플렉스하여 발뒤꿈치를 천천히 내립니다. | Step:6 가장 낮은 지점에서 잠시 멈춘 후 종아리를 펴서 발판을 다시 밀어 올립니다. | Step:7 원하는 횟수만큼 반복합니다.,https://melo2026.s3.ap-northeast-2.amazonaws.com/workout-images/IeDEXTe.webp,weight,5.0,하체,종아리,머신,레버리지 머신,레버리지 머신
IENzBdA,바벨 드래그 컬,https://static.exercisedb.dev/media/IENzBdA.gif,이두근,전완근,Step:1 발을 어깨너비로 벌리고 언더핸드 그립으로 바벨을 잡고 손바닥을 위로 향하게 합니다. | Step:2 바벨을 팔 길이만큼 허벅지 앞에서 늘어뜨립니다. | Step:3 윗팔을 고정한 상태에서 이두근을 수축하여 바벨을 가슴 쪽으로 컬링합니다. | Step:4 가장 높은 지점에서 잠시 멈춘 후 바벨을 천천히 시작 자세로 내립니다. | Step:5 원하는 횟수만큼 반복합니다.,https://melo2026.s3.ap-northeast-2.amazonaws.com/workout-images/IENzBdA.webp,weight,5.0,팔,상완,바벨,,바벨
IeTIEqg,바벨 프론트 체스트 스쿼트,https://static.exercisedb.dev/media/IeTIEqg.gif,둔근,quadriceps | 햄스트링 | 종아리 | 코어,Step:1 발을 어깨너비로 벌리고 발끝을 약간 바깥쪽으로 향하게 하여 시작합니다. | Step:2 손은 어깨너비로 벌리고 팔꿈치는 앞으로 향하게 하여 바벨을 가슴 앞에서 잡습니다. | Step:3 코어를 사용하고 가슴을 편 상태를 유지하면서 엉덩이를 뒤로 밀고 무릎을 구부려 스쿼트 자세로 몸을 내립니다. | Step:4 허벅지가 바닥과 평행이 될 때까지 또는 편안하게 갈 수 있는 만큼 낮춥니다. | Step:5 가장 낮은 지점에서 잠시 멈춘 후 발뒤꿈치로 밀어 시작 자세로 돌아옵니다. | Step:6 원하는 횟수만큼 반복합니다.,https://melo2026.s3.ap-northeast-2.amazonaws.com/workout-images/IeTIEqg.webp,weight,5.0,하체,허벅지,바벨,,바벨
iFsqlCD,프론 메디신볼 클로즈 그립 푸시업,,삼두근,가슴 | 어깨,Step:1 메디신 볼 위에 손을 어깨너비로 짚고 하이 플랭크 자세를 취합니다. | Step:2 팔꿈치를 옆구리에 가깝게 붙이고 팔꿈치를 구부려 몸을 바닥 쪽으로 내립니다. | Step:3 팔을 완전히 펴서 시작 자세로 다시 밀어 올립니다. | Step:4 원하는 횟수만큼 반복합니다. 전체 동작 동안 프론 자세를 유지합니다.,,weight,5.0,팔,상완,기타,메디신볼,메디신볼
IGjKj1v,레버 내로우 그립 시티드 로우,https://static.exercisedb.dev/media/IGjKj1v.gif,상부 등,이두근 | 전완근,Step:1 올바른 자세를 위해 시트 높이와 발 받침대를 조절합니다. | Step:2 발을 발 받침대에 평평하게 대고 무릎을 살짝 구부린 채 머신에 앉습니다. | Step:3 손바닥이 서로 마주보도록 핸들을 좁게 잡습니다. | Step:4 등을 곧게 펴고 상체를 살짝 앞으로 기울입니다. | Step:5 핸들을 몸통 쪽으로 당기면서 견갑골을 함께 조입니다. | Step:6 동작의 최고점에서 잠시 멈춥니다. | Step:7 천천히 핸들을 놓고 시작 자세로 돌아갑니다. | Step:8 원하는 횟수만큼 반복합니다.,https://melo2026.s3.ap-northeast-2.amazonaws.com/workout-images/IGjKj1v.webp,weight,5.0,등,,머신,레버리지 머신,레버리지 머신
IGtBdNT,덤벨 시티드 해머 컬,https://static.exercisedb.dev/media/IGtBdNT.gif,이두근,전완근,"Step:1 벤치에 앉아 각 손에 덤벨을 하나씩 잡고, 손바닥이 몸통을 향하게 하며 팔을 아래로 쭉 뻗습니다. | Step:2 윗팔을 고정한 상태에서 숨을 내쉬며 이두근을 수축하면서 덤벨을 컬합니다. | Step:3 이두근이 완전히 수축되고 덤벨이 어깨 높이에 올 때까지 덤벨을 계속 들어 올립니다. | Step:4 이두근을 쥐어짜면서 수축된 자세를 잠시 유지합니다. | Step:5 숨을 들이쉬면서 천천히 덤벨을 시작 자세로 다시 내립니다. | Step:6 원하는 횟수만큼 반복합니다.",https://melo2026.s3.ap-northeast-2.amazonaws.com/workout-images/IGtBdNT.webp,weight,5.0,팔,상완,덤벨,,덤벨
IH2kr7n,덤벨 디클라인 슈러그 - 리지드 베리에이션,,승모근,어깨 | rhomboids,"Step:1 45도 각도로 디클라인 벤치를 설정합니다. | Step:2 가슴과 배를 벤치에 대고 엎드립니다. | Step:3 (리지드 베리에이션) 각 손에 덤벨을 하나씩 잡고 팔을 바닥 쪽으로 완전히 뻗습니다. | Step:4 팔을 곧게 편 상태에서 어깨를 귀 쪽으로 최대한 높이 들어 올립니다. | Step:5 수축을 잠시 유지한 후, 천천히 덤벨을 시작 자세로 다시 내립니다. | Step:6 원하는 횟수만큼 반복합니다.",,weight,5.0,등,,덤벨,,덤벨
iK59oEA,덤벨 짐볼 라잉 풀오버,https://static.exercisedb.dev/media/iK59oEA.gif,대흉근,삼두근 | 어깨 | 등,"Step:1 짐볼에 앉아 상체가 볼에 닿을 때까지 앞으로 굴러갑니다. | Step:2 양손으로 덤벨을 잡고 팔을 가슴 위로 쭉 뻗습니다. | Step:3 팔을 곧게 편 상태를 유지하면서 덤벨을 머리 뒤로 천천히 내립니다. | Step:4 잠시 멈춘 후, 덤벨을 시작 자세로 다시 들어 올립니다. | Step:5 원하는 횟수만큼 반복합니다.",https://melo2026.s3.ap-northeast-2.amazonaws.com/workout-images/iK59oEA.webp,weight,5.0,가슴,,덤벨,,덤벨
IL0JUxR,기론다 흉골 친,https://static.exercisedb.dev/media/IL0JUxR.gif,광배근,이두근 | rhomboids | rear deltoids,"Step:1 어깨너비로 발을 벌리고 높은 바 앞에 섭니다. | Step:2 어깨너비보다 약간 넓게 오버핸드 그립으로 바를 잡기 위해 손을 뻗습니다. | Step:3 팔을 완전히 펴고 몸을 곧게 편 상태로 바에 매달립니다. | Step:4 광배근과 이두근을 사용하여 흉골을 앞으로 내밀면서 가슴을 바 쪽으로 당겨 올립니다. | Step:5 맨 위에서 잠시 멈춘 후, 천천히 시작 자세로 내려갑니다. | Step:6 원하는 횟수만큼 반복합니다.",https://melo2026.s3.ap-northeast-2.amazonaws.com/workout-images/IL0JUxR.webp,weight,3.5,등,,맨몸,,맨몸
ila4NZS,바벨 데드리프트,https://static.exercisedb.dev/media/ila4NZS.gif,둔근,햄스트링 | lower back,Step:1 발을 어깨너비로 벌리고 서서 바벨을 앞에 둡니다. | Step:2 무릎을 구부리고 엉덩이를 접어 상체를 낮추고 오버핸드 그립으로 바벨을 잡습니다. 손은 어깨너비보다 약간 넓게 잡습니다. | Step:3 등을 곧게 펴고 가슴을 들어 올린 상태에서 발뒤꿈치로 밀어 바벨을 바닥에서 들어 올리면서 엉덩이와 무릎을 폅니다. | Step:4 똑바로 서면서 엉덩이를 조이고 코어를 유지합니다. | Step:5 엉덩이와 무릎을 구부려 등을 곧게 편 상태를 유지하면서 바벨을 바닥으로 다시 내립니다. | Step:6 원하는 횟수만큼 반복합니다.,https://melo2026.s3.ap-northeast-2.amazonaws.com/workout-images/ila4NZS.webp,weight,5.0,하체,허벅지,바벨,,바벨
IMRsOCn,스쿼트 클린,https://static.exercisedb.dev/media/IMRsOCn.gif,대퇴사두근,둔근 | 햄스트링 | 종아리 | 코어,"Step:1 바벨을 어깨에 올리고 발을 어깨너비로 벌리고 시작합니다. | Step:2 가슴을 들고 무릎이 발끝을 향하도록 하면서 스쿼트 자세로 몸을 낮춥니다. | Step:3 스쿼트의 가장 낮은 지점에 도달하면 다리로 폭발적으로 밀어 올리면서 바벨을 머리 위로 밀어 올립니다. | Step:4 바벨이 최고점에 도달하면 빠르게 분할 자세로 내려갑니다. 한 발은 앞으로, 다른 발은 뒤로 둡니다. | Step:5 팔을 완전히 펴고 뒷무릎이 바닥에 살짝 닿도록 하면서 머리 위에서 바벨을 잡습니다. | Step:6 분할 자세에서 발을 다시 모아 똑바로 섭니다. | Step:7 바벨을 어깨로 다시 내리고 원하는 횟수만큼 반복합니다.",https://melo2026.s3.ap-northeast-2.amazonaws.com/workout-images/IMRsOCn.webp,weight,5.0,하체,허벅지,바벨,,바벨
iny3m5y,데드 버그,https://static.exercisedb.dev/media/iny3m5y.gif,복근,고관절 굴곡근 | lower back,"Step:1 팔을 천장 쪽으로 뻗고 바닥에 평평하게 눕습니다. | Step:2 무릎을 구부리고 다리를 들어 올려 엉덩이와 무릎에서 90도 각도를 만듭니다. | Step:3 코어와 허리를 사용하여 허리를 바닥으로 누릅니다. | Step:4 오른쪽 팔과 왼쪽 다리를 바닥 쪽으로 천천히 내리면서 곧게 펴고 바닥 바로 위로 떠 있도록 유지합니다. | Step:5 잠시 멈춘 후, 시작 자세로 돌아갑니다. | Step:6 왼쪽 팔과 오른쪽 다리로 동작을 반복합니다. | Step:7 원하는 횟수만큼 번갈아 가며 반복합니다.",https://melo2026.s3.ap-northeast-2.amazonaws.com/workout-images/iny3m5y.webp,weight,3.5,코어,허리 | 복부,맨몸,,맨몸
Ion0XWz,덤벨 플로어 리어 델트 레이즈,https://static.exercisedb.dev/media/Ion0XWz.gif,삼각근,trapezius | rhomboids,"Step:1 각 손에 덤벨을 하나씩 잡고 손바닥이 서로 마주보도록 바닥에 엎드립니다. | Step:2 팔꿈치를 살짝 구부린 상태를 유지하면서 팔을 앞쪽으로 쭉 뻗습니다. | Step:3 어깨 근육을 사용하여 팔을 위쪽과 바깥쪽으로 들어 올리면서 견갑골을 함께 조입니다. | Step:4 맨 위에서 잠시 멈춘 후, 팔을 천천히 시작 자세로 다시 내립니다. | Step:5 원하는 횟수만큼 반복합니다.",https://melo2026.s3.ap-northeast-2.amazonaws.com/workout-images/Ion0XWz.webp,weight,5.0,어깨,,덤벨,,덤벨
ioTf098,케이블 짐볼 오버헤드 컬,https://static.exercisedb.dev/media/ioTf098.gif,이두근,전완근 | 어깨,"Step:1 짐볼에 앉아 언더핸드 그립으로 케이블 핸들을 잡습니다. | Step:2 팔꿈치를 귀에 가깝게 붙인 상태를 유지하면서 팔을 머리 위로 완전히 뻗습니다. | Step:3 윗팔을 고정한 상태를 유지하면서 케이블을 이마 쪽으로 천천히 컬합니다. | Step:4 동작의 가장 낮은 지점에서 잠시 멈춘 후, 천천히 시작 자세로 돌아갑니다. | Step:5 원하는 횟수만큼 반복합니다.",https://melo2026.s3.ap-northeast-2.amazonaws.com/workout-images/ioTf098.webp,weight,5.0,팔,상완,케이블 머신,,케이블
iPm26QU,박스 점프 다운 원 레그 스테빌라이제이션,https://static.exercisedb.dev/media/iPm26QU.gif,종아리,quadriceps | 햄스트링 | 둔근,"Step:1 발을 어깨너비로 벌리고 박스나 플랫폼 앞에 섭니다. | Step:2 무릎을 구부리고 박스 위로 점프하여, 박스 위에 한 발을 딛고 다른 발은 가장자리에 걸친 상태로 부드럽게 착지합니다. | Step:3 다른 발은 땅에서 뗀 상태를 유지하면서 박스 위에 있는 발로 자세를 안정시킵니다. | Step:4 균형을 유지하기 위해 종아리 근육을 사용하여 이 자세를 몇 초간 유지합니다. | Step:5 박스 위에 있는 발로 천천히 내려와 시작 자세로 돌아갑니다. | Step:6 다른 다리로 운동을 반복합니다.",https://melo2026.s3.ap-northeast-2.amazonaws.com/workout-images/iPm26QU.webp,weight,3.5,하체,종아리,맨몸,,맨몸
IpONWYv,덤벨 사이드 밴드,https://static.exercisedb.dev/media/IpONWYv.gif,복근,obliques,"Step:1 발을 어깨너비로 벌리고 똑바로 서서 한 손에 덤벨을 잡고 옆으로 늘어뜨립니다. | Step:2 등을 곧게 펴고 코어를 유지하면서 허리에서 덤벨 반대쪽으로 천천히 옆으로 구부려, 편안하게 할 수 있는 만큼 무게를 내립니다. | Step:3 잠시 멈춘 후, 천천히 시작 자세로 돌아갑니다. | Step:4 원하는 횟수만큼 반복한 후, 반대쪽으로 바꿔 반복합니다.",https://melo2026.s3.ap-northeast-2.amazonaws.com/workout-images/IpONWYv.webp,weight,5.0,코어,허리 | 복부,덤벨,,덤벨
Iptlv6x,덤벨 업라이트 로우 (후면 시점),https://static.exercisedb.dev/media/Iptlv6x.gif,삼각근,승모근 | 이두근,"Step:1 발을 어깨너비로 벌리고 서서 각 손에 덤벨을 오버핸드 그립으로 잡습니다. | Step:2 덤벨을 허벅지 앞에 늘어뜨리고 팔을 완전히 펴고 손바닥이 몸을 향하도록 합니다. | Step:3 등을 곧게 펴고 코어를 유지하면서 숨을 내쉬고 팔꿈치를 바깥쪽으로 향하게 하면서 턱 쪽으로 덤벨을 똑바로 들어 올립니다. | Step:4 팔꿈치가 옆으로 향하도록 하면서 덤벨이 어깨 높이에 올 때까지 계속 들어 올립니다. | Step:5 맨 위에서 잠시 멈춘 후, 숨을 들이쉬면서 천천히 덤벨을 시작 자세로 다시 내립니다. | Step:6 원하는 횟수만큼 반복합니다.",https://melo2026.s3.ap-northeast-2.amazonaws.com/workout-images/Iptlv6x.webp,weight,5.0,어깨,,덤벨,,덤벨
ipvgBnC,바벨 시티드 카프 레이즈,https://static.exercisedb.dev/media/ipvgBnC.gif,종아리,햄스트링,Step:1 벤치에 앉아 발을 바닥에 평평하게 대고 허벅지에 바벨을 올립니다. | Step:2 발 앞부분을 블록이나 계단과 같은 높은 받침대에 댑니다. | Step:3 발뒤꿈치를 최대한 내리면서 종아리에서 스트레칭을 느낍니다. | Step:4 발뒤꿈치를 최대한 높이 들어 올리면서 종아리를 수축합니다. | Step:5 원하는 횟수만큼 반복합니다.,https://melo2026.s3.ap-northeast-2.amazonaws.com/workout-images/ipvgBnC.webp,weight,2.5,하체,종아리,바벨,,바벨
iQ241UP,하프 싯업,https://static.exercisedb.dev/media/iQ241UP.gif,복근,고관절 굴곡근,"Step:1 등을 대고 바닥에 누워 무릎을 구부리고 발을 바닥에 평평하게 댑니다. | Step:2 손을 머리 뒤에 대고 팔꿈치를 바깥쪽으로 향하게 합니다. | Step:3 복근에 힘을 주고 상체를 천천히 들어 올려 몸통이 45도 각도가 될 때까지 앞으로 구부립니다. | Step:4 맨 위에서 잠시 멈춘 다음, 상체를 천천히 시작 자세로 되돌립니다. | Step:5 원하는 횟수만큼 반복합니다.",https://melo2026.s3.ap-northeast-2.amazonaws.com/workout-images/iQ241UP.webp,weight,3.5,코어,허리 | 복부,맨몸,,맨몸
iqH55N8,퍼스 스타일 포워드 런지,,둔근,quadriceps | 햄스트링 | 종아리,Step:1 발을 엉덩이 너비로 벌리고 서서 엉덩이에 손을 댑니다. | Step:2 오른쪽 발을 앞으로 크게 내딛으며 몸을 런지 자세로 낮춥니다. | Step:3 오른쪽 무릎을 약 90도 구부리고 무릎이 발목과 일직선이 되도록 합니다. | Step:4 오른쪽 발로 밀고 시작 자세로 돌아옵니다. | Step:5 (퍼스 변형) 왼쪽 다리로 반복하며 원하는 횟수만큼 번갈아 가며 실시합니다.,,weight,3.5,하체,허벅지,맨몸,,맨몸
isAAZWA,사이드 투 사이드 친,https://static.exercisedb.dev/media/isAAZWA.gif,광배근,이두근 | 전완근,Step:1 발을 어깨 너비로 벌리고 서서 무릎을 살짝 구부립니다. | Step:2 어깨 너비보다 약간 넓게 오버핸드 그립으로 풀업 바를 잡습니다. | Step:3 팔을 완전히 펴고 몸을 이완시킨 상태로 바에서 매달립니다. | Step:4 팔꿈치를 구부리고 턱을 바 쪽으로 당기면서 몸을 곧게 유지하며 몸을 끌어 올립니다. | Step:5 턱이 바 위로 올라오면 시작 자세로 천천히 내려갑니다. | Step:6 원하는 횟수만큼 반복합니다.,https://melo2026.s3.ap-northeast-2.amazonaws.com/workout-images/isAAZWA.webp,weight,3.5,등,,맨몸,,맨몸
isofgzg,롤러 백 스트레치,https://static.exercisedb.dev/media/isofgzg.gif,척추,햄스트링 | 둔근,Step:1 다리를 앞으로 뻗고 바닥에 앉아 시작합니다. | Step:2 롤러를 엉덩이 바로 아래에 몸에 수직으로 놓습니다. | Step:3 롤러가 등 위쪽으로 올라가도록 몸을 천천히 뒤로 굴립니다. | Step:4 롤러가 등 위쪽에 닿을 때까지 계속 굴립니다. | Step:5 잠시 멈춘 다음 시작 자세로 천천히 되돌아갑니다. | Step:6 원하는 횟수만큼 반복합니다.,https://melo2026.s3.ap-northeast-2.amazonaws.com/workout-images/isofgzg.webp,weight,2.5,등,,폼롤러,,롤러
IU4QNJ6,퓨어 친업,,광배근,이두근 | 전완근,Step:1 손바닥이 자신을 향하도록 하고 손을 어깨 너비로 벌려 풀업 바에 매달립니다. | Step:2 코어에 힘을 주고 가슴을 앞으로 내밀며 몸을 바 쪽으로 끌어 올립니다. 순수한 컨트롤을 강조합니다. | Step:3 턱이 바 위로 올라올 때까지 계속 끌어 올립니다. | Step:4 맨 위에서 잠시 멈춘 다음 몸을 천천히 시작 자세로 되돌립니다. | Step:5 원하는 횟수만큼 반복합니다.,,weight,3.5,등,,맨몸,,맨몸
IvV6C9M,덤벨 오버 벤치 원 암 뉴트럴 리스트 컬,https://static.exercisedb.dev/media/IvV6C9M.gif,이두근,전완근,Step:1 벤치에 앉아 한 손에 덤벨을 들고 팔을 벤치 위로 뻗어 손바닥이 위를 향하도록 합니다. | Step:2 윗팔을 고정하고 손목을 중립 위치에 유지하면서 덤벨을 어깨 쪽으로 컬링합니다. | Step:3 맨 위에서 잠시 멈춘 다음 덤벨을 천천히 시작 자세로 되돌립니다. | Step:4 원하는 횟수만큼 반복한 다음 팔을 바꿉니다.,https://melo2026.s3.ap-northeast-2.amazonaws.com/workout-images/IvV6C9M.webp,weight,5.0,팔,상완,덤벨,,덤벨
IwX5NqK,케이블 리버스 프레처 컬,https://static.exercisedb.dev/media/IwX5NqK.gif,이두근,전완근,Step:1 케이블 머신을 조절하여 프레처 컬 패드가 가슴 높이에 오도록 합니다. | Step:2 프레처 컬 벤치에 앉아 윗팔을 패드에 대고 손바닥이 아래를 향하도록 하며 팔꿈치를 완전히 폅니다. | Step:3 언더핸드 그립으로 케이블 핸들을 어깨 너비로 잡습니다. | Step:4 윗팔을 고정한 상태에서 숨을 내쉬며 핸들을 어깨 쪽으로 컬링하여 이두근을 수축시킵니다. | Step:5 동작의 맨 위에서 잠시 멈추고 이두근을 짜줍니다. | Step:6 숨을 들이쉬며 팔꿈치를 완전히 펴면서 핸들을 천천히 시작 자세로 되돌립니다. | Step:7 원하는 횟수만큼 반복합니다.,https://melo2026.s3.ap-northeast-2.amazonaws.com/workout-images/IwX5NqK.webp,weight,5.0,팔,상완,케이블 머신,,케이블
IxsFgRT,케이블 유도 던지기 (정적),,복근,obliques | 어깨,Step:1 케이블 머신을 마주보고 서서 발을 어깨 너비로 벌립니다. | Step:2 양손으로 케이블 핸들을 가슴 높이에서 잡고 손바닥이 아래를 향하도록 합니다. | Step:3 코어에 힘을 주고 몸통을 오른쪽으로 회전시키면서 케이블을 몸통을 가로질러 당깁니다. | Step:4 회전하면서 뒷발을 피벗하고 엉덩이가 자연스럽게 회전하도록 합니다. 정적 컨트롤을 강조합니다. | Step:5 팔을 완전히 펴고 핸들을 어깨 위로 던지며 동작을 마무리합니다. | Step:6 움직임을 반대로 하여 시작 자세로 돌아가면서 몸통을 중앙으로 회전시킵니다. | Step:7 반대쪽에서 동작을 반복합니다. | Step:8 원하는 횟수만큼 번갈아 가며 반복합니다.,,weight,5.0,코어,허리 | 복부,케이블 머신,,케이블
iYzB0Cz,바벨 풀 스쿼트 (측면 시점),https://static.exercisedb.dev/media/iYzB0Cz.gif,둔근,quadriceps | 햄스트링 | 종아리 | 코어,"Step:1 발을 어깨 너비로 벌리고 서서 발끝을 약간 바깥쪽으로 향하게 합니다. | Step:2 바벨을 등 위쪽으로, 승모근이나 후면 삼각근에 걸칩니다. | Step:3 코어에 힘을 주고 가슴을 들어 올린 상태에서 몸을 낮추기 시작합니다. | Step:4 무릎과 엉덩이를 구부리면서 의자에 앉는 것처럼 엉덩이를 뒤로 그리고 아래로 밀어냅니다. | Step:5 허벅지가 바닥과 평행하거나 약간 아래가 될 때까지 몸을 낮춥니다. | Step:6 무릎이 발끝과 일직선이 되도록 하고 발뒤꿈치에 체중을 싣습니다. | Step:7 발뒤꿈치로 밀어 엉덩이와 무릎을 펴면서 다시 일어섭니다. | Step:8 원하는 횟수만큼 반복합니다.",https://melo2026.s3.ap-northeast-2.amazonaws.com/workout-images/iYzB0Cz.webp,weight,5.0,하체,허벅지,바벨,,바벨
izMnLqz,덤벨 얼터네이트 사이드 프레스,https://static.exercisedb.dev/media/izMnLqz.gif,삼각근,삼두근 | 코어,Step:1 발을 어깨 너비로 벌리고 서서 양손에 덤벨을 어깨 높이로 듭니다. | Step:2 다른 덤벨을 어깨 높이에 유지하면서 한 덤벨을 머리 위로 밀어 올립니다. | Step:3 밀어 올린 덤벨을 어깨 높이로 내리면서 다른 덤벨을 머리 위로 밀어 올립니다. | Step:4 원하는 횟수만큼 번갈아 가며 반복합니다.,https://melo2026.s3.ap-northeast-2.amazonaws.com/workout-images/izMnLqz.webp,weight,5.0,어깨,,덤벨,,덤벨
iZop9xO,바벨 라잉 트라이셉스 익스텐션,https://static.exercisedb.dev/media/iZop9xO.gif,삼두근,어깨,Step:1 발을 바닥에 평평하게 대고 머리를 벤치 끝에 두고 벤치에 평평하게 눕습니다. | Step:2 오버핸드 그립으로 바벨을 어깨 너비로 잡고 팔을 가슴 위로 곧게 뻗습니다. | Step:3 윗팔을 고정한 상태에서 팔꿈치를 구부려 이마 쪽으로 바벨을 천천히 내립니다. | Step:4 맨 아래에서 잠시 멈춘 다음 팔을 다시 시작 자세로 뻗어 올립니다. | Step:5 원하는 횟수만큼 반복합니다.,https://melo2026.s3.ap-northeast-2.amazonaws.com/workout-images/iZop9xO.webp,weight,5.0,팔,상완,바벨,,바벨
IZVHb27,워킹 런지,https://static.exercisedb.dev/media/IZVHb27.gif,둔근,quadriceps | 햄스트링 | 종아리,Step:1 발을 어깨 너비로 벌리고 섭니다. | Step:2 오른쪽 다리를 앞으로 내딛으며 몸을 런지 자세로 낮춥니다. | Step:3 몸통을 똑바로 세우고 앞 무릎이 발목과 일직선이 되도록 합니다. | Step:4 오른쪽 발로 밀고 왼쪽 발을 앞으로 가져와 왼쪽 다리로 런지 자세를 취합니다. | Step:5 다리를 번갈아 가며 앞으로 걸어가면서 통제되고 꾸준한 속도를 유지합니다. | Step:6 원하는 횟수만큼 반복합니다.,https://melo2026.s3.ap-northeast-2.amazonaws.com/workout-images/IZVHb27.webp,weight,3.5,하체,허벅지,맨몸,,맨몸
J1vH2X0,웨이티드 원 핸드 풀업 패스트,,광배근,이두근 | 전완근,Step:1 어깨 너비보다 약간 넓게 오버핸드 그립으로 풀업 바를 잡습니다. | Step:2 팔을 완전히 펴고 몸을 곧게 유지한 상태로 바에서 매달립니다. | Step:3 코어에 힘을 주고 팔꿈치를 구부리고 등 근육을 수축시키면서 몸을 바 쪽으로 끌어 올립니다. | Step:4 턱이 바 위로 올라올 때까지 계속 끌어 올립니다. | Step:5 (빠른 변형) 통제하면서 몸을 시작 자세로 되돌립니다. | Step:6 원하는 횟수만큼 반복합니다.,,weight,5.0,등,,기타,중량,중량
J60bN17,어시스티드 트라이셉스 딥 (니이링),https://static.exercisedb.dev/media/J60bN17.gif,삼두근,가슴 | 어깨,Step:1 원하는 무게와 높이로 머신을 조절합니다. | Step:2 머신을 향해 무릎을 꿇고 핸들을 잡습니다. | Step:3 팔꿈치를 구부려 몸을 낮추고 등을 곧게 펴고 머신에 가깝게 유지합니다. | Step:4 맨 아래에서 잠시 멈춘 다음 시작 자세로 다시 밀어 올립니다. | Step:5 원하는 횟수만큼 반복합니다.,https://melo2026.s3.ap-northeast-2.amazonaws.com/workout-images/J60bN17.webp,weight,5.0,팔,상완,머신,레버리지 머신,레버리지 머신
J6Dx1Mu,바벨 클로즈 그립 벤치 프레스,https://static.exercisedb.dev/media/J6Dx1Mu.gif,삼두근,가슴 | 어깨,Step:1 발을 바닥에 평평하게 대고 등을 벤치에 대고 벤치에 평평하게 눕습니다. | Step:2 어깨 너비보다 약간 좁게 클로즈 그립으로 바벨을 잡습니다. | Step:3 바벨을 언랙하고 팔꿈치를 몸에 가깝게 유지하면서 가슴 쪽으로 천천히 내립니다. | Step:4 바벨이 가슴에 닿으면 잠시 멈춥니다. | Step:5 팔을 완전히 펴면서 바벨을 시작 자세로 다시 밀어 올립니다. | Step:6 원하는 횟수만큼 반복합니다.,https://melo2026.s3.ap-northeast-2.amazonaws.com/workout-images/J6Dx1Mu.webp,weight,5.0,팔,상완,바벨,,바벨
j6uIfep,컨트랙티드 케틀벨 익스텐디드 레인지 원 암 프레스 온 플로어,,대흉근,삼두근 | 어깨,Step:1 바닥에 누워 무릎을 구부리고 발을 바닥에 평평하게 댑니다. | Step:2 한 손으로 케틀벨을 잡고 손바닥이 발을 향하도록 합니다. | Step:3 팔꿈치를 잠그고 손목을 곧게 편 상태를 유지하며 천장을 향해 팔을 똑바로 뻗습니다. | Step:4 움직이는 동안 통제력을 유지하며 케틀벨을 천천히 시작 위치로 다시 내립니다. | Step:5 원하는 횟수만큼 반복한 후 다른 팔로 전환합니다. 수축 제어를 강조합니다.,,weight,5.0,가슴,,케틀벨,,케틀벨
j74M6Zn,엑서사이즈 볼 온 더 월 카프 레이즈 (무릎 사이에 테니스 공),https://static.exercisedb.dev/media/j74M6Zn.gif,종아리,quadriceps | 햄스트링,Step:1 벽에 등을 대고 서서 허리와 벽 사이에 엑서사이즈 볼을 놓습니다. | Step:2 발을 어깨너비로 벌리고 약간 앞에 둡니다. | Step:3 각 손에 덤벨을 들고 팔을 옆으로 쭉 뻗습니다. | Step:4 무릎 사이에 테니스 공을 놓습니다. | Step:5 발뒤꿈치를 바닥에서 들어 올려 발끝으로 몸을 들어 올립니다. | Step:6 맨 위에서 잠시 멈춘 후 발뒤꿈치를 천천히 시작 위치로 다시 내립니다. | Step:7 원하는 횟수만큼 반복합니다.,https://melo2026.s3.ap-northeast-2.amazonaws.com/workout-images/j74M6Zn.webp,weight,5.0,하체,종아리,덤벨,,덤벨
J74XlNf,덤벨 얼터네이팅 시티드 바이셉스 컬 온 엑서사이즈 볼,https://static.exercisedb.dev/media/J74XlNf.gif,이두근,전완근,Step:1 발을 바닥에 평평하게 대고 등을 곧게 편 상태로 엑서사이즈 볼에 앉습니다. | Step:2 각 손에 덤벨을 들고 손바닥이 앞을 향하도록 하며 팔을 완전히 뻗습니다. | Step:3 윗팔을 고정한 상태에서 숨을 내쉬며 한쪽 덤벨을 컬링하고 손바닥이 어깨를 향하도록 팔뚝을 회전합니다. | Step:4 숨을 들이쉬며 덤벨을 천천히 시작 위치로 다시 내립니다. | Step:5 다른 팔로 컬을 반복합니다. | Step:6 원하는 횟수만큼 번갈아 가며 컬을 계속합니다.,https://melo2026.s3.ap-northeast-2.amazonaws.com/workout-images/J74XlNf.webp,weight,5.0,팔,상완,덤벨,,덤벨
j7XMAyn,케이블 어퍼 체스트 크로스오버,https://static.exercisedb.dev/media/j7XMAyn.gif,대흉근,deltoids | 삼두근,Step:1 가슴 높이에서 케이블에 핸들을 부착합니다. | Step:2 한 발을 다른 발보다 약간 앞에 두고 케이블 머신 중앙에 섭니다. | Step:3 손바닥이 아래를 향하도록 핸들을 잡고 팔을 옆으로 쭉 뻗습니다. | Step:4 팔꿈치를 약간 구부리고 코어에 힘을 줍니다. | Step:5 가슴 앞에서 케이블을 함께 당겨 서로 교차시킵니다. | Step:6 동작의 정점에서 가슴 근육을 쥐어짜냅니다. | Step:7 케이블을 천천히 시작 위치로 다시 풉니다. | Step:8 원하는 횟수만큼 반복합니다.,https://melo2026.s3.ap-northeast-2.amazonaws.com/workout-images/j7XMAyn.webp,weight,5.0,가슴,,케이블 머신,,케이블
j9Q5crt,워킹 온 스텝밀,https://static.exercisedb.dev/media/j9Q5crt.gif,심폐 지구력,quadriceps | 햄스트링 | 둔근 | 종아리,Step:1 스텝밀 머신을 편안한 수준으로 조절합니다. | Step:2 기계에 올라서서 손잡이를 잡고 지지합니다. | Step:3 한 발을 계단에 올리고 다른 발을 올리는 식으로 번갈아 가며 걷기 시작합니다. | Step:4 자세를 곧게 유지하고 코어 근육에 힘을 줍니다. | Step:5 원하는 시간 또는 거리만큼 계속 걷습니다. | Step:6 운동에 익숙해지면 점차 강도나 속도를 높입니다. | Step:7 운동 후에는 반드시 쿨다운과 스트레칭을 합니다.,https://melo2026.s3.ap-northeast-2.amazonaws.com/workout-images/j9Q5crt.webp,cardio,2.5,유산소,,머신,스텝밀 머신,stepmill machine
J9zIWig,워킹 하이 니 런지,https://static.exercisedb.dev/media/J9zIWig.gif,심폐 지구력,quadriceps | 햄스트링 | 둔근 | 종아리,Step:1 발을 엉덩이 너비로 벌리고 섭니다. | Step:2 왼발로 균형을 잡으면서 오른 무릎을 최대한 가슴 쪽으로 들어 올립니다. | Step:3 오른발로 앞으로 나아가며 양쪽 무릎을 90도 각도로 구부려 런지 자세를 취합니다. | Step:4 오른발로 밀고 왼 무릎을 가슴 쪽으로 들어 올립니다. | Step:5 왼발로 앞으로 나아가며 런지 자세를 취합니다. | Step:6 코어를 유지하고 일정한 속도를 유지하며 다리를 번갈아 가며 앞으로 런지합니다. | Step:7 원하는 횟수만큼 반복합니다.,https://melo2026.s3.ap-northeast-2.amazonaws.com/workout-images/J9zIWig.webp,cardio,3.5,유산소,,맨몸,,맨몸
JbC2iaV,스파인 스트레치,https://static.exercisedb.dev/media/JbC2iaV.gif,척추,햄스트링 | 둔근,Step:1 다리를 앞으로 뻗고 바닥에 앉습니다. | Step:2 손가락이 몸을 향하도록 손을 등 뒤 바닥에 댑니다. | Step:3 코어에 힘을 주고 등을 곧게 편 상태를 유지하며 천천히 뒤로 눕습니다. | Step:4 척추에서 스트레칭이 느껴질 때까지 뒤로 계속 눕습니다. | Step:5 스트레칭을 몇 초간 유지한 후 천천히 시작 위치로 돌아옵니다. | Step:6 원하는 횟수만큼 반복합니다.,https://melo2026.s3.ap-northeast-2.amazonaws.com/workout-images/JbC2iaV.webp,weight,2.5,등,,맨몸,,맨몸
jCBOdh0,러프 케이블 덱클라인 플라이,,대흉근,어깨 | 삼두근,Step:1 케이블 머신을 덱클라인 위치로 조절합니다. | Step:2 발을 어깨너비로 벌리고 머신을 향해 뒤돌아 섭니다. | Step:3 손바닥이 앞을 향하도록 핸들을 잡고 팔을 앞으로 쭉 뻗습니다. | Step:4 팔꿈치를 약간 구부린 상태를 유지하며 통제된 동작으로 팔을 옆으로 벌립니다. 거친 강도로 수행합니다. | Step:5 완전히 뻗은 위치에서 잠시 멈춘 후 천천히 시작 위치로 돌아옵니다. | Step:6 원하는 횟수만큼 반복합니다.,,weight,5.0,가슴,,케이블 머신,,케이블
jCrtE9b,원 암 슬램 (메디신 볼),https://static.exercisedb.dev/media/jCrtE9b.gif,복근,어깨 | 등,Step:1 발을 어깨너비로 벌리고 서서 메디신 볼을 한 손으로 허리 앞에 둡니다. | Step:2 무릎을 약간 구부리고 코어에 힘을 줍니다. | Step:3 팔을 완전히 뻗어 메디신 볼을 머리 위로 들어 올립니다. | Step:4 코어와 어깨를 사용하여 힘을 생성하며 메디신 볼을 바닥으로 강하게 내리칩니다. | Step:5 바운스에서 메디신 볼을 잡고 원하는 횟수만큼 반복합니다.,https://melo2026.s3.ap-northeast-2.amazonaws.com/workout-images/jCrtE9b.webp,weight,5.0,코어,허리 | 복부,기타,메디신볼,메디신볼
jdiExfW,인버티드 로우 위드 스트랩,https://static.exercisedb.dev/media/jdiExfW.gif,상부 등,이두근 | 전완근,Step:1 가슴 높이에서 서스펜션 트레이너 또는 스트랩을 설치합니다. | Step:2 앵커 포인트를 향해 서서 오버핸드 그립으로 핸들을 잡습니다. | Step:3 발을 앞으로 가져가며 몸이 기울어질 때까지 뒤로 기울입니다. | Step:4 몸을 곧게 펴고 코어에 힘을 줍니다. | Step:5 가슴을 핸들 쪽으로 당기며 견갑골을 함께 쥐어짜냅니다. | Step:6 맨 위에서 잠시 멈춘 후 천천히 시작 위치로 다시 내려갑니다. | Step:7 원하는 횟수만큼 반복합니다.,https://melo2026.s3.ap-northeast-2.amazonaws.com/workout-images/jdiExfW.webp,weight,3.5,등,,맨몸,,맨몸
jDnrkar,덤벨 인클라인 원 암 해머 프레스 온 엑서사이즈 볼,https://static.exercisedb.dev/media/jDnrkar.gif,삼두근,어깨 | 가슴,"Step:1 한 손에 덤벨을 들고 엑서사이즈 볼에 앉습니다. | Step:2 발을 앞으로 가져가며 머리, 목, 등 윗부분이 볼에 지지될 때까지 몸을 굴립니다. | Step:3 손바닥이 안쪽을 향하도록 덤벨을 잡고 팔꿈치를 90도 각도로 구부립니다. | Step:4 팔을 곧게 펴며 덤벨을 천장 쪽으로 누릅니다. | Step:5 덤벨을 천천히 시작 위치로 다시 내립니다. | Step:6 원하는 횟수만큼 반복한 후 팔을 바꿉니다.",https://melo2026.s3.ap-northeast-2.amazonaws.com/workout-images/jDnrkar.webp,weight,5.0,팔,상완,덤벨,,덤벨
jDOKRM5,사이드 라잉 플로어 스트레치,https://static.exercisedb.dev/media/jDOKRM5.gif,광배근,obliques | 둔근,Step:1 다리를 곧게 펴고 아래쪽 팔을 머리 위로 쭉 뻗은 상태로 옆으로 눕습니다. | Step:2 위쪽 무릎을 구부려 발을 아래쪽 다리 앞에 바닥에 댑니다. | Step:3 위쪽 팔을 머리 위로 뻗어 벽이나 가구와 같이 안정적인 것을 잡습니다. | Step:4 옆구리에서 스트레칭이 느껴질 때까지 아래쪽 다리를 곧게 편 상태로 바닥에서 들어 올립니다. | Step:5 스트레칭을 20-30초간 유지한 후 다리를 천천히 다시 내립니다. | Step:6 반대쪽도 반복합니다.,https://melo2026.s3.ap-northeast-2.amazonaws.com/workout-images/jDOKRM5.webp,weight,2.5,등,,맨몸,,맨몸
jeHtrlO,메디신 볼 체스트 푸시 싱글 리스폰스,https://static.exercisedb.dev/media/jeHtrlO.gif,대흉근,삼두근 | 어깨,Step:1 발을 어깨너비로 벌리고 서서 메디신 볼을 가슴 높이로 잡습니다. | Step:2 팔을 앞으로 뻗어 메디신 볼을 가슴에서 밀어냅니다. | Step:3 잠시 멈춘 후 메디신 볼을 천천히 가슴으로 다시 가져옵니다. | Step:4 원하는 횟수만큼 반복합니다.,https://melo2026.s3.ap-northeast-2.amazonaws.com/workout-images/jeHtrlO.webp,weight,5.0,가슴,,기타,메디신볼,메디신볼
JF8AkMX,스탠딩 아처,https://static.exercisedb.dev/media/JF8AkMX.gif,상부 등,어깨 | 이두근 | 전완근,"Step:1 발을 어깨너비로 벌리고 무릎을 약간 구부리고 섭니다. | Step:2 어깨 높이에서 팔을 앞으로 나란히 뻗습니다. | Step:3 팔을 뻗고 등을 곧게 편 상태를 유지하며 몸통을 오른쪽으로 회전합니다. | Step:4 회전하면서 오른팔을 앞으로, 왼팔을 뒤로 뻗어 활시위를 당기는 동작을 흉내 냅니다. | Step:5 자세를 잠시 유지한 후 시작 위치로 돌아옵니다. | Step:6 이번에는 몸통을 왼쪽으로 회전하고 왼팔을 앞으로, 오른팔을 뒤로 뻗어 동작을 반복합니다. | Step:7 원하는 횟수만큼 번갈아 가며 반복합니다.",https://melo2026.s3.ap-northeast-2.amazonaws.com/workout-images/JF8AkMX.webp,weight,3.5,등,,맨몸,,맨몸
jFtipLl,스미스 스쿼트,https://static.exercisedb.dev/media/jFtipLl.gif,둔근,quadriceps | 햄스트링 | 종아리,Step:1 스미스 머신을 스쿼트에 적합한 바벨 높이로 설정합니다. | Step:2 발을 어깨너비로 벌리고 발끝을 약간 바깥쪽으로 향하게 합니다. | Step:3 바벨을 승모근과 어깨 위에 놓고 자신을 바벨 아래에 위치시킵니다. | Step:4 어깨너비보다 약간 넓게 바벨을 잡습니다. | Step:5 코어에 힘을 주고 바벨을 언랙한 후 랙에서 벗어나기 위해 뒤로 한 걸음 이동합니다. | Step:6 가슴을 들어 올리고 등을 곧게 편 상태를 유지하며 엉덩이와 무릎을 구부려 스쿼트를 시작합니다. | Step:7 허벅지가 바닥과 평행하거나 약간 아래가 될 때까지 몸을 낮춥니다. | Step:8 바닥에서 잠시 멈춘 후 뒤꿈치를 통해 밀어 시작 위치로 돌아옵니다. | Step:9 원하는 횟수만큼 반복합니다.,https://melo2026.s3.ap-northeast-2.amazonaws.com/workout-images/jFtipLl.webp,weight,5.0,하체,허벅지,스미스 머신,,스미스 머신
jgbvVJ0,덤벨 인클라인 티-레이즈,https://static.exercisedb.dev/media/jgbvVJ0.gif,삼각근,승모근 | rhomboids,"Step:1 인클라인 벤치를 45도 각도로 조절하고, 각 손에 덤벨을 하나씩 잡고 손바닥이 서로 마주보게 앉습니다. | Step:2 앞으로 몸을 기울여 팔을 바닥에 수직이 되도록 곧게 늘어뜨립니다. | Step:3 팔을 곧게 편 상태를 유지하면서, 몸과 함께 'T'자 모양을 만들도록 바닥과 평행이 될 때까지 옆으로 들어 올립니다. | Step:4 맨 위에서 잠시 멈춘 후, 팔을 천천히 시작 자세로 다시 내립니다. | Step:5 원하는 횟수만큼 반복합니다.",https://melo2026.s3.ap-northeast-2.amazonaws.com/workout-images/jgbvVJ0.webp,weight,5.0,어깨,,덤벨,,덤벨
JGKowMS,스미스 내로우 로우,https://static.exercisedb.dev/media/JGKowMS.gif,상부 등,이두근 | rear deltoids,"Step:1 시트 높이를 조절하고 발을 바닥에 평평하게 댄 상태로 기구에 앉습니다. | Step:2 어깨너비보다 약간 좁게 오버핸드 그립으로 손잡이를 잡습니다. | Step:3 등을 곧게 펴고 가슴을 들어 올린 상태에서, 손잡이를 몸쪽으로 당기면서 견갑골을 함께 조입니다. | Step:4 동작의 최고점에서 잠시 멈춘 후, 손잡이를 천천히 시작 자세로 되돌립니다. | Step:5 원하는 횟수만큼 반복합니다.",https://melo2026.s3.ap-northeast-2.amazonaws.com/workout-images/JGKowMS.webp,weight,5.0,등,,스미스 머신,,스미스 머신
jHAnWmT,레버 인클라인 체스트 프레스,https://static.exercisedb.dev/media/jHAnWmT.gif,대흉근,어깨 | 삼두근,"Step:1 레버리지 머신의 시트와 등받이를 편안한 위치로 조절합니다. | Step:2 등받이에 등을 대고 발을 바닥에 평평하게 댄 상태로 기구에 앉습니다. | Step:3 오버핸드 그립으로 손잡이를 잡고 손은 어깨너비보다 약간 넓게 벌립니다. | Step:4 팔이 완전히 펴질 때까지 손잡이를 몸에서 앞으로 밀어냅니다. | Step:5 잠시 멈춘 후, 팔꿈치를 천천히 구부려 손잡이를 가슴 쪽으로 다시 내립니다. | Step:6 원하는 횟수만큼 반복합니다.",https://melo2026.s3.ap-northeast-2.amazonaws.com/workout-images/jHAnWmT.webp,weight,5.0,가슴,,머신,레버리지 머신,레버리지 머신
JhYSVwT,덤벨 시티드 벤치 익스텐션,https://static.exercisedb.dev/media/JhYSVwT.gif,삼두근,어깨,"Step:1 등을 곧게 펴고 발을 바닥에 평평하게 댄 상태로 벤치에 앉습니다. | Step:2 양손으로 덤벨을 잡고 팔을 머리 위로 곧게 뻗습니다. | Step:3 팔꿈치를 귀 가까이에 유지하면서 덤벨을 머리 뒤로 천천히 내립니다. | Step:4 잠시 멈춘 후, 덤벨을 시작 자세로 다시 들어 올립니다. | Step:5 원하는 횟수만큼 반복합니다.",https://melo2026.s3.ap-northeast-2.amazonaws.com/workout-images/JhYSVwT.webp,weight,5.0,팔,상완,덤벨,,덤벨
jivWf8n,덤벨 프리쳐 컬,https://static.exercisedb.dev/media/jivWf8n.gif,이두근,전완근,"Step:1 팔 윗부분을 패드에 대고 가슴을 패드에 밀착시킨 상태로 프리쳐 컬 벤치에 앉습니다. | Step:2 각 손에 덤벨을 하나씩 잡고 손바닥이 위를 향하게 하며 팔을 완전히 뻗습니다. | Step:3 팔 윗부분을 고정한 상태에서 숨을 내쉬며 이두근을 수축하면서 덤벨을 컬합니다. | Step:4 이두근이 완전히 수축되고 덤벨이 어깨 높이에 올 때까지 계속 들어 올립니다. | Step:5 이두근을 쥐어짜면서 수축된 자세를 잠시 유지합니다. | Step:6 숨을 들이쉬면서 덤벨을 천천히 시작 자세로 되돌립니다. | Step:7 원하는 횟수만큼 반복한 후, 다시 시작 자세로 돌아옵니다.",https://melo2026.s3.ap-northeast-2.amazonaws.com/workout-images/jivWf8n.webp,weight,5.0,팔,상완,덤벨,,덤벨
jjUPrze,스미스 스탠딩 밀리터리 프레스,https://static.exercisedb.dev/media/jjUPrze.gif,삼각근,삼두근 | 상부 등,"Step:1 발을 어깨너비로 벌리고 무릎을 살짝 구부리고 섭니다. | Step:2 어깨너비보다 약간 넓게 오버핸드 그립으로 바벨을 잡습니다. | Step:3 바벨을 랙에서 들어 올려 어깨 높이로 가져옵니다. 이때 손바닥은 앞을 향하게 합니다. | Step:4 팔이 머리 위로 완전히 펴질 때까지 바벨을 위로 밀어 올립니다. | Step:5 맨 위에서 잠시 멈춘 후, 바벨을 천천히 어깨 높이로 다시 내립니다. | Step:6 원하는 횟수만큼 반복합니다.",https://melo2026.s3.ap-northeast-2.amazonaws.com/workout-images/jjUPrze.webp,weight,5.0,어깨,,스미스 머신,,스미스 머신
jK2hZ6n,덤벨 원 암 시티드 해머 컬,https://static.exercisedb.dev/media/jK2hZ6n.gif,이두근,전완근,"Step:1 등을 곧게 펴고 발을 바닥에 평평하게 댄 상태로 벤치에 앉습니다. | Step:2 한 손으로 덤벨을 잡고 뉴트럴 그립(손바닥이 서로 마주보게)으로 잡습니다. | Step:3 팔꿈치를 허벅지 안쪽, 무릎 바로 위쪽에 댑니다. | Step:4 팔 윗부분을 고정한 상태에서 숨을 내쉬며 덤벨을 어깨 쪽으로 컬합니다. | Step:5 맨 위에서 잠시 멈추면서 이두근을 쥐어짭니다. | Step:6 숨을 들이쉬면서 덤벨을 천천히 시작 자세로 되돌립니다. | Step:7 원하는 횟수만큼 반복한 후, 반대쪽 팔로 바꿉니다.",https://melo2026.s3.ap-northeast-2.amazonaws.com/workout-images/jK2hZ6n.webp,weight,5.0,팔,상완,덤벨,,덤벨
jl6uxZV,밴드 투 레그 카프 레이즈 - (밴드 언더 보스 레그스) v. 2,https://static.exercisedb.dev/media/jl6uxZV.gif,종아리,ankles | feet,"Step:1 발을 어깨너비로 벌리고 서서 저항 밴드를 양 발 아래에 놓습니다. | Step:2 안정성을 위해 손으로 밴드 끝을 잡습니다. | Step:3 종아리를 사용하여 발뒤꿈치를 가능한 한 높이 들어 올립니다. | Step:4 맨 위에서 잠시 멈춘 후, 발뒤꿈치를 천천히 시작 자세로 다시 내립니다. | Step:5 원하는 횟수만큼 반복합니다.",https://melo2026.s3.ap-northeast-2.amazonaws.com/workout-images/jl6uxZV.webp,weight,5.0,하체,종아리,밴드,,밴드
JmMVpR3,와이드 핸드 푸시업,https://static.exercisedb.dev/media/JmMVpR3.gif,대흉근,삼두근 | 어깨,Step:1 손을 어깨너비보다 넓게 벌린 하이 플랭크 자세로 시작합니다. | Step:2 머리부터 발끝까지 몸을 일직선으로 유지합니다. | Step:3 팔꿈치를 옆구리에 가깝게 유지하면서 팔꿈치를 구부려 가슴을 바닥 쪽으로 내립니다. | Step:4 손바닥으로 밀어 팔을 펴고 시작 자세로 돌아옵니다. | Step:5 원하는 횟수만큼 반복합니다.,https://melo2026.s3.ap-northeast-2.amazonaws.com/workout-images/JmMVpR3.webp,weight,3.5,가슴,,맨몸,,맨몸
jNU1gFQ,아웃사이드 레그 킥 푸시업,https://static.exercisedb.dev/media/jNU1gFQ.gif,둔근,quadriceps | 햄스트링 | 종아리,"Step:1 손을 어깨너비보다 약간 넓게 벌리고 발을 모은 푸시업 자세로 시작합니다. | Step:2 등을 곧게 펴고 코어를 고정한 상태에서 팔꿈치를 구부려 몸을 바닥 쪽으로 내립니다. | Step:3 다시 밀어 올리면서 한쪽 다리를 옆으로 차내어 완전히 뻗고 둔근을 사용합니다. | Step:4 다리를 시작 자세로 되돌리고, 각 반복마다 다리를 번갈아 가며 푸시업을 반복합니다. | Step:5 원하는 횟수만큼 반복할 때까지 다리 차기와 푸시업을 번갈아 가며 계속합니다.",https://melo2026.s3.ap-northeast-2.amazonaws.com/workout-images/jNU1gFQ.webp,weight,3.5,하체,허벅지,맨몸,,맨몸
JOZhu2h,케이블 스탠딩 트위스트 로우 (v-바),https://static.exercisedb.dev/media/JOZhu2h.gif,상부 등,이두근 | 어깨,Step:1 케이블 머신에 가슴 높이로 v-바 부착물을 연결합니다. | Step:2 발을 어깨너비로 벌리고 케이블 머신을 마주보고 섭니다. | Step:3 손바닥이 아래를 향하도록 오버핸드 그립으로 v-바를 잡습니다. | Step:4 케이블에 장력이 생기도록 한 걸음 뒤로 물러섭니다. | Step:5 운동 내내 등을 곧게 펴고 코어를 고정합니다. | Step:6 견갑골을 당기고 팔꿈치를 구부려 v-바를 몸통 쪽으로 당깁니다. | Step:7 당기면서 몸통을 한쪽으로 비틀어 견갑골을 함께 조입니다. | Step:8 동작의 맨 위에서 잠시 멈추어 등 상부의 수축을 느낍니다. | Step:9 천천히 장력을 풀고 몸통을 풀면서 시작 자세로 돌아갑니다. | Step:10 각 반복마다 비트는 방향을 번갈아 가며 원하는 횟수만큼 동작을 반복합니다.,https://melo2026.s3.ap-northeast-2.amazonaws.com/workout-images/JOZhu2h.webp,weight,5.0,등,,케이블 머신,,케이블
jpgqxiS,케이블 스탠딩 크런치,https://static.exercisedb.dev/media/jpgqxiS.gif,복근,obliques,"Step:1 높은 도르래에 케이블 핸들을 부착하고 머신을 등지고 섭니다. | Step:2 양손으로 핸들을 잡고 머리 뒤에 둡니다. 이때 팔꿈치를 구부립니다. | Step:3 발을 어깨너비로 벌리고 무릎을 살짝 구부리고 섭니다. | Step:4 복근을 고정한 상태에서 숨을 내쉬며 팔꿈치를 허벅지 쪽으로 가져가면서 몸통을 무릎 쪽으로 크런치합니다. | Step:5 동작의 맨 아래에서 잠시 멈춘 후, 천천히 시작 자세로 돌아갑니다. | Step:6 원하는 횟수만큼 반복합니다.",https://melo2026.s3.ap-northeast-2.amazonaws.com/workout-images/jpgqxiS.webp,weight,5.0,코어,허리 | 복부,케이블 머신,,케이블
jQGwmxN,트랩 바 데드리프트,https://static.exercisedb.dev/media/jQGwmxN.gif,둔근,햄스트링 | quadriceps | lower back,Step:1 발을 어깨너비로 벌리고 트랩 바를 앞에 두고 땅에 놓습니다. | Step:2 엉덩이와 무릎을 구부려 내려가서 오버핸드 그립으로 트랩 바의 손잡이를 잡습니다. | Step:3 등을 곧게 펴고 가슴을 들어 올린 상태에서 엉덩이와 무릎을 펴면서 트랩 바를 땅에서 들어 올리기 시작합니다. | Step:4 들어 올리면서 발뒤꿈치로 밀고 동작의 맨 위에서 둔근을 쥐어짜는 데 집중합니다. | Step:5 엉덩이와 무릎을 구부려 트랩 바를 땅으로 다시 내립니다. 이때 등을 전체적으로 곧게 유지합니다. | Step:6 원하는 횟수만큼 반복합니다.,https://melo2026.s3.ap-northeast-2.amazonaws.com/workout-images/jQGwmxN.webp,weight,5.0,하체,허벅지,바벨,,trap bar
JrOHAZc,바벨 스티프 레그 굿모닝,https://static.exercisedb.dev/media/JrOHAZc.gif,둔근,햄스트링 | lower back,"Step:1 발을 어깨너비로 벌리고 무릎을 살짝 구부리고 섭니다. | Step:2 바벨을 등 위쪽으로, 승모근 위에 올려놓고 잡습니다. | Step:3 등을 곧게 편 상태에서 엉덩이를 뒤로 밀면서 엉덩이에서 앞으로 몸을 접습니다. | Step:4 몸통이 바닥과 평행이 될 때까지 내립니다. 이때 햄스트링의 스트레칭을 느낍니다. | Step:5 둔근과 햄스트링을 사용하여 시작 자세로 돌아갑니다. | Step:6 원하는 횟수만큼 반복합니다.",https://melo2026.s3.ap-northeast-2.amazonaws.com/workout-images/JrOHAZc.webp,weight,2.5,하체,허벅지,바벨,,바벨
Jsgsc27,바벨 원 암 벤트 오버 로우,https://static.exercisedb.dev/media/Jsgsc27.gif,상부 등,이두근 | 전완근,"Step:1 발을 어깨너비로 벌리고 무릎을 살짝 구부린 상태에서 한 손으로 바벨을 오버핸드 그립으로 잡습니다. | Step:2 등을 곧게 펴고 머리를 중립 위치에 둔 상태에서 엉덩이에서 앞으로 몸을 구부립니다. | Step:3 팔꿈치를 몸에 가깝게 유지하고 견갑골을 함께 조이면서 바벨을 가슴 쪽으로 당깁니다. | Step:4 제어된 방식으로 바벨을 시작 자세로 다시 내립니다. | Step:5 원하는 횟수만큼 반복한 후, 반대쪽 팔로 바꿉니다.",https://melo2026.s3.ap-northeast-2.amazonaws.com/workout-images/Jsgsc27.webp,weight,5.0,등,,바벨,,바벨
JsKq9so,바벨 와이드 벤치 프레스,https://static.exercisedb.dev/media/JsKq9so.gif,대흉근,어깨 | 삼두근,Step:1 벤치에 평평하게 누워 발을 바닥에 대고 등을 벤치에 밀착시킵니다. | Step:2 어깨 너비보다 약간 넓게 바벨을 잡습니다. | Step:3 랙에서 바벨을 들어 올려 가슴 바로 위에 팔을 완전히 뻗은 상태로 잡습니다. | Step:4 팔꿈치를 약간 벌린 상태를 유지하며 바벨을 가슴 쪽으로 천천히 내립니다. | Step:5 바벨이 가슴에 닿으면 잠시 멈춘 후 시작 자세로 다시 밀어 올립니다. | Step:6 원하는 횟수만큼 반복합니다.,https://melo2026.s3.ap-northeast-2.amazonaws.com/workout-images/JsKq9so.webp,weight,5.0,가슴,,바벨,,바벨
JsOV1SU,웨이티드 머슬업,https://static.exercisedb.dev/media/JsOV1SU.gif,광배근,이두근 | 삼두근 | 어깨 | 가슴,Step:1 풀업 바에 매달려 손바닥이 몸에서 멀어지도록 하고 손은 어깨 너비보다 약간 넓게 잡습니다. | Step:2 코어에 힘을 주고 가슴을 앞으로 내밀며 몸을 바 쪽으로 당깁니다. | Step:3 동작의 맨 위에서 그립을 전환하여 손바닥이 몸 쪽을 향하도록 합니다. | Step:4 가슴이 바에 닿을 때까지 계속 당긴 후 잠시 멈춥니다. | Step:5 동작 내내 통제력을 유지하며 시작 자세로 천천히 내려갑니다. | Step:6 원하는 횟수만큼 반복합니다.,https://melo2026.s3.ap-northeast-2.amazonaws.com/workout-images/JsOV1SU.webp,weight,5.0,등,,기타,중량,중량
jtFKbt5,이지 바벨 시티드 컬,https://static.exercisedb.dev/media/jtFKbt5.gif,이두근,전완근,Step:1 벤치에 앉아 발을 바닥에 대고 등을 곧게 폅니다. | Step:2 손바닥이 위를 향하도록 언더핸드 그립으로 이지 바벨을 잡고 손은 어깨 너비로 벌립니다. | Step:3 윗팔을 허벅지에 대고 이지 바벨을 앞에 늘어뜨립니다. | Step:4 윗팔을 고정한 상태에서 숨을 내쉬며 이지 바벨을 어깨 쪽으로 컬링합니다. | Step:5 맨 위에서 잠시 멈추며 이두근을 쥐어짭니다. | Step:6 숨을 들이쉬며 이지 바벨을 시작 자세로 천천히 내립니다. | Step:7 원하는 횟수만큼 반복합니다.,https://melo2026.s3.ap-northeast-2.amazonaws.com/workout-images/jtFKbt5.webp,weight,5.0,팔,상완,바벨,,EZ 바벨
jTkSc6o,사이드 힙 (패러럴 바),https://static.exercisedb.dev/media/jTkSc6o.gif,복근,obliques | 고관절 굴곡근,Step:1 두 개의 패러럴 바 사이에 서서 발을 어깨 너비로 벌립니다. | Step:2 바에 손을 대고 팔로 체중을 지탱하며 몸을 땅에서 들어 올립니다. | Step:3 복근에 힘을 주고 다리를 곧게 편 상태로 옆으로 천천히 들어 올립니다. | Step:4 맨 위에서 잠시 멈춘 후 다리를 시작 자세로 천천히 내립니다. | Step:5 원하는 횟수만큼 반복합니다.,https://melo2026.s3.ap-northeast-2.amazonaws.com/workout-images/jTkSc6o.webp,weight,3.5,코어,허리 | 복부,맨몸,,맨몸
jV65tKx,견갑골 푸시업,https://static.exercisedb.dev/media/jV65tKx.gif,전거근,삼두근 | 어깨,Step:1 손을 어깨 바로 아래에 두고 몸을 일직선으로 유지하는 하이 플랭크 자세로 시작합니다. | Step:2 팔꿈치를 몸에 가깝게 붙인 상태로 가슴을 바닥 쪽으로 내립니다. | Step:3 내리면서 날개뼈를 함께 쥐어짜고 가슴을 앞으로 밀어냅니다. | Step:4 맨 아래에서 잠시 멈춘 후 시작 자세로 다시 밀어 올립니다. | Step:5 원하는 횟수만큼 반복합니다.,https://melo2026.s3.ap-northeast-2.amazonaws.com/workout-images/jV65tKx.webp,weight,3.5,가슴,,맨몸,,맨몸
jvEXp4N,웨이티드 원 암 딥,,삼두근,가슴 | 어깨,Step:1 벤치나 의자 앞에 서서 발을 어깨 너비로 벌립니다. | Step:2 손가락이 몸 쪽을 향하도록 한 손을 뒤쪽 벤치나 의자에 댑니다. 동작 내내 지구력 자세를 유지합니다. | Step:3 발뒤꿈치를 바닥에 대고 다리를 앞으로 뻗습니다. | Step:4 팔꿈치를 구부리고 등을 벤치나 의자에 가깝게 붙인 상태로 몸을 바닥 쪽으로 내립니다. | Step:5 맨 아래에서 잠시 멈춘 후 손바닥으로 밀어 팔을 펴고 시작 자세로 돌아옵니다. | Step:6 원하는 횟수만큼 반복한 후 반대쪽으로 바꿔 반복합니다.,,weight,3.5,팔,상완,맨몸,,맨몸
jvp6DiD,엘보우 투 니,https://static.exercisedb.dev/media/jvp6DiD.gif,복근,obliques,"Step:1 등을 대고 누워 무릎을 구부리고 발을 바닥에 댑니다. | Step:2 손을 머리 뒤에 대고 팔꿈치를 바깥쪽으로 향하게 합니다. | Step:3 복근에 힘을 주고 상체를 들어 올려 오른쪽 팔꿈치를 왼쪽 무릎 쪽으로 가져옵니다. | Step:4 동시에 왼쪽 무릎을 오른쪽 팔꿈치 쪽으로 가져와 비틀기 동작을 만듭니다. | Step:5 맨 위에서 잠시 멈춘 후 상체를 천천히 내리고 다리를 시작 자세로 뻗습니다. | Step:6 이번에는 왼쪽 팔꿈치를 오른쪽 무릎 쪽으로, 오른쪽 무릎을 왼쪽 팔꿈치 쪽으로 가져오며 동작을 반복합니다. | Step:7 원하는 횟수만큼 번갈아 가며 계속 반복합니다.",https://melo2026.s3.ap-northeast-2.amazonaws.com/workout-images/jvp6DiD.webp,weight,3.5,코어,허리 | 복부,맨몸,,맨몸
JWjujiY,덤벨 원 암 프론 컬,https://static.exercisedb.dev/media/JWjujiY.gif,이두근,전완근,Step:1 덤벨을 한 손에 들고 손바닥이 아래를 향하도록 하여 평평한 벤치에 엎드립니다. | Step:2 팔을 완전히 뻗어 바닥을 향해 곧게 늘어뜨립니다. | Step:3 윗팔을 고정한 상태에서 이두근을 수축하며 덤벨을 어깨 쪽으로 컬링합니다. | Step:4 맨 위에서 잠시 멈춘 후 덤벨을 시작 자세로 천천히 내립니다. | Step:5 원하는 횟수만큼 반복한 후 반대쪽 팔로 바꿔 반복합니다.,https://melo2026.s3.ap-northeast-2.amazonaws.com/workout-images/JWjujiY.webp,weight,5.0,팔,상완,덤벨,,덤벨
JxrY9mC,스태빌리티 스타일 밴드 니링 원 암 풀다운,,광배근,이두근 | rhomboids,Step:1 밴드를 머리 위 튼튼한 고정 지점에 부착합니다. | Step:2 무릎을 꿇고 손바닥이 아래를 향하도록 밴드를 한 손으로 잡습니다. | Step:3 팔꿈치를 약간 구부린 상태로 팔을 머리 위로 완전히 뻗습니다. | Step:4 광배근에 힘을 주고 팔꿈치를 갈비뼈 쪽으로 가져오며 밴드를 옆구리 쪽으로 당깁니다. | Step:5 맨 아래에서 잠시 멈춘 후 천천히 긴장을 풀고 시작 자세로 돌아갑니다. | Step:6 원하는 횟수만큼 반복한 후 반대쪽으로 바꿔 반복합니다. 안정적인 강도로 수행합니다.,,weight,3.5,등,,밴드,,밴드
JymLInS,덤벨 인클라인 슈러그,https://static.exercisedb.dev/media/JymLInS.gif,승모근,어깨,Step:1 인클라인 벤치를 45도 각도로 설정하고 각 손에 덤벨을 들고 앉습니다. | Step:2 발을 바닥에 대고 손바닥이 몸 쪽을 향하도록 팔을 아래로 곧게 늘어뜨립니다. | Step:3 팔을 곧게 편 상태로 어깨를 귀 쪽으로 최대한 높이 으쓱합니다. | Step:4 수축을 잠시 유지한 후 어깨를 시작 자세로 천천히 내립니다. | Step:5 원하는 횟수만큼 반복합니다.,https://melo2026.s3.ap-northeast-2.amazonaws.com/workout-images/JymLInS.webp,weight,5.0,등,,덤벨,,덤벨
JzQbv7J,덤벨 시티드 벤트 암 레터럴 레이즈,https://static.exercisedb.dev/media/JzQbv7J.gif,삼각근,trapezius | rhomboids,Step:1 벤치에 앉아 등을 곧게 펴고 발을 바닥에 댑니다. | Step:2 각 손에 덤벨을 들고 손바닥이 몸 쪽을 향하도록 하며 팔꿈치를 90도 각도로 구부립니다. | Step:3 팔꿈치를 구부린 상태를 유지하며 팔을 옆으로 들어 올려 바닥과 평행이 되도록 합니다. | Step:4 맨 위에서 잠시 멈춘 후 팔을 시작 자세로 천천히 내립니다. | Step:5 원하는 횟수만큼 반복합니다.,https://melo2026.s3.ap-northeast-2.amazonaws.com/workout-images/JzQbv7J.webp,weight,5.0,어깨,,덤벨,,덤벨
JZuApnB,웨이티드 스쿼트,https://static.exercisedb.dev/media/JZuApnB.gif,둔근,quadriceps | 햄스트링 | 종아리,Step:1 발을 어깨 너비로 벌리고 발끝을 약간 바깥쪽으로 향하게 섭니다. | Step:2 가슴 앞이나 어깨에 무게를 듭니다. | Step:3 코어에 힘을 주고 가슴을 편 상태로 엉덩이를 뒤로 낮추며 의자에 앉는 것처럼 내려갑니다. | Step:4 허벅지가 바닥과 평행이 되거나 편안하게 내려갈 수 있는 만큼 낮춥니다. | Step:5 발뒤꿈치로 밀어 다시 일어서며 맨 위에서 둔근을 쥐어짭니다. | Step:6 원하는 횟수만큼 반복합니다.,https://melo2026.s3.ap-northeast-2.amazonaws.com/workout-images/JZuApnB.webp,weight,5.0,하체,허벅지,기타,중량,중량
K1vlode,웨이티드 트라이셉스 딥 (하이 패러럴 바),https://static.exercisedb.dev/media/K1vlode.gif,삼두근,가슴 | 어깨,Step:1 두 개의 패러럴 바 사이에 서서 바를 잡고 팔을 완전히 뻗습니다. | Step:2 팔꿈치를 구부리고 윗팔이 바닥과 평행이 될 때까지 몸을 내립니다. | Step:3 잠시 멈춘 후 손바닥으로 밀어 팔을 펴고 시작 자세로 돌아옵니다. | Step:4 원하는 횟수만큼 반복합니다.,https://melo2026.s3.ap-northeast-2.amazonaws.com/workout-images/K1vlode.webp,weight,5.0,팔,상완,기타,중량,중량
K3dIO25,덤벨 라잉 원 암 프레스 v. 2,https://static.exercisedb.dev/media/K3dIO25.gif,대흉근,삼두근 | 어깨,Step:1 등을 지지하는 벤치에 평평하게 눕고 발을 바닥에 댑니다. | Step:2 한 손에 덤벨을 들고 손바닥이 발 쪽을 향하도록 합니다. | Step:3 팔꿈치를 약간 구부린 상태로 팔을 천장으로 곧게 뻗습니다. | Step:4 팔꿈치를 몸에 가깝게 붙인 상태로 덤벨을 가슴 쪽으로 천천히 내립니다. | Step:5 맨 아래에서 잠시 멈춘 후 덤벨을 시작 자세로 다시 밀어 올립니다. | Step:6 원하는 횟수만큼 반복한 후 반대쪽 팔로 바꿔 반복합니다.,https://melo2026.s3.ap-northeast-2.amazonaws.com/workout-images/K3dIO25.webp,weight,5.0,가슴,,덤벨,,덤벨
k5IpyHg,덤벨 원 암 컨센트레이션 컬 (스태빌리티 볼),https://static.exercisedb.dev/media/k5IpyHg.gif,이두근,전완근,Step:1 발을 바닥에 대고 무릎을 90도 각도로 구부린 상태로 스태빌리티 볼에 앉습니다. | Step:2 한 손에 덤벨을 들고 손바닥이 위를 향하도록 하며 팔을 바닥 쪽으로 늘어뜨립니다. | Step:3 팔꿈치를 무릎 바로 위 허벅지 안쪽에 댑니다. | Step:4 윗팔을 고정한 상태에서 숨을 내쉬며 이두근을 수축하며 덤벨을 어깨 쪽으로 컬링합니다. | Step:5 동작의 맨 위에서 잠시 멈춘 후 숨을 들이쉬며 덤벨을 시작 자세로 천천히 내립니다. | Step:6 원하는 횟수만큼 반복한 후 반대쪽 팔로 바꿔 반복합니다.,https://melo2026.s3.ap-northeast-2.amazonaws.com/workout-images/k5IpyHg.webp,weight,5.0,팔,상완,덤벨,,덤벨
K5xgdvI,리클라이닝 빅 토 포즈 위드 로프,https://static.exercisedb.dev/media/K5xgdvI.gif,햄스트링,종아리 | 둔근,"Step:1 등을 대고 누워 다리를 펴고 팔은 옆구리에 둡니다. | Step:2 로프를 오른쪽 발바닥에 걸고 손으로 로프 끝을 잡습니다. | Step:3 무릎을 곧게 펴고 발을 플렉스한 상태로 오른쪽 다리를 가슴 쪽으로 천천히 들어 올립니다. | Step:4 스트레칭을 몇 초간 유지한 다음, 다리를 천천히 시작 자세로 내립니다. | Step:5 왼쪽 다리로 반복합니다. | Step:6 원하는 횟수만큼 다리를 번갈아 가며 반복합니다.",https://melo2026.s3.ap-northeast-2.amazonaws.com/workout-images/K5xgdvI.webp,weight,2.5,하체,허벅지,기타,로프,로프
k6tUeqS,밴드 언더핸드 풀다운,https://static.exercisedb.dev/media/k6tUeqS.gif,광배근,이두근 | 전완근,"Step:1 풀업 바 또는 튼튼한 보와 같은 높은 고정 지점에 밴드를 부착합니다. | Step:2 발을 어깨너비로 벌리고 고정 지점을 향해 섭니다. | Step:3 손을 어깨너비보다 약간 넓게 벌려 언더핸드 그립으로 밴드를 잡습니다. | Step:4 팔꿈치를 약간 구부린 상태로 팔을 머리 위로 완전히 뻗습니다. | Step:5 광배근을 사용하여 밴드를 가슴 쪽으로 당기면서 날개뼈를 함께 조입니다. | Step:6 동작 하단에서 잠시 멈춘 다음, 천천히 긴장을 풀고 시작 자세로 돌아갑니다. | Step:7 원하는 횟수만큼 반복합니다.",https://melo2026.s3.ap-northeast-2.amazonaws.com/workout-images/k6tUeqS.webp,weight,3.5,등,,밴드,,밴드
K9VL0Jq,런지 위드 트위스트,https://static.exercisedb.dev/media/K9VL0Jq.gif,복근,quadriceps | 둔근 | 햄스트링,Step:1 발을 어깨너비로 벌리고 서서 시작합니다. | Step:2 오른쪽 발을 앞으로 내딛으며 몸을 런지 자세로 낮춥니다. | Step:3 런지하면서 몸통을 오른쪽으로 비틀어 왼쪽 팔꿈치를 오른쪽 무릎 쪽으로 가져갑니다. | Step:4 잠시 멈춘 다음 시작 자세로 돌아갑니다. | Step:5 왼쪽 발을 앞으로 내딛고 몸통을 왼쪽으로 비틀어 반대쪽에서 반복합니다. | Step:6 원하는 횟수만큼 번갈아 가며 반복합니다.,https://melo2026.s3.ap-northeast-2.amazonaws.com/workout-images/K9VL0Jq.webp,weight,3.5,코어,허리 | 복부,맨몸,,맨몸
Kal9cQQ,케틀벨 어드밴스드 윈드밀,https://static.exercisedb.dev/media/Kal9cQQ.gif,복근,obliques | 어깨,"Step:1 발을 어깨너비보다 넓게 벌리고 발끝을 약간 바깥쪽으로 향하게 합니다. | Step:2 오른쪽 손에 케틀벨을 들고 팔을 머리 위로 뻗어 손바닥이 앞을 향하게 합니다. | Step:3 왼쪽 발을 오른쪽으로 약간 회전시키고 체중을 왼쪽 다리로 옮깁니다. | Step:4 왼쪽 무릎을 구부리고 엉덩이를 접어 몸통을 왼쪽으로 낮춥니다. | Step:5 오른쪽 팔을 머리 위로 뻗은 상태를 유지하고 시선은 케틀벨에 고정합니다. | Step:6 몸통을 낮추면서 오른쪽 다리를 펴고 오른쪽 발이 약간 회전하도록 합니다. | Step:7 왼쪽 햄스트링에 스트레칭이 느껴지고 오른쪽 팔이 바닥을 향할 때까지 몸통을 낮춥니다. | Step:8 잠시 멈춘 다음, 코어를 사용하여 왼쪽 발뒤꿈치로 밀어 시작 자세로 돌아옵니다. | Step:9 원하는 횟수만큼 반복한 다음, 반대쪽으로 전환합니다.",https://melo2026.s3.ap-northeast-2.amazonaws.com/workout-images/Kal9cQQ.webp,weight,2.5,코어,허리 | 복부,케틀벨,,케틀벨
KCBKjma,밴드 잭나이프 싯업,https://static.exercisedb.dev/media/KCBKjma.gif,복근,고관절 굴곡근,"Step:1 등을 대고 바닥에 평평하게 누워 다리를 펴고 팔을 머리 위로 뻗어 밴드를 잡습니다. | Step:2 복근을 사용하여 다리와 상체를 동시에 들어 올려 손을 발 쪽으로 가져갑니다. | Step:3 상단에서 잠시 멈춘 다음, 다리와 상체를 천천히 시작 자세로 다시 내립니다. | Step:4 원하는 횟수만큼 반복합니다.",https://melo2026.s3.ap-northeast-2.amazonaws.com/workout-images/KCBKjma.webp,weight,3.5,코어,허리 | 복부,밴드,,밴드
KenZJQV,바벨 하이 바 스쿼트 코어,,둔근,quadriceps | 햄스트링 | 종아리 | 코어,"Step:1 발을 어깨너비로 벌리고 발끝을 약간 바깥쪽으로 향하게 합니다. | Step:2 바벨을 등 위쪽, 승모근 위에 올려놓습니다. | Step:3 코어를 사용하고 가슴을 편 상태를 유지하며 엉덩이를 뒤로 밀고 무릎을 구부려 스쿼트 자세로 내려갑니다. 코어 강도를 높여 수행합니다. | Step:4 허벅지가 바닥과 평행이 될 때까지 또는 편안하게 갈 수 있는 만큼 낮춥니다. | Step:5 발뒤꿈치로 밀어 엉덩이와 무릎을 펴면서 다시 일어섭니다. | Step:6 원하는 횟수만큼 반복합니다.",,weight,5.0,하체,허벅지,바벨,,바벨
kesXOpB,케이블 덱클라인 시티드 와이드 그립 로우,https://static.exercisedb.dev/media/kesXOpB.gif,상부 등,이두근 | 전완근,"Step:1 발을 발판에 단단히 고정하고 덱클라인 벤치에 앉아 케이블 머신을 향합니다. | Step:2 손바닥이 아래를 향하도록 와이드 오버핸드 그립으로 케이블 부착물을 잡습니다. | Step:3 등을 곧게 펴고 코어를 사용한 상태를 유지하며 약간 뒤로 기울입니다. | Step:4 케이블을 하부 가슴 쪽으로 당기면서 날개뼈를 함께 조입니다. | Step:5 수축의 정점에서 잠시 멈춘 다음, 천천히 케이블을 시작 자세로 되돌립니다. | Step:6 원하는 횟수만큼 반복합니다.",https://melo2026.s3.ap-northeast-2.amazonaws.com/workout-images/kesXOpB.webp,weight,5.0,등,,케이블 머신,,케이블
KgI0tqW,바벨 스모 데드리프트,https://static.exercisedb.dev/media/KgI0tqW.gif,둔근,햄스트링 | quadriceps | lower back,"Step:1 발을 어깨너비보다 넓게 벌리고 발끝을 바깥쪽으로 향하게 합니다. | Step:2 바벨을 발 사이에 두고 앞에 놓습니다. | Step:3 무릎을 구부리고 엉덩이를 낮추면서 등을 곧게 펴고 가슴을 들어 바벨을 오버핸드 그립으로 잡습니다. | Step:4 코어를 사용하고 발뒤꿈치로 밀어 엉덩이와 무릎을 동시에 펴면서 바벨을 들어 올립니다. | Step:5 들어 올릴 때 가슴을 펴고 등을 곧게 유지하며 엉덩이를 앞으로 밀어 둔근을 완전히 사용합니다. | Step:6 상단에서 잠시 멈춘 다음, 동작 내내 통제력을 유지하며 천천히 바벨을 시작 자세로 되돌립니다. | Step:7 원하는 횟수만큼 반복합니다.",https://melo2026.s3.ap-northeast-2.amazonaws.com/workout-images/KgI0tqW.webp,weight,5.0,하체,허벅지,바벨,,바벨
KHGNa16,케이블 덱클라인 원 암 프레스,https://static.exercisedb.dev/media/KHGNa16.gif,대흉근,삼두근 | 어깨,"Step:1 케이블 머신을 덱클라인 위치로 조정합니다. | Step:2 머신을 등지고 서서 한 손으로 핸들을 잡습니다. | Step:3 팔을 앞으로 쭉 뻗은 상태로 덱클라인 벤치에 등을 대고 위치합니다. | Step:4 팔꿈치를 구부려 윗팔을 고정한 상태로 핸들을 가슴 쪽으로 낮춥니다. | Step:5 하단에서 잠시 멈춘 다음, 핸들을 시작 자세로 다시 밀어 올립니다. | Step:6 원하는 횟수만큼 반복한 다음, 반대쪽 팔로 전환합니다.",https://melo2026.s3.ap-northeast-2.amazonaws.com/workout-images/KHGNa16.webp,weight,5.0,가슴,,케이블 머신,,케이블
KhHJ338,푸시업 투 사이드 플랭크,https://static.exercisedb.dev/media/KhHJ338.gif,복근,어깨 | 가슴 | 삼두근,Step:1 손을 어깨너비로 벌리고 몸이 일직선이 되도록 푸시업 자세로 시작합니다. | Step:2 코어를 사용한 상태를 유지하며 팔꿈치를 구부려 몸을 바닥 쪽으로 낮춥니다. | Step:3 시작 자세로 다시 밀어 올립니다. | Step:4 체중을 왼손으로 옮기고 몸을 오른쪽으로 회전시키며 오른팔을 천장 쪽으로 들어 올립니다. | Step:5 사이드 플랭크 자세를 몇 초간 유지한 다음 시작 자세로 돌아갑니다. | Step:6 반대쪽에서 푸시업과 사이드 플랭크를 반복합니다. | Step:7 원하는 횟수만큼 번갈아 가며 반복합니다.,https://melo2026.s3.ap-northeast-2.amazonaws.com/workout-images/KhHJ338.webp,weight,3.5,코어,허리 | 복부,맨몸,,맨몸
khlHMqs,밴드 벤치 프레스,https://static.exercisedb.dev/media/khlHMqs.gif,대흉근,삼두근 | 어깨,Step:1 발을 바닥에 대고 등을 벤치에 대고 벤치에 평평하게 눕습니다. | Step:2 손을 어깨너비보다 약간 넓게 벌려 오버핸드 그립으로 밴드 핸들을 잡습니다. | Step:3 팔을 완전히 펴서 밴드를 가슴에서 밀어냅니다. | Step:4 팔꿈치를 90도 각도로 유지하며 밴드를 천천히 가슴으로 다시 내립니다. | Step:5 원하는 횟수만큼 반복합니다.,https://melo2026.s3.ap-northeast-2.amazonaws.com/workout-images/khlHMqs.webp,weight,5.0,가슴,,밴드,,밴드
KHPZL0b,케이블 얼터네이트 숄더 프레스,https://static.exercisedb.dev/media/KHPZL0b.gif,삼각근,삼두근 | 상부 등,"Step:1 발을 어깨너비로 벌리고 서서 오버핸드 그립으로 케이블 머신 핸들을 잡습니다. | Step:2 손을 어깨 높이에 두고 손바닥이 앞을 향하게 합니다. | Step:3 코어를 사용하고 등을 곧게 폅니다. | Step:4 한쪽 핸들을 팔이 완전히 펴질 때까지 위쪽과 앞으로 밀어냅니다. | Step:5 상단에서 잠시 멈춘 다음, 핸들을 천천히 시작 자세로 되돌립니다. | Step:6 반대쪽 팔로 반복합니다. | Step:7 원하는 횟수만큼 팔을 번갈아 가며 반복합니다.",https://melo2026.s3.ap-northeast-2.amazonaws.com/workout-images/KHPZL0b.webp,weight,5.0,어깨,,케이블 머신,,케이블
KI1DjNN,덤벨 오버 벤치 원 암 리스트 컬,https://static.exercisedb.dev/media/KI1DjNN.gif,전완근,이두근 | 어깨,"Step:1 발을 바닥에 대고 벤치에 앉아 한 손으로 덤벨을 잡고 손바닥이 아래를 향하게 합니다. | Step:2 팔뚝을 벤치에 대고 손목이 가장자리에 걸쳐지도록 합니다. | Step:3 덤벨을 팔뚝 쪽으로 가져오면서 손목을 위로 천천히 컬링합니다. | Step:4 상단에서 잠시 멈춘 다음, 덤벨을 천천히 시작 자세로 되돌립니다. | Step:5 원하는 횟수만큼 반복한 다음, 반대쪽 팔로 전환합니다.",https://melo2026.s3.ap-northeast-2.amazonaws.com/workout-images/KI1DjNN.webp,weight,5.0,팔,전완,덤벨,,덤벨
kiJ4Z2K,어시스티드 풀업,https://static.exercisedb.dev/media/kiJ4Z2K.gif,광배근,이두근 | 전완근,"Step:1 원하는 무게와 높이 설정으로 머신을 조정합니다. | Step:2 손을 어깨너비보다 약간 넓게 벌려 오버핸드 그립으로 핸들을 잡습니다. | Step:3 팔을 완전히 펴고 발을 땅에서 뗀 상태로 매달립니다. | Step:4 등 근육을 사용하고 팔꿈치를 몸에 가깝게 유지하며 몸을 핸들 쪽으로 당깁니다. | Step:5 턱이 핸들 위로 올라올 때까지 계속 당깁니다. | Step:6 상단에서 잠시 멈춘 다음, 몸을 천천히 시작 자세로 되돌립니다. | Step:7 원하는 횟수만큼 반복합니다.",https://melo2026.s3.ap-northeast-2.amazonaws.com/workout-images/kiJ4Z2K.webp,weight,5.0,등,,머신,레버리지 머신,레버리지 머신
kj3hy6W,레버 리버스 그립 프리처 컬,https://static.exercisedb.dev/media/kj3hy6W.gif,이두근,전완근,Step:1 시트 높이를 조정하고 레버리지 머신에 앉습니다. | Step:2 손바닥이 위를 향하도록 언더핸드 그립으로 핸들을 잡습니다. | Step:3 팔꿈치가 완전히 펴지도록 팔뚝을 프리처 패드에 대고 댑니다. | Step:4 팔뚝을 고정한 상태를 유지하며 숨을 내쉬면서 핸들을 어깨 쪽으로 컬링합니다. | Step:5 동작 상단에서 잠시 멈추며 이두근을 짭니다. | Step:6 숨을 들이쉬면서 팔꿈치를 완전히 펴면서 핸들을 천천히 시작 자세로 되돌립니다. | Step:7 원하는 횟수만큼 반복합니다.,https://melo2026.s3.ap-northeast-2.amazonaws.com/workout-images/kj3hy6W.webp,weight,5.0,팔,상완,머신,레버리지 머신,레버리지 머신
kjE55n5,케틀벨 벤트 프레스,https://static.exercisedb.dev/media/kjE55n5.gif,복근,어깨 | 삼두근 | obliques,Step:1 발을 어깨너비로 벌리고 서서 오른손으로 케틀벨을 잡습니다. | Step:2 무릎을 살짝 구부리고 오른팔로 케틀벨을 머리 위로 누르면서 팔꿈치를 폅니다. | Step:3 몸통을 왼쪽으로 회전시키면서 체중을 왼발에 싣습니다. | Step:4 왼쪽 무릎을 구부리고 오른팔을 머리 위로 편 채로 몸통을 바닥 쪽으로 내립니다. | Step:5 내리면서 케틀벨을 계속 주시하고 가슴을 들어 올린 상태를 유지합니다. | Step:6 왼손이 바닥에 닿으면 왼발로 밀면서 왼쪽 다리를 펴고 엉덩이를 앞으로 밀어냅니다. | Step:7 엉덩이를 앞으로 밀어내면서 코어와 오른팔을 사용하여 케틀벨을 시작 자세로 다시 밀어 올립니다. | Step:8 원하는 횟수만큼 반복한 후 반대쪽으로 전환합니다.,https://melo2026.s3.ap-northeast-2.amazonaws.com/workout-images/kjE55n5.webp,weight,5.0,코어,허리 | 복부,케틀벨,,케틀벨
kjJ3VoQ,크런치 (핸즈 오버헤드),https://static.exercisedb.dev/media/kjJ3VoQ.gif,복근,고관절 굴곡근,"Step:1 등을 대고 누워 무릎을 구부리고 발을 바닥에 평평하게 댑니다. | Step:2 팔을 머리 위로 곧게 뻗습니다. | Step:3 복근에 힘을 주면서 상체를 바닥에서 들어 올려 무릎 쪽으로 앞으로 말아 올립니다. | Step:4 정점에서 잠시 멈춘 후, 상체를 천천히 시작 자세로 다시 내립니다. | Step:5 원하는 횟수만큼 반복합니다.",https://melo2026.s3.ap-northeast-2.amazonaws.com/workout-images/kjJ3VoQ.webp,weight,3.5,코어,허리 | 복부,맨몸,,맨몸
kk39rUy,푸시업 투 사이드 플랭크 - 애슬레틱 바리에이션,,복근,어깨 | 가슴 | 삼두근,Step:1 푸시업 자세로 시작하며 손은 어깨너비로 벌리고 몸은 일직선을 유지합니다. | Step:2 팔꿈치를 구부려 몸을 바닥 쪽으로 내리면서 코어에 힘을 줍니다. | Step:3 시작 자세로 다시 밀어 올립니다. 운동 신경을 이용한 컨트롤을 강조합니다. | Step:4 체중을 왼손에 싣고 몸을 오른쪽으로 회전시키면서 오른팔을 천장 쪽으로 들어 올립니다. | Step:5 사이드 플랭크 자세를 몇 초간 유지한 후 시작 자세로 돌아옵니다. | Step:6 반대쪽으로 푸시업과 사이드 플랭크를 반복합니다. | Step:7 원하는 횟수만큼 반복하면서 양쪽을 번갈아 가며 계속합니다.,,weight,3.5,코어,허리 | 복부,맨몸,,맨몸
kKYTkjJ,엑서사이즈 볼 원 레그 프론 로어 바디 로테이션 퍼스,,둔근,햄스트링 | quadriceps | 코어,"Step:1 힙이 볼 위에 놓이고 다리가 뒤로 곧게 뻗은 상태로 안정성 볼 위에 얼굴을 대고 눕습니다. | Step:2 지지를 위해 손을 앞에 있는 바닥에 댑니다. | Step:3 둔근과 코어 근육에 힘을 주어 몸을 안정시킵니다. | Step:4 다리를 바닥에서 천천히 들어 올리되, 곧게 펴고 바닥과 평행을 유지합니다. | Step:5 힙과 상체를 안정된 상태로 유지하면서 다리를 몸에서 바깥쪽으로 회전시킵니다. | Step:6 회전 끝에서 잠시 멈춘 후, 다리를 천천히 시작 자세로 되돌립니다. | Step:7 다른 다리로 회전을 반복합니다. 격렬한 움직임에 집중합니다. | Step:8 원하는 횟수만큼 반복하면서 다리를 번갈아 가며 계속합니다.",,weight,3.5,하체,허벅지,기타,짐볼,짐볼
kLiIFdB,밴드 버티컬 팔로프 프레스 - 시티드 바리에이션,,복근,obliques | 둔근,"Step:1 발을 어깨너비로 벌리고 서서 가슴 높이의 튼튼한 물체에 밴드를 감습니다. | Step:2 양손으로 밴드를 잡고 앵커 포인트에서 떨어져 밴드에 긴장감을 만듭니다. | Step:3 앵커 포인트에 수직으로 서서 옆면이 밴드를 향하도록 합니다. | Step:4 손을 가슴 높이로 유지하면서 팔을 앞으로 곧게 뻗습니다. | Step:5 코어에 힘을 주고 가슴에서 밴드를 밀어내면서 팔을 완전히 뻗습니다. | Step:6 자세를 몇 초간 유지한 후, 밴드를 천천히 가슴 쪽으로 되돌립니다. | Step:7 원하는 횟수만큼 반복한 후 반대쪽으로 전환합니다. 시티드 강도로 수행합니다.",,weight,5.0,코어,허리 | 복부,밴드,,밴드
km0sQC0,밴드 원 암 스탠딩 로우,https://static.exercisedb.dev/media/km0sQC0.gif,상부 등,이두근 | 어깨,"Step:1 허리 높이의 안정적인 앵커 포인트에 밴드를 부착합니다. | Step:2 앵커 포인트를 향해 서서 발을 어깨너비로 벌립니다. | Step:3 한 손으로 밴드를 잡고 손바닥이 안쪽을 향하도록 하며, 뒤로 물러나 밴드에 긴장감을 만듭니다. | Step:4 무릎을 살짝 구부리고 허리를 펴고 엉덩이에서 앞으로 숙입니다. | Step:5 밴드를 허리 쪽으로 당기면서 견갑골을 모아줍니다. | Step:6 움직임의 정점에서 잠시 멈춘 후, 밴드를 천천히 시작 자세로 되돌립니다. | Step:7 원하는 횟수만큼 반복한 후 반대쪽으로 전환합니다.",https://melo2026.s3.ap-northeast-2.amazonaws.com/workout-images/km0sQC0.webp,weight,5.0,등,,밴드,,밴드
km2Ljzj,휠 런,https://static.exercisedb.dev/media/km2Ljzj.gif,심폐 지구력,quadriceps | 햄스트링 | 종아리,Step:1 손을 휠에 대고 몸을 곧게 편 플랭크 자세로 시작합니다. | Step:2 코어에 힘을 주고 팔을 뻗어 휠을 앞으로 굴립니다. | Step:3 몸이 완전히 펴지고 팔이 머리 위로 올라갈 때까지 계속 굴립니다. | Step:4 코어와 팔을 사용하여 휠을 몸 쪽으로 다시 당기면서 움직임을 반대로 합니다. | Step:5 원하는 횟수만큼 반복합니다.,https://melo2026.s3.ap-northeast-2.amazonaws.com/workout-images/km2Ljzj.webp,cardio,3.5,유산소,,맨몸,,맨몸
kmVVAfu,밴드 컨센트레이션 컬,https://static.exercisedb.dev/media/kmVVAfu.gif,이두근,전완근,"Step:1 다리를 벌리고 발을 바닥에 평평하게 댄 채 벤치나 의자에 앉습니다. | Step:2 밴드의 한쪽 끝을 손에 잡고 같은 쪽 발로 다른 쪽 끝을 밟습니다. | Step:3 약간 앞으로 기울이고 팔꿈치를 무릎 바로 위 허벅지 안쪽에 댑니다. | Step:4 손바닥을 위로 향하게 하고 팔 위쪽을 고정한 채 손을 어깨 쪽으로 천천히 컬링합니다. | Step:5 정점에서 잠시 멈춘 후, 손을 천천히 시작 자세로 다시 내립니다. | Step:6 원하는 횟수만큼 반복한 후 반대쪽으로 전환합니다.",https://melo2026.s3.ap-northeast-2.amazonaws.com/workout-images/kmVVAfu.webp,weight,5.0,팔,상완,밴드,,밴드
kMzUs9Y,포워드 런지 (남성),https://static.exercisedb.dev/media/kMzUs9Y.gif,둔근,quadriceps | 햄스트링 | 종아리,"Step:1 발을 엉덩이 너비로 벌리고 서서 손을 엉덩이에 댑니다. | Step:2 오른쪽 발을 크게 앞으로 내딛으며 몸을 런지 자세로 낮춥니다. | Step:3 오른쪽 무릎을 약 90도 구부리며 무릎이 발목과 일직선이 되도록 합니다. | Step:4 오른쪽 발로 밀면서 시작 자세로 돌아옵니다. | Step:5 왼쪽 다리로 반복하며, 원하는 횟수만큼 번갈아 가며 수행합니다.",https://melo2026.s3.ap-northeast-2.amazonaws.com/workout-images/kMzUs9Y.webp,weight,3.5,하체,허벅지,맨몸,,맨몸
kont8Ut,덤벨 시티드 트라이셉스 익스텐션,https://static.exercisedb.dev/media/kont8Ut.gif,삼두근,어깨,"Step:1 등을 곧게 펴고 발을 바닥에 평평하게 댄 채 벤치에 앉습니다. | Step:2 양손으로 덤벨을 잡고 팔을 머리 위로 곧게 뻗습니다. | Step:3 팔꿈치를 구부려 덤벨을 머리 뒤로 내리면서 팔 위쪽을 귀에 가깝게 유지합니다. | Step:4 잠시 멈춘 후, 팔을 펴서 시작 자세로 돌아옵니다. | Step:5 원하는 횟수만큼 반복합니다.",https://melo2026.s3.ap-northeast-2.amazonaws.com/workout-images/kont8Ut.webp,weight,5.0,팔,상완,덤벨,,덤벨
KOpzGBL,덤벨 웨이터 바이셉스 컬,https://static.exercisedb.dev/media/KOpzGBL.gif,이두근,전완근 | 어깨,"Step:1 똑바로 서서 양손에 덤벨을 잡고 손바닥이 앞을 향하도록 합니다. | Step:2 팔 위쪽을 몸에 가깝게 유지하고 팔꿈치를 몸 안쪽으로 붙입니다. | Step:3 손목을 곧게 유지하면서 덤벨을 어깨 쪽으로 천천히 컬링합니다. | Step:4 정점에서 잠시 멈춘 후, 덤벨을 천천히 시작 자세로 다시 내립니다. | Step:5 원하는 횟수만큼 반복합니다.",https://melo2026.s3.ap-northeast-2.amazonaws.com/workout-images/KOpzGBL.webp,weight,5.0,팔,상완,덤벨,,덤벨
Kpajagk,케이블 스탠딩 힙 익스텐션,https://static.exercisedb.dev/media/Kpajagk.gif,둔근,햄스트링 | quadriceps,"Step:1 로우 풀리에 케이블을 부착하고 머신을 등지고 섭니다. | Step:2 케이블을 발목에 감고 발을 어깨너비로 벌리고 섭니다. | Step:3 운동 내내 코어에 힘을 주고 등을 곧게 유지합니다. | Step:4 다리를 뒤로 곧게 뻗으면서 움직임의 정점에서 둔근을 수축시킵니다. | Step:5 잠시 멈춘 후, 시작 자세로 돌아옵니다. | Step:6 원하는 횟수만큼 반복합니다. | Step:7 반대쪽으로 전환하고 다른 다리로 반복합니다.",https://melo2026.s3.ap-northeast-2.amazonaws.com/workout-images/Kpajagk.webp,weight,5.0,하체,허벅지,케이블 머신,,케이블
kprile3,엑서사이즈 볼 딥,https://static.exercisedb.dev/media/kprile3.gif,삼두근,가슴 | 어깨,Step:1 발을 바닥에 평평하게 대고 무릎을 90도 각도로 구부린 채 안정성 볼에 앉습니다. | Step:2 손을 엉덩이 옆 볼 위에 놓고 손가락은 앞을 향하도록 합니다. | Step:3 삼두근에 힘을 주고 손으로 밀면서 몸을 볼에서 들어 올려 팔을 폅니다. | Step:4 팔꿈치를 옆구리에 가깝게 유지하면서 팔꿈치를 구부려 몸을 다시 내립니다. | Step:5 원하는 횟수만큼 반복합니다.,https://melo2026.s3.ap-northeast-2.amazonaws.com/workout-images/kprile3.webp,weight,3.5,팔,상완,기타,짐볼,짐볼
KQfySvS,덤벨 리버스 그립 로우 (여성) 홀드,,상부 등,이두근 | 전완근,"Step:1 발을 어깨너비로 벌리고 무릎을 살짝 구부리고 섭니다. | Step:2 양손으로 덤벨을 잡고 오버핸드 그립으로 손바닥이 몸을 향하도록 합니다. 홀드 강도로 수행합니다. | Step:3 허리에서 앞으로 숙이면서 등을 곧게 펴고 코어에 힘을 줍니다. | Step:4 팔을 곧게 아래로 늘어뜨리고 팔꿈치를 살짝 구부립니다. | Step:5 덤벨을 가슴 쪽으로 당기면서 견갑골을 모아줍니다. | Step:6 정점에서 잠시 멈춘 후, 덤벨을 천천히 시작 자세로 다시 내립니다. | Step:7 원하는 횟수만큼 반복합니다.",,weight,5.0,등,,덤벨,,덤벨
Krmb3cB,레버 리버스 하이퍼익스텐션,https://static.exercisedb.dev/media/Krmb3cB.gif,둔근,햄스트링 | lower back,"Step:1 레버리지 머신을 몸에 맞게 조절하고 발 패드에 발을 고정합니다. | Step:2 상체가 가장자리에서 벗어나고 엉덩이가 패드에 놓인 상태로 머신에 얼굴을 대고 눕습니다. | Step:3 팔을 가슴 위로 교차하거나 머리 뒤에 둡니다. | Step:4 둔근과 햄스트링에 힘을 주어 다리가 바닥과 평행이 될 때까지 위로 들어 올립니다. | Step:5 정점에서 잠시 멈춘 후, 다리를 천천히 시작 자세로 다시 내립니다. | Step:6 원하는 횟수만큼 반복합니다.",https://melo2026.s3.ap-northeast-2.amazonaws.com/workout-images/Krmb3cB.webp,weight,5.0,하체,허벅지,머신,레버리지 머신,레버리지 머신
kTbSH9h,바벨 시티드 오버헤드 프레스,https://static.exercisedb.dev/media/kTbSH9h.gif,삼각근,삼두근 | 상부 등,"Step:1 벤치에 앉아 허리를 곧게 펴고 발을 바닥에 평평하게 댑니다. | Step:2 바벨을 어깨너비보다 약간 넓게 오버핸드 그립으로 잡습니다. | Step:3 바벨을 랙에서 들어 어깨 높이로 가져옵니다. 이때 팔꿈치는 구부리고 손바닥은 앞을 향하게 합니다. | Step:4 팔을 완전히 펴서 바벨을 머리 위로 밀어 올립니다. | Step:5 맨 위에서 잠시 멈춘 후, 천천히 바벨을 어깨 높이로 다시 내립니다. | Step:6 원하는 횟수만큼 반복합니다.",https://melo2026.s3.ap-northeast-2.amazonaws.com/workout-images/kTbSH9h.webp,weight,5.0,어깨,,바벨,,바벨
ktf3nvW,케틀벨 플라이오 푸시업,https://static.exercisedb.dev/media/ktf3nvW.gif,대흉근,삼두근 | 어깨 | 코어,Step:1 케틀벨 위에 손을 어깨너비로 짚고 하이 플랭크 자세를 취합니다. | Step:2 팔꿈치를 몸에 가깝게 붙이고 가슴을 바닥 쪽으로 내립니다. | Step:3 손으로 폭발적으로 밀어내며 손을 케틀벨에서 떼고 팔을 완전히 폅니다. | Step:4 케틀벨에 부드럽게 착지한 후 즉시 가슴을 다시 내려 다음 반복을 준비합니다. | Step:5 원하는 횟수만큼 반복합니다.,https://melo2026.s3.ap-northeast-2.amazonaws.com/workout-images/ktf3nvW.webp,weight,5.0,가슴,,케틀벨,,케틀벨
KtRomty,스탠딩 휠 롤아웃,https://static.exercisedb.dev/media/KtRomty.gif,복근,lower back | 어깨,"Step:1 발을 어깨너비로 벌리고 똑바로 서서 휠 롤러를 앞에 둡니다. | Step:2 허리를 구부리고 등을 곧게 펴고 코어를 사용하여 휠을 천천히 앞으로 굴립니다. | Step:3 복근에 스트레칭이 느껴지고 몸이 최대한 확장될 때까지 앞으로 굴립니다. | Step:4 맨 위에서 잠시 멈춘 후, 천천히 휠을 몸 쪽으로 다시 굴려 시작 자세로 돌아옵니다. | Step:5 원하는 횟수만큼 반복합니다.",https://melo2026.s3.ap-northeast-2.amazonaws.com/workout-images/KtRomty.webp,weight,2.5,코어,허리 | 복부,폼롤러,,휠 롤러
ktsFQAZ,바벨 시티드 카프 레이즈,https://static.exercisedb.dev/media/ktsFQAZ.gif,종아리,햄스트링 | quadriceps,"Step:1 벤치에 앉아 발을 바닥에 평평하게 대고 허벅지에 바벨을 올려놓습니다. | Step:2 발 앞꿈치를 블록이나 계단과 같은 높은 곳에 댑니다. | Step:3 바벨을 허벅지 위에 올리고 손으로 단단히 잡습니다. | Step:4 등을 곧게 펴고 코어를 사용하여 발뒤꿈치를 들어 올려 발목을 폅니다. | Step:5 맨 위에서 잠시 멈춘 후, 천천히 발뒤꿈치를 시작 자세로 다시 내립니다. | Step:6 원하는 횟수만큼 반복합니다.",https://melo2026.s3.ap-northeast-2.amazonaws.com/workout-images/ktsFQAZ.webp,weight,5.0,하체,종아리,바벨,,바벨
KUaoUV8,밴드 스트레이트 레그 데드리프트,https://static.exercisedb.dev/media/KUaoUV8.gif,척추,햄스트링 | 둔근,"Step:1 발을 어깨너비로 벌리고 서서 발 주위에 밴드를 놓습니다. | Step:2 밴드를 양손으로 잡고 손바닥은 몸을 향하게 하며 팔을 곧게 폅니다. | Step:3 코어를 사용하고 무릎을 살짝 구부립니다. | Step:4 등을 곧게 펴고 가슴을 들어 올린 상태에서 엉덩이를 축으로 천천히 앞으로 숙입니다. | Step:5 다리를 곧게 편 상태로 밴드를 바닥 쪽으로 내립니다. | Step:6 맨 아래에서 잠시 멈춘 후, 엉덩이와 햄스트링을 수축하여 시작 자세로 돌아옵니다. | Step:7 원하는 횟수만큼 반복합니다.",https://melo2026.s3.ap-northeast-2.amazonaws.com/workout-images/KUaoUV8.webp,weight,5.0,등,,밴드,,밴드
KUaZst7,덤벨 라잉 수파인 컬,https://static.exercisedb.dev/media/KUaZst7.gif,이두근,전완근,Step:1 벤치에 평평하게 누워 각 손에 덤벨을 잡고 손바닥은 위를 향하게 하며 팔을 완전히 폅니다. | Step:2 윗팔을 고정한 상태에서 숨을 내쉬며 이두근을 수축하여 덤벨을 컬업합니다. | Step:3 이두근이 완전히 수축되고 덤벨이 어깨 높이에 올 때까지 계속 들어 올립니다. | Step:4 이두근을 쥐어짜며 수축된 자세를 잠시 유지합니다. | Step:5 숨을 들이쉬며 천천히 덤벨을 시작 자세로 다시 내립니다. | Step:6 원하는 횟수만큼 반복합니다.,https://melo2026.s3.ap-northeast-2.amazonaws.com/workout-images/KUaZst7.webp,weight,5.0,팔,상완,덤벨,,덤벨
kuMiR2T,밴드 스티프 레그 데드리프트,https://static.exercisedb.dev/media/kuMiR2T.gif,둔근,햄스트링 | lower back,"Step:1 발을 어깨너비로 벌리고 서서 발목 주위에 밴드를 놓습니다. | Step:2 밴드를 양손으로 허벅지 앞에 잡고 손바닥은 몸을 향하게 합니다. | Step:3 등을 곧게 펴고 코어를 사용하여 엉덩이를 축으로 상체를 천천히 바닥 쪽으로 내립니다. | Step:4 내릴 때 엉덩이를 뒤로 밀고 무릎을 살짝 구부립니다. | Step:5 햄스트링이 늘어나는 것을 느끼며 밴드를 바닥 쪽으로 내립니다. | Step:6 맨 아래에서 잠시 멈춘 후, 엉덩이와 햄스트링을 사용하여 상체를 시작 자세로 다시 들어 올립니다. | Step:7 원하는 횟수만큼 반복합니다.",https://melo2026.s3.ap-northeast-2.amazonaws.com/workout-images/kuMiR2T.webp,weight,5.0,하체,허벅지,밴드,,밴드
kuXhl0o,케틀벨 파이러트 슈퍼 레그,https://static.exercisedb.dev/media/kuXhl0o.gif,삼각근,삼두근 | 전완근,Step:1 발을 어깨너비로 벌리고 서서 한 손에 케틀벨을 듭니다. | Step:2 무릎을 살짝 구부리고 등을 곧게 편 상태에서 엉덩이를 축으로 앞으로 숙입니다. | Step:3 팔꿈치를 몸에 가깝게 붙이고 케틀벨을 어깨 높이까지 들어 올립니다. | Step:4 팔꿈치를 펴서 머리 위로 완전히 뻗습니다. | Step:5 케틀벨을 다시 어깨 높이로 내린 후 시작 자세로 돌아옵니다. | Step:6 원하는 횟수만큼 반복한 후 반대쪽으로 전환합니다.,https://melo2026.s3.ap-northeast-2.amazonaws.com/workout-images/kuXhl0o.webp,weight,5.0,어깨,,케틀벨,,케틀벨
KWdF2JI,케이블 니링 트라이셉스 익스텐션,https://static.exercisedb.dev/media/KWdF2JI.gif,삼두근,어깨,"Step:1 로프 핸들을 높은 풀리에 연결하고 케이블 머신을 향해 무릎을 꿇습니다. | Step:2 로프를 뉴트럴 그립(손바닥이 서로 마주보게)으로 잡고 손을 머리 옆으로 가져옵니다. | Step:3 팔꿈치를 머리에 가깝게 유지하고 운동 내내 윗팔을 고정합니다. | Step:4 팔꿈치를 구부려 시작 자세로 천천히 돌아옵니다. | Step:5 맨 위에서 잠시 멈춘 후, 팔꿈치를 구부려 시작 자세로 천천히 돌아옵니다. | Step:6 원하는 횟수만큼 반복합니다.",https://melo2026.s3.ap-northeast-2.amazonaws.com/workout-images/KWdF2JI.webp,weight,5.0,팔,상완,케이블 머신,,케이블
KwFGiEP,덤벨 라잉 원 암 리어 래터럴 레이즈,https://static.exercisedb.dev/media/KwFGiEP.gif,삼각근,승모근 | rhomboids,"Step:1 플랫 벤치에 엎드려 한 손에 덤벨을 들고 바닥 쪽으로 늘어뜨립니다. | Step:2 팔을 곧게 펴고 덤벨을 몸에서 옆으로 들어 올립니다. | Step:3 맨 위에서 잠시 멈춘 후, 천천히 덤벨을 시작 자세로 다시 내립니다. | Step:4 원하는 횟수만큼 반복한 후 반대쪽 팔로 전환합니다.",https://melo2026.s3.ap-northeast-2.amazonaws.com/workout-images/KwFGiEP.webp,weight,5.0,어깨,,덤벨,,덤벨
KWyEjtI,프리시전 스타일 레버 벤트오버 로우 위드 V-바,,상부 등,이두근 | 전완근,"Step:1 시트 높이를 조절하고 머신을 향해 앉습니다. | Step:2 V-바를 오버핸드 그립으로 잡고 등을 곧게 펴고 무릎을 살짝 구부립니다. | Step:3 V-바를 복부 쪽으로 당기면서 견갑골을 함께 모아줍니다. | Step:4 동작의 맨 위에서 잠시 멈춘 후, 천천히 무게를 시작 자세로 되돌립니다. 정밀한 컨트롤을 강조합니다. | Step:5 원하는 횟수만큼 반복합니다.",,weight,5.0,등,,머신,레버리지 머신,레버리지 머신
kXaIn5A,덤벨 조트먼 컬,https://static.exercisedb.dev/media/kXaIn5A.gif,이두근,전완근,Step:1 똑바로 서서 각 손에 덤벨을 들고 손바닥은 몸을 향하게 합니다. | Step:2 팔꿈치를 몸통에 가깝게 유지하고 손바닥을 앞으로 돌립니다. | Step:3 윗팔을 고정한 상태에서 덤벨을 어깨 쪽으로 컬업합니다. | Step:4 동작의 맨 위에서 손목을 돌려 손바닥이 몸에서 멀어지도록 합니다. | Step:5 손바닥을 몸 쪽으로 다시 돌리면서 천천히 덤벨을 시작 자세로 내립니다. | Step:6 원하는 횟수만큼 반복합니다.,https://melo2026.s3.ap-northeast-2.amazonaws.com/workout-images/kXaIn5A.webp,weight,5.0,팔,상완,덤벨,,덤벨
Kxquu2E,바벨 스텝업,https://static.exercisedb.dev/media/Kxquu2E.gif,둔근,quadriceps | 햄스트링 | 종아리,"Step:1 벤치나 계단 앞에 서서 바벨을 등 위쪽에 올려놓습니다. | Step:2 한 발을 벤치나 계단 위에 올려놓고 발 전체가 표면에 닿도록 합니다. | Step:3 발뒤꿈치로 밀어 벤치나 계단 위로 올라서면서 엉덩이와 무릎을 완전히 폅니다. | Step:4 맨 위에서 잠시 멈춘 후, 시작 자세로 다시 내려옵니다. | Step:5 반대쪽 다리로 반복합니다. | Step:6 원하는 횟수만큼 다리를 번갈아 가며 계속합니다.",https://melo2026.s3.ap-northeast-2.amazonaws.com/workout-images/Kxquu2E.webp,weight,5.0,하체,허벅지,바벨,,바벨
KXyoEtA,덤벨 시티드 이너 바이셉스 컬,https://static.exercisedb.dev/media/KXyoEtA.gif,이두근,전완근,"Step:1 벤치에 앉아 발을 바닥에 평평하게 대고 각 손에 덤벨을 잡고 손바닥은 위를 향하게 합니다. | Step:2 윗팔을 허벅지에 대고 덤벨이 아래로 늘어뜨려지도록 합니다. | Step:3 윗팔을 고정한 상태에서 이두근을 수축하여 덤벨을 어깨 쪽으로 컬업합니다. | Step:4 맨 위에서 잠시 멈춘 후, 천천히 덤벨을 시작 자세로 다시 내립니다. | Step:5 원하는 횟수만큼 반복합니다.",https://melo2026.s3.ap-northeast-2.amazonaws.com/workout-images/KXyoEtA.webp,weight,5.0,팔,상완,덤벨,,덤벨
ky8FLU8,레버 리버스 그립 래터럴 풀다운,https://static.exercisedb.dev/media/ky8FLU8.gif,광배근,이두근 | rhomboids | rear deltoids,"Step:1 시트 높이를 조절하고 무릎을 패드 아래에 두고 발을 바닥에 평평하게 대고 머신에 앉습니다. | Step:2 핸들을 어깨너비보다 약간 넓게 오버핸드 그립으로 잡습니다. | Step:3 가슴을 내밀고 어깨를 뒤로 젖힌 상태로 똑바로 앉아 허리를 살짝 아치형으로 유지합니다. | Step:4 팔꿈치로 리드하며 견갑골을 함께 모으면서 핸들을 가슴 쪽으로 당깁니다. | Step:5 동작의 맨 아래에서 잠시 멈춘 후, 천천히 핸들을 시작 자세로 되돌립니다. | Step:6 원하는 횟수만큼 반복합니다.",https://melo2026.s3.ap-northeast-2.amazonaws.com/workout-images/ky8FLU8.webp,weight,5.0,등,,머신,레버리지 머신,레버리지 머신
Kyd9Rz5,바벨 스탠딩 와이드 밀리터리 프레스,https://static.exercisedb.dev/media/Kyd9Rz5.gif,삼각근,삼두근 | 상부 등,Step:1 발을 어깨너비로 벌리고 서서 바벨을 어깨너비보다 약간 넓게 오버핸드 그립으로 잡습니다. | Step:2 팔꿈치를 바 바로 앞쪽에 유지하면서 바벨을 어깨 높이까지 들어 올립니다. | Step:3 팔을 완전히 펴서 바벨을 머리 위로 밀어 올립니다. | Step:4 바벨을 어깨 높이로 다시 내리고 원하는 횟수만큼 반복합니다.,https://melo2026.s3.ap-northeast-2.amazonaws.com/workout-images/Kyd9Rz5.webp,weight,5.0,어깨,,바벨,,바벨
KyLtiLT,이지 바벨 인클라인 트라이셉스 익스텐션,https://static.exercisedb.dev/media/KyLtiLT.gif,삼두근,어깨,Step:1 인클라인 벤치를 45도 각도로 설정합니다. | Step:2 벤치에 등을 패드에 대고 앉아 이지 바벨을 오버핸드 그립으로 잡습니다. | Step:3 팔꿈치를 머리 가까이 유지하면서 팔을 머리 위로 완전히 폅니다. | Step:4 팔꿈치를 구부려 바벨을 머리 뒤로 내리면서 상완은 고정합니다. | Step:5 잠시 멈춘 후 팔을 다시 시작 위치로 폅니다. | Step:6 원하는 횟수만큼 반복합니다.,https://melo2026.s3.ap-northeast-2.amazonaws.com/workout-images/KyLtiLT.webp,weight,5.0,팔,상완,바벨,,EZ 바벨
Kzg30R7,밴드 스탠딩 크런치,https://static.exercisedb.dev/media/Kzg30R7.gif,복근,obliques,Step:1 밴드를 허리 높이의 튼튼한 고정 지점에 연결합니다. | Step:2 고정 지점에서 등을 돌리고 서서 발을 어깨너비로 벌립니다. | Step:3 양손으로 밴드를 잡고 팔꿈치를 구부리고 몸에 가깝게 유지하면서 가슴까지 들어 올립니다. | Step:4 복근을 사용하여 가슴을 무릎 쪽으로 천천히 크런치하면서 앞으로 숙입니다. | Step:5 크런치 최고 지점에서 잠시 멈춘 후 천천히 시작 위치로 돌아갑니다. | Step:6 원하는 횟수만큼 반복합니다.,https://melo2026.s3.ap-northeast-2.amazonaws.com/workout-images/Kzg30R7.webp,weight,3.5,코어,허리 | 복부,밴드,,밴드
KZn52RC,플렉션 레그 싯업 (스트레이트 암),https://static.exercisedb.dev/media/KZn52RC.gif,복근,고관절 굴곡근 | quadriceps,Step:1 등을 대고 누워 다리를 펴고 팔을 머리 위로 곧게 뻗습니다. | Step:2 복근을 사용하여 상체를 땅에서 들어 올리면서 동시에 다리를 가슴 쪽으로 들어 올립니다. | Step:3 상체와 다리를 들어 올리면서 손을 발가락 쪽으로 뻗습니다. | Step:4 최고 지점에서 잠시 멈춘 후 천천히 상체와 다리를 시작 위치로 내립니다. | Step:5 원하는 횟수만큼 반복합니다.,https://melo2026.s3.ap-northeast-2.amazonaws.com/workout-images/KZn52RC.webp,weight,3.5,코어,허리 | 복부,맨몸,,맨몸
KZXAtKQ,푸시업 클로즈 그립 오프 덤벨,https://static.exercisedb.dev/media/KZXAtKQ.gif,삼두근,가슴 | 어깨,Step:1 손을 어깨 바로 아래에 가깝게 놓고 푸시업 자세를 취합니다. | Step:2 각 손에 덤벨을 잡고 땅에 내려놓습니다. | Step:3 팔꿈치를 옆구리에 가깝게 유지하면서 팔꿈치를 구부려 몸을 땅 쪽으로 내립니다. | Step:4 손바닥으로 밀어 팔을 펴고 시작 위치로 돌아갑니다. | Step:5 원하는 횟수만큼 반복합니다.,https://melo2026.s3.ap-northeast-2.amazonaws.com/workout-images/KZXAtKQ.webp,weight,5.0,팔,상완,덤벨,,덤벨
L2V5Nan,덤벨 라잉 익스텐션 (크로스 페이스),https://static.exercisedb.dev/media/L2V5Nan.gif,삼두근,어깨,Step:1 발을 땅에 대고 머리를 벤치 끝에 두고 벤치에 평평하게 눕습니다. | Step:2 양손으로 덤벨을 잡고 팔을 가슴 위로 곧게 뻗습니다. 손바닥은 서로 마주봅니다. | Step:3 상완을 고정한 상태에서 팔꿈치를 구부려 덤벨을 머리 뒤쪽으로 호를 그리며 천천히 내립니다. 전완이 바닥과 평행이 될 때까지 내립니다. | Step:4 잠시 멈춘 후 삼두근을 수축하여 덤벨을 시작 위치로 되돌립니다. | Step:5 원하는 횟수만큼 반복합니다.,https://melo2026.s3.ap-northeast-2.amazonaws.com/workout-images/L2V5Nan.webp,weight,5.0,팔,상완,덤벨,,덤벨
L4ay0PW,케틀벨 피겨 8,https://static.exercisedb.dev/media/L4ay0PW.gif,복근,어깨 | 전완근,Step:1 발을 어깨너비로 벌리고 서서 한 손으로 케틀벨을 잡습니다. | Step:2 무릎을 약간 구부리고 등을 곧게 편 상태에서 엉덩이를 축으로 앞으로 숙입니다. | Step:3 다리 사이로 케틀벨을 통과시키면서 다리 뒤쪽에 도달하면 손을 바꿉니다. | Step:4 케틀벨이 앞으로 오면 다리 사이로 다른 손으로 전달합니다. | Step:5 다리 사이로 케틀벨을 계속해서 8자 모양으로 통과시킵니다. | Step:6 꾸준한 속도를 유지하고 운동 내내 코어를 사용합니다. | Step:7 원하는 횟수만큼 반복합니다.,https://melo2026.s3.ap-northeast-2.amazonaws.com/workout-images/L4ay0PW.webp,weight,5.0,코어,허리 | 복부,케틀벨,,케틀벨
L68dTQj,밴드 시티드 트위스트 퓨어,,복근,obliques,Step:1 다리를 앞으로 뻗고 등을 곧게 편 상태로 바닥에 앉습니다. | Step:2 밴드를 허리에 감고 양손으로 끝을 잡습니다. | Step:3 복근을 사용하여 등을 곧게 편 상태와 발을 땅에 댄 상태를 유지하면서 몸통을 한쪽으로 천천히 비틉니다. | Step:4 비틀림 끝에서 잠시 멈춘 후 천천히 시작 위치로 돌아갑니다. | Step:5 (퓨어 변형) 반대쪽으로도 비틀기를 반복합니다. | Step:6 원하는 횟수만큼 계속해서 번갈아 가며 반복합니다.,,weight,3.5,코어,허리 | 복부,밴드,,밴드
laVRfDf,덤벨 스탠딩 프론트 레이즈 어브브 헤드,https://static.exercisedb.dev/media/laVRfDf.gif,삼각근,trapezius | 이두근,Step:1 발을 어깨너비로 벌리고 서서 양손으로 덤벨을 오버핸드 그립으로 잡습니다. | Step:2 팔을 곧게 펴고 덤벨을 앞쪽으로 들어 올려 머리 위로 올립니다. | Step:3 최고 지점에서 잠시 멈춘 후 천천히 덤벨을 시작 위치로 내립니다. | Step:4 원하는 횟수만큼 반복합니다.,https://melo2026.s3.ap-northeast-2.amazonaws.com/workout-images/laVRfDf.webp,weight,5.0,어깨,,덤벨,,덤벨
lBDjFxJ,풀업,https://static.exercisedb.dev/media/lBDjFxJ.gif,광배근,이두근 | 전완근,Step:1 풀업 바에 매달려 손바닥이 몸에서 멀어지도록 하고 팔을 완전히 폅니다. | Step:2 코어를 사용하고 견갑골을 함께 조입니다. | Step:3 팔꿈치를 구부리고 가슴을 바 쪽으로 가져오면서 몸을 바 쪽으로 당깁니다. | Step:4 동작 최고 지점에서 잠시 멈춘 후 천천히 몸을 시작 위치로 내립니다. | Step:5 원하는 횟수만큼 반복합니다.,https://melo2026.s3.ap-northeast-2.amazonaws.com/workout-images/lBDjFxJ.webp,weight,3.5,등,,맨몸,,맨몸
lCKm4Rs,운동 볼 프론 레그 레이즈,https://static.exercisedb.dev/media/lCKm4Rs.gif,척추,abdominals | 둔근,Step:1 매트 위에 엎드려 다리를 펴고 발끝을 안정성 볼 위에 올립니다. | Step:2 손을 어깨너비로 땅에 대고 코어 근육을 사용합니다. | Step:3 다리를 곧게 편 상태를 유지하면서 하부 등과 둔근을 사용하여 가능한 높이까지 천천히 들어 올립니다. | Step:4 최고 지점에서 잠시 멈춘 후 천천히 다리를 시작 위치로 내립니다. | Step:5 원하는 횟수만큼 반복합니다.,https://melo2026.s3.ap-northeast-2.amazonaws.com/workout-images/lCKm4Rs.webp,weight,5.0,등,,기타,짐볼,짐볼
LCtQPn8,덤벨 인클라인 이너 바이셉스 컬,https://static.exercisedb.dev/media/LCtQPn8.gif,이두근,전완근,Step:1 인클라인 벤치에 앉아 각 손에 덤벨을 잡고 손바닥은 서로 마주보게 합니다. | Step:2 상완을 벤치에 대고 팔꿈치가 아래로 늘어지게 하고 손바닥이 앞을 향하도록 합니다. | Step:3 상완을 고정한 상태에서 숨을 내쉬면서 이두근을 수축하며 덤벨을 컬합니다. | Step:4 이두근이 완전히 수축되고 덤벨이 어깨 높이에 도달할 때까지 계속해서 덤벨을 들어 올립니다. | Step:5 이두근을 쥐어짜면서 수축된 자세를 잠시 유지합니다. | Step:6 숨을 들이쉬면서 천천히 덤벨을 시작 위치로 되돌리기 시작합니다. | Step:7 원하는 횟수만큼 반복합니다.,https://melo2026.s3.ap-northeast-2.amazonaws.com/workout-images/LCtQPn8.webp,weight,5.0,팔,상완,덤벨,,덤벨
LeaZOIz,덤벨 스탠딩 얼터네이트 해머 컬 앤 프레스,https://static.exercisedb.dev/media/LeaZOIz.gif,이두근,전완근 | 어깨,Step:1 똑바로 서서 각 손에 덤벨을 잡고 손바닥은 몸을 향하게 합니다. | Step:2 팔꿈치를 몸통에 가깝게 유지하고 등을 곧게 폅니다. | Step:3 숨을 내쉬면서 상완을 고정한 상태로 오른손의 덤벨을 어깨 쪽으로 컬합니다. | Step:4 이두근이 완전히 수축되고 덤벨이 어깨 높이에 도달할 때까지 계속해서 덤벨을 들어 올립니다. | Step:5 숨을 들이쉬면서 천천히 덤벨을 시작 위치로 되돌립니다. | Step:6 왼손으로도 컬을 반복합니다. | Step:7 왼손으로 컬을 완료한 후 숨을 내쉬면서 오른손의 덤벨을 머리 위로 밀어 올립니다. | Step:8 팔을 완전히 펴고 최고 지점에서 잠시 유지합니다. | Step:9 숨을 들이쉬면서 천천히 덤벨을 시작 위치로 되돌립니다. | Step:10 왼손으로도 프레스를 반복합니다. | Step:11 원하는 횟수만큼 컬과 프레스를 번갈아 가며 계속합니다.,https://melo2026.s3.ap-northeast-2.amazonaws.com/workout-images/LeaZOIz.webp,weight,5.0,팔,상완,덤벨,,덤벨
LEH9jxP,푸시업 (월),https://static.exercisedb.dev/media/LEH9jxP.gif,대흉근,삼두근 | deltoids,"Step:1 벽을 마주보고 서서 팔 길이 정도 떨어집니다. | Step:2 손을 어깨 높이에, 어깨너비보다 약간 넓게 벽에 댑니다. | Step:3 몸을 곧게 펴고 발을 엉덩이 너비로 벌린 상태를 유지하면서 몇 피트 뒤로 물러섭니다. | Step:4 팔꿈치를 구부리고 몸을 일직선으로 유지하면서 가슴을 벽 쪽으로 내립니다. | Step:5 팔을 펴서 시작 위치로 다시 밀어 올립니다. | Step:6 원하는 횟수만큼 반복합니다.",https://melo2026.s3.ap-northeast-2.amazonaws.com/workout-images/LEH9jxP.webp,weight,3.5,가슴,,맨몸,,맨몸
LEprlgG,케이블 랫 풀다운 풀 레인지 오브 모션,https://static.exercisedb.dev/media/LEprlgG.gif,광배근,이두근 | rhomboids | rear deltoids,Step:1 무릎을 패드 아래에 위치시키고 랫 풀다운 머신에 앉습니다. | Step:2 케이블 바를 어깨너비보다 약간 넓게 오버핸드 그립으로 잡습니다. | Step:3 약간 뒤로 기울이고 가슴을 들어 올리면서 허리에 약간의 아치를 유지합니다. | Step:4 바를 상부 가슴 쪽으로 당기면서 견갑골을 함께 조입니다. | Step:5 동작 최하단에서 잠시 멈춘 후 천천히 바를 시작 위치로 되돌립니다. | Step:6 원하는 횟수만큼 반복합니다.,https://melo2026.s3.ap-northeast-2.amazonaws.com/workout-images/LEprlgG.webp,weight,5.0,등,,케이블 머신,,케이블
lFBTISi,펌 스타일 행잉 오블리크 니 레이즈,,복근,obliques,"Step:1 팔을 완전히 펴고 손바닥이 몸에서 멀어지도록 하여 풀업 바에 매달립니다. | Step:2 코어에 힘을 주고 무릎을 가슴 쪽으로 들어 올리면서 몸통을 옆으로 비틉니다. | Step:3 맨 위에서 잠시 멈춘 다음, 천천히 다리를 시작 자세로 되돌립니다. | Step:4 반대쪽도 같은 방식으로 반복하며 몸통을 반대 방향으로 비틉니다. | Step:5 원하는 횟수만큼 양쪽을 번갈아 가며 반복합니다. 단단한 통제에 집중합니다.",,weight,3.5,코어,허리 | 복부,맨몸,,맨몸
lFhb2Rw,스미스 프론트 스쿼트 (클린 그립),https://static.exercisedb.dev/media/lFhb2Rw.gif,둔근,quadriceps | 햄스트링 | 종아리 | 코어,"Step:1 스미스 머신을 어깨 높이의 바벨로 설정합니다. | Step:2 발을 어깨너비로 벌리고 바벨을 향해 섭니다. | Step:3 어깨너비보다 약간 넓게 오버핸드 그립으로 바벨을 잡습니다. | Step:4 뒤로 물러나 바벨을 앞 어깨에 위치시키고 쇄골과 삼각근에 댑니다. | Step:5 가슴을 펴고 등을 곧게 펴고 코어에 힘을 줍니다. | Step:6 의자에 앉는 것처럼 무릎과 엉덩이를 구부려 몸을 낮춥니다. | Step:7 허벅지가 바닥과 평행이 되거나 약간 아래가 될 때까지 계속 낮춥니다. | Step:8 잠시 멈춘 다음, 발뒤꿈치를 밀어 시작 자세로 돌아옵니다. | Step:9 원하는 횟수만큼 반복합니다.",https://melo2026.s3.ap-northeast-2.amazonaws.com/workout-images/lFhb2Rw.webp,weight,5.0,하체,허벅지,스미스 머신,,스미스 머신
LFIOery,샤프 스타일 덤벨 수모 풀 스루,,둔근,햄스트링 | quadriceps | 코어,"Step:1 발을 어깨너비보다 넓게 벌리고 발끝을 바깥쪽으로 향하게 합니다. | Step:2 양손으로 몸 앞쪽에서 덤벨을 잡고 팔을 뻗습니다. | Step:3 무릎을 구부리고 등을 곧게 편 상태를 유지하며 엉덩이를 스쿼트 자세로 낮춥니다. 샤프한 움직임에 집중합니다. | Step:4 팔을 곧게 편 상태를 유지하며 덤벨을 다리 사이로 내립니다. | Step:5 발뒤꿈치를 밀어 엉덩이를 앞으로 뻗으면서 덤벨을 몸 앞쪽으로 들어 올립니다. | Step:6 동작의 맨 위에서 엉덩이를 쥐어짠 다음, 덤벨을 다시 다리 사이로 내립니다. | Step:7 원하는 횟수만큼 반복합니다.",,weight,5.0,하체,허벅지,덤벨,,덤벨
lHeUULr,밴드 스트레이트 백 스티프 레그 데드리프트,https://static.exercisedb.dev/media/lHeUULr.gif,둔근,햄스트링 | lower back,Step:1 발을 어깨너비로 벌리고 밴드를 허벅지 위쪽에 놓습니다. | Step:2 양손으로 허벅지 앞쪽에서 밴드를 잡고 손바닥이 몸을 향하게 합니다. | Step:3 등을 곧게 펴고 무릎을 약간 구부린 상태를 유지하며 엉덩이를 접어 밴드를 바닥 쪽으로 내립니다. | Step:4 밴드를 내리면서 햄스트링의 스트레칭을 느낍니다. | Step:5 엉덩이와 햄스트링에 힘을 주어 몸을 시작 자세로 다시 들어 올립니다. | Step:6 원하는 횟수만큼 반복합니다.,https://melo2026.s3.ap-northeast-2.amazonaws.com/workout-images/lHeUULr.webp,weight,2.5,하체,허벅지,밴드,,밴드
LHWF7us,케틀벨 행 클린,https://static.exercisedb.dev/media/LHWF7us.gif,햄스트링,둔근 | quadriceps | 종아리,Step:1 발을 어깨너비로 벌리고 허벅지 앞쪽에서 케틀벨을 잡습니다. | Step:2 무릎을 약간 구부리고 등을 곧게 편 상태를 유지하며 엉덩이를 앞으로 접습니다. | Step:3 케틀벨을 바닥 쪽으로 내리면서 다리 사이로 흔들리게 합니다. | Step:4 엉덩이와 무릎을 빠르게 펴면서 추진력을 이용해 케틀벨을 어깨 높이까지 들어 올립니다. | Step:5 케틀벨이 어깨 높이에 도달하면 손목을 돌려 랙 자세로 잡습니다. 이때 팔꿈치는 몸에 붙이고 케틀벨은 팔뚝에 댑니다. | Step:6 케틀벨을 다리 사이의 시작 자세로 다시 내리고 원하는 횟수만큼 반복합니다.,https://melo2026.s3.ap-northeast-2.amazonaws.com/workout-images/LHWF7us.webp,weight,5.0,하체,허벅지,케틀벨,,케틀벨
lI7easp,덤벨 풀오버 힙 익스텐션 온 엑서사이즈 볼,https://static.exercisedb.dev/media/lI7easp.gif,대흉근,삼두근 | 어깨 | 코어,"Step:1 발을 바닥에 대고 덤벨을 허벅지에 올린 채로 엑서사이즈 볼 위에 앉습니다. | Step:2 발을 앞으로 천천히 걸어 엑서사이즈 볼을 등 아래쪽으로 굴려 머리, 목, 등 위쪽이 볼에 지지되도록 합니다. | Step:3 양손으로 덤벨을 잡고 팔꿈치를 약간 구부린 상태를 유지하며 팔을 가슴 위로 곧게 뻗습니다. | Step:4 팔을 곧게 펴고 통제력을 유지하면서 덤벨을 머리 뒤로 내립니다. | Step:5 잠시 멈춘 다음, 덤벨을 시작 자세로 다시 들어 올립니다. | Step:6 팔을 편 상태를 유지하면서 엉덩이를 바닥에서 들어 올리고 엉덩이를 쥐어짜고 코어에 힘을 줍니다. | Step:7 엉덩이를 시작 자세로 다시 내립니다. | Step:8 원하는 횟수만큼 반복합니다.",https://melo2026.s3.ap-northeast-2.amazonaws.com/workout-images/lI7easp.webp,weight,5.0,가슴,,덤벨,,덤벨
LIGZSTA,덤벨 원 암 프론 자세 해머 컬,https://static.exercisedb.dev/media/LIGZSTA.gif,이두근,전완근,"Step:1 덤벨을 한 손에 들고 손바닥이 몸을 향하게 하며 팔을 완전히 편 상태로 플랫 벤치에 엎드립니다. | Step:2 윗팔을 고정한 상태에서 이두근을 수축하며 덤벨을 어깨 쪽으로 컬합니다. | Step:3 맨 위에서 잠시 멈춘 다음, 천천히 덤벨을 시작 자세로 되돌립니다. | Step:4 원하는 횟수만큼 반복한 다음 팔을 바꿉니다.",https://melo2026.s3.ap-northeast-2.amazonaws.com/workout-images/LIGZSTA.webp,weight,5.0,팔,상완,덤벨,,덤벨
LIlE5Tn,점프 스쿼트,https://static.exercisedb.dev/media/LIlE5Tn.gif,둔근,quadriceps | 햄스트링 | 종아리,"Step:1 발을 어깨너비로 벌리고 섭니다. | Step:2 무릎을 구부리고 엉덩이를 뒤로 밀어 몸을 스쿼트 자세로 낮춥니다. | Step:3 엉덩이, 무릎, 발목을 펴면서 폭발적으로 땅에서 점프합니다. | Step:4 공중에서 균형을 잡기 위해 팔을 앞으로 빠르게 가져옵니다. | Step:5 발 앞꿈치로 부드럽게 착지하고 즉시 다음 반복으로 들어갑니다. | Step:6 원하는 횟수만큼 반복합니다.",https://melo2026.s3.ap-northeast-2.amazonaws.com/workout-images/LIlE5Tn.webp,weight,3.5,하체,허벅지,맨몸,,맨몸
lJJ7Yq8,케이블 라잉 플라이,https://static.exercisedb.dev/media/lJJ7Yq8.gif,대흉근,deltoids | 삼두근,"Step:1 케이블에 핸들을 부착하고 발을 바닥에 대고 벤치에 평평하게 눕습니다. | Step:2 손바닥이 서로 마주보게 핸들을 잡고 팔을 가슴 위로 곧게 뻗습니다. | Step:3 팔꿈치를 약간 구부린 상태를 유지하면서 가슴에서 스트레칭을 느낄 때까지 팔을 넓은 호를 그리며 옆으로 내립니다. | Step:4 잠시 멈춘 다음, 가슴 근육을 수축하여 팔을 시작 자세로 되돌립니다. | Step:5 원하는 횟수만큼 반복합니다.",https://melo2026.s3.ap-northeast-2.amazonaws.com/workout-images/lJJ7Yq8.webp,weight,2.5,가슴,,케이블 머신,,케이블
LkoAWAE,엘보우 딥스,https://static.exercisedb.dev/media/LkoAWAE.gif,삼두근,가슴 | 어깨,"Step:1 벤치나 의자 가장자리에 앉아 엉덩이 옆 가장자리를 손으로 잡습니다. | Step:2 엉덩이를 벤치에서 앞으로 미끄러뜨리고 다리를 펴고 발뒤꿈치를 바닥에 댑니다. | Step:3 팔꿈치를 구부리고 등을 벤치에 가깝게 유지하면서 몸을 바닥 쪽으로 내립니다. | Step:4 맨 아래에서 잠시 멈춘 다음, 손을 밀어 팔을 펴고 몸을 시작 자세로 다시 들어 올립니다. | Step:5 원하는 횟수만큼 반복합니다.",https://melo2026.s3.ap-northeast-2.amazonaws.com/workout-images/LkoAWAE.webp,weight,3.5,팔,상완,맨몸,,맨몸
LL1UiTX,덤벨 인클라인 원 암 해머 프레스,https://static.exercisedb.dev/media/LL1UiTX.gif,삼두근,어깨 | 가슴,"Step:1 덤벨을 한 손에 들고 허벅지에 올린 채로 인클라인 벤치에 앉습니다. | Step:2 벤치에 뒤로 기대고 허벅지를 사용하여 덤벨을 어깨 높이까지 들어 올립니다. | Step:3 손목을 돌려 손바닥이 몸 안쪽을 향하게 합니다. | Step:4 덤벨을 몸에서 위쪽으로 밀어 팔을 완전히 폅니다. | Step:5 맨 위에서 잠시 멈춘 다음, 천천히 덤벨을 시작 자세로 되돌립니다. | Step:6 원하는 횟수만큼 반복한 다음 팔을 바꿉니다.",https://melo2026.s3.ap-northeast-2.amazonaws.com/workout-images/LL1UiTX.webp,weight,5.0,팔,상완,덤벨,,덤벨
LLNh6q5,덤벨 인클라인 원 암 플라이 온 엑서사이즈 볼,https://static.exercisedb.dev/media/LLNh6q5.gif,대흉근,어깨,"Step:1 덤벨을 한 손에 들고 엑서사이즈 볼 위에 앉습니다. | Step:2 발을 앞으로 걸어 몸을 아래로 굴려 머리, 목, 등 위쪽이 볼에 지지되도록 합니다. | Step:3 팔을 가슴 위로 곧게 뻗고 손바닥이 안쪽을 향하게 하여 덤벨을 잡습니다. | Step:4 팔꿈치를 약간 구부린 상태를 유지하면서 덤벨을 옆으로 천천히 내립니다. | Step:5 팔이 바닥과 평행이 되면 잠시 멈춥니다. | Step:6 가슴 근육을 수축하여 덤벨을 시작 자세로 다시 들어 올립니다. | Step:7 원하는 횟수만큼 반복한 다음 팔을 바꿉니다.",https://melo2026.s3.ap-northeast-2.amazonaws.com/workout-images/LLNh6q5.webp,weight,5.0,가슴,,덤벨,,덤벨
LlSe9IK,어시스티드 스탠딩 친업 위드 포커스드,,광배근,이두근 | 전완근,"Step:1 머신을 원하는 보조 수준으로 조절합니다. | Step:2 (포커스드 변형) 발판 위에 서서 어깨너비보다 약간 넓게 오버핸드 그립으로 핸들을 잡습니다. | Step:3 가슴을 펴고 어깨를 뒤로 당기고 코어에 힘을 주고 무릎을 약간 구부립니다. | Step:4 팔꿈치를 구부리고 팔꿈치를 옆구리 쪽으로 내려 몸을 위로 당깁니다. | Step:5 턱이 바 위로 올라올 때까지 계속 당깁니다. | Step:6 맨 위에서 잠시 멈춘 다음, 천천히 몸을 시작 자세로 되돌립니다. | Step:7 원하는 횟수만큼 반복합니다.",,weight,5.0,등,,머신,레버리지 머신,레버리지 머신
LmaFNZS,웨이티드 돈키 카프 레이즈,https://static.exercisedb.dev/media/LmaFNZS.gif,종아리,햄스트링 | 둔근,"Step:1 발가락이 가장자리에 있고 발뒤꿈치가 매달린 상태로 높은 플랫폼 위에 섭니다. | Step:2 지지를 위해 안정적인 물체를 잡습니다. | Step:3 발목을 펴서 발뒤꿈치를 최대한 높이 들어 올립니다. | Step:4 맨 위에서 잠시 멈춘 다음, 천천히 발뒤꿈치를 시작 자세로 되돌립니다. | Step:5 원하는 횟수만큼 반복합니다.",https://melo2026.s3.ap-northeast-2.amazonaws.com/workout-images/LmaFNZS.webp,weight,5.0,하체,종아리,기타,중량,중량
LMGXZn8,바벨 디클라인 클로즈 그립 투 스컬 프레스,https://static.exercisedb.dev/media/LMGXZn8.gif,삼두근,가슴 | 어깨,"Step:1 머리가 발보다 낮은 디클라인 벤치에 눕고 클로즈 그립으로 바벨을 잡습니다. | Step:2 팔꿈치를 구부려 이마 쪽으로 바벨을 내리고 윗팔은 고정한 상태를 유지합니다. | Step:3 잠시 멈춘 다음, 팔을 펴서 바벨을 시작 자세로 다시 밀어 올립니다. | Step:4 원하는 횟수만큼 반복합니다.",https://melo2026.s3.ap-northeast-2.amazonaws.com/workout-images/LMGXZn8.webp,weight,5.0,팔,상완,바벨,,바벨
Ln9iTbU,바벨 리어 델트 레이즈,https://static.exercisedb.dev/media/Ln9iTbU.gif,삼각근,승모근 | rhomboids,Step:1 발을 어깨 너비로 벌리고 서서 손바닥이 아래를 향하도록 바벨을 오버핸드 그립으로 잡습니다. | Step:2 무릎을 살짝 구부리고 등을 곧게 편 채 엉덩이에서 앞으로 숙입니다. | Step:3 팔을 곧게 편 상태로 바벨을 옆으로 들어 올려 팔이 바닥과 평행이 될 때까지 올립니다. | Step:4 맨 위에서 잠시 멈춘 후 천천히 바벨을 시작 자세로 내립니다. | Step:5 원하는 횟수만큼 반복합니다.,https://melo2026.s3.ap-northeast-2.amazonaws.com/workout-images/Ln9iTbU.webp,weight,5.0,어깨,,바벨,,바벨
LNE3wfo,싱글 레그 플랫폼 슬라이드,https://static.exercisedb.dev/media/LNE3wfo.gif,햄스트링,둔근 | quadriceps,Step:1 한 발을 플랫폼이나 슬라이드 보드 위에 올려놓고 섭니다. | Step:2 무릎을 살짝 구부리고 플랫폼 위의 발을 뒤로 밀어 다리를 뻗습니다. | Step:3 코어에 힘을 주고 움직이는 동안 자세를 곧게 유지합니다. | Step:4 발을 원래 위치로 다시 밀어 시작 자세로 천천히 돌아옵니다. | Step:5 원하는 횟수만큼 동작을 반복한 후 다리를 바꿉니다.,https://melo2026.s3.ap-northeast-2.amazonaws.com/workout-images/LNE3wfo.webp,weight,3.5,하체,허벅지,맨몸,,맨몸
LQFOrMn,체스트 딥 온 스트레이트 바,https://static.exercisedb.dev/media/LQFOrMn.gif,대흉근,삼두근 | 어깨,Step:1 평행봉을 잡고 손바닥이 아래를 향하도록 하며 팔을 완전히 뻗습니다. | Step:2 무릎을 구부리고 발목을 교차합니다. | Step:3 팔을 구부려 어깨가 팔꿈치 아래로 내려갈 때까지 몸을 낮춥니다. | Step:4 팔을 펴서 시작 자세로 다시 밀어 올립니다. | Step:5 원하는 횟수만큼 반복합니다.,https://melo2026.s3.ap-northeast-2.amazonaws.com/workout-images/LQFOrMn.webp,weight,3.5,가슴,,맨몸,,맨몸
lRcrlH8,패스트 밴드 스트레이트 레그 데드리프트,,척추,햄스트링 | 둔근,Step:1 발을 어깨 너비로 벌리고 서서 발 주위에 밴드를 놓습니다. | Step:2 손바닥이 몸을 향하도록 밴드를 양손으로 잡고 팔을 곧게 폅니다. | Step:3 코어에 힘을 주고 무릎을 살짝 구부립니다. | Step:4 등을 곧게 펴고 가슴을 들어 올린 채 엉덩이에서 천천히 앞으로 숙입니다. | Step:5 다리를 곧게 편 상태로 밴드를 바닥 쪽으로 내립니다. | Step:6 맨 아래에서 잠시 멈춘 후 엉덩이와 햄스트링을 수축하여 시작 자세로 돌아옵니다. | Step:7 원하는 횟수만큼 반복합니다. 빠른 강도로 수행합니다.,,weight,5.0,등,,밴드,,밴드
LrV4s90,케이블 리스트 컬,https://static.exercisedb.dev/media/LrV4s90.gif,전완근,이두근 | brachialis,Step:1 스트레이트 바를 낮은 풀리 케이블 머신에 연결합니다. | Step:2 발을 어깨 너비로 벌리고 머신을 향해 섭니다. | Step:3 손바닥이 위를 향하도록 언더핸드 그립으로 바를 잡고 손은 어깨 너비로 벌립니다. | Step:4 팔뚝을 벤치나 패드에 올려놓고 손목이 가장자리에 걸리도록 합니다. | Step:5 팔뚝을 고정한 상태에서 숨을 내쉬며 손목을 가능한 한 위로 컬링합니다. | Step:6 맨 위에서 잠시 멈춘 후 숨을 들이쉬며 천천히 바를 시작 자세로 내립니다. | Step:7 원하는 횟수만큼 반복합니다.,https://melo2026.s3.ap-northeast-2.amazonaws.com/workout-images/LrV4s90.webp,weight,5.0,팔,전완,케이블 머신,,케이블
Lsqrgh4,스미스 리버스 카프 레이즈,https://static.exercisedb.dev/media/Lsqrgh4.gif,종아리,햄스트링,Step:1 스미스 머신 바를 어깨 바로 아래 높이로 조절합니다. | Step:2 발을 엉덩이 너비로 벌리고 발가락이 앞을 향하도록 바를 향해 섭니다. | Step:3 발 앞부분을 계단이나 플랫폼 가장자리에 놓고 발뒤꿈치는 걸쳐지도록 합니다. | Step:4 지지를 위해 바를 잡습니다. | Step:5 발뒤꿈치를 가능한 한 높이 들어 올려 발끝으로 몸을 들어 올립니다. | Step:6 맨 위에서 잠시 멈춘 후 천천히 발뒤꿈치를 시작 자세로 내립니다. | Step:7 원하는 횟수만큼 반복합니다.,https://melo2026.s3.ap-northeast-2.amazonaws.com/workout-images/Lsqrgh4.webp,weight,5.0,하체,종아리,스미스 머신,,스미스 머신
LSTChY9,바벨 제르처 스쿼트,https://static.exercisedb.dev/media/LSTChY9.gif,둔근,quadriceps | 햄스트링 | 종아리 | 코어,Step:1 발을 어깨 너비로 벌리고 발가락을 살짝 바깥쪽으로 향하게 합니다. | Step:2 팔꿈치 안쪽에 바벨을 잡고 안정성을 위해 손으로 바를 잡습니다. | Step:3 코어에 힘을 주고 가슴을 들어 올린 채 엉덩이를 뒤로 낮추면서 스쿼트 자세로 내려갑니다. | Step:4 무릎이 발가락과 일직선이 되도록 하고 발뒤꿈치에 체중을 싣습니다. | Step:5 스쿼트 맨 아래에서 잠시 멈춘 후 발뒤꿈치로 밀어 시작 자세로 돌아옵니다. | Step:6 원하는 횟수만큼 반복합니다.,https://melo2026.s3.ap-northeast-2.amazonaws.com/workout-images/LSTChY9.webp,weight,5.0,하체,허벅지,바벨,,바벨
LsZkfU6,바벨 리버스 리스트 컬,https://static.exercisedb.dev/media/LsZkfU6.gif,전완근,이두근 | brachialis,Step:1 발을 바닥에 평평하게 대고 벤치에 앉아 손바닥이 아래를 향하도록 바벨을 오버핸드 그립으로 잡습니다. | Step:2 팔뚝을 허벅지에 올려놓고 손목이 가장자리에 걸리도록 합니다. | Step:3 손목을 천천히 위로 컬링하여 바벨을 몸 쪽으로 가져옵니다. | Step:4 맨 위에서 잠시 멈춘 후 천천히 바벨을 시작 자세로 다시 내립니다. | Step:5 원하는 횟수만큼 반복합니다.,https://melo2026.s3.ap-northeast-2.amazonaws.com/workout-images/LsZkfU6.webp,weight,5.0,팔,전완,바벨,,바벨
Lt3iWnf,덤벨 플라이 온 엑서사이즈 볼,https://static.exercisedb.dev/media/Lt3iWnf.gif,대흉근,어깨 | 삼두근,"Step:1 운동 볼에 앉아 양손에 덤벨을 듭니다. | Step:2 발을 앞으로 걷고 머리, 목, 등 위쪽이 볼에 지지될 때까지 몸을 굴립니다. | Step:3 팔을 가슴 위로 곧게 뻗고 손바닥이 서로 마주보게 합니다. | Step:4 팔꿈치를 살짝 구부리고 가슴에서 스트레칭이 느껴질 때까지 팔을 넓게 아치형으로 옆으로 내립니다. | Step:5 잠시 멈춘 후 동작을 반대로 하여 덤벨을 시작 자세로 다시 가져오면서 가슴 근육을 수축합니다. | Step:6 원하는 횟수만큼 반복합니다.",https://melo2026.s3.ap-northeast-2.amazonaws.com/workout-images/Lt3iWnf.webp,weight,2.5,가슴,,덤벨,,덤벨
LuBEORI,레버 벤트-오버 로우 위드 V-바,https://static.exercisedb.dev/media/LuBEORI.gif,상부 등,이두근 | 전완근,Step:1 좌석 높이를 조절하고 머신을 향해 앉습니다. | Step:2 V-바를 오버핸드 그립으로 잡고 등을 곧게 펴고 무릎을 살짝 구부립니다. | Step:3 V-바를 복부 쪽으로 당기면서 견갑골을 함께 수축합니다. | Step:4 동작 맨 위에서 잠시 멈춘 후 천천히 무게를 시작 자세로 되돌립니다. | Step:5 원하는 횟수만큼 반복합니다.,https://melo2026.s3.ap-northeast-2.amazonaws.com/workout-images/LuBEORI.webp,weight,5.0,등,,머신,레버리지 머신,레버리지 머신
LWuA3aZ,바벨 스탠딩 리버스 그립 컬,https://static.exercisedb.dev/media/LWuA3aZ.gif,이두근,전완근,Step:1 발을 어깨 너비로 벌리고 똑바로 서서 손바닥이 위를 향하도록 바벨을 언더핸드 그립으로 잡습니다. | Step:2 팔꿈치를 몸통 가까이에 두고 위팔을 고정합니다. | Step:3 숨을 내쉬며 이두근을 수축하면서 바벨을 어깨에 최대한 가깝게 컬링합니다. | Step:4 이두근을 수축하면서 수축된 자세를 잠시 유지합니다. | Step:5 숨을 들이쉬며 천천히 바벨을 시작 자세로 내립니다. | Step:6 원하는 횟수만큼 반복합니다.,https://melo2026.s3.ap-northeast-2.amazonaws.com/workout-images/LWuA3aZ.webp,weight,5.0,팔,상완,바벨,,바벨
LYJodFS,린 플란체,https://static.exercisedb.dev/media/LYJodFS.gif,복근,어깨 | 가슴 | 삼두근,Step:1 손을 어깨 너비로 벌리고 몸을 곧게 편 푸시업 자세로 시작합니다. | Step:2 코어에 힘을 주고 어깨가 손을 지나가도록 체중을 천천히 앞으로 이동합니다. | Step:3 팔꿈치를 살짝 구부리고 몸을 곧게 편 상태로 앞으로 기울입니다. | Step:4 이 자세를 몇 초간 유지한 후 천천히 시작 자세로 돌아옵니다. | Step:5 원하는 횟수만큼 반복합니다.,https://melo2026.s3.ap-northeast-2.amazonaws.com/workout-images/LYJodFS.webp,weight,3.5,코어,허리 | 복부,맨몸,,맨몸
lyKCLmK,덤벨 시티드 리버스 그립 컨센트레이션 컬,https://static.exercisedb.dev/media/lyKCLmK.gif,이두근,전완근,"Step:1 발을 바닥에 평평하게 대고 벤치에 앉아 손바닥이 위를 향하도록 덤벨을 한 손으로 잡습니다. | Step:2 팔꿈치를 허벅지 안쪽, 무릎 바로 위쪽에 댑니다. | Step:3 위팔을 고정한 상태에서 숨을 내쉬며 덤벨을 어깨 쪽으로 컬링합니다. | Step:4 맨 위에서 잠시 멈추면서 이두근을 수축합니다. | Step:5 숨을 들이쉬며 천천히 덤벨을 시작 자세로 내립니다. | Step:6 원하는 횟수만큼 반복한 후 팔을 바꿉니다.",https://melo2026.s3.ap-northeast-2.amazonaws.com/workout-images/lyKCLmK.webp,weight,5.0,팔,상완,덤벨,,덤벨
LzX8YEz,올 포스 스쿼트 스트레치 - 엘리베이티드 변형,,대퇴사두근,햄스트링 | 둔근,"Step:1 네 발로 엎드린 자세에서 손은 어깨 바로 아래, 무릎은 엉덩이 바로 아래에 둡니다. | Step:2 한쪽 다리를 뒤로 곧게 뻗고 무릎은 구부린 채 발은 플렉스합니다. 엘리베이티드 자세를 계속 유지합니다. | Step:3 엉덩이를 바닥 쪽으로 천천히 낮추면서 대퇴사두근의 스트레칭을 느낍니다. | Step:4 이 자세를 20-30초간 유지합니다. | Step:5 다리를 바꿔 반대쪽에서도 스트레칭을 반복합니다.",,weight,2.5,하체,허벅지,맨몸,,맨몸
m0tCHqc,카프 스트레치 위드 핸즈 어게인스트 월,https://static.exercisedb.dev/media/m0tCHqc.gif,종아리,햄스트링,Step:1 벽을 향해 서서 발을 엉덩이 너비로 벌립니다. | Step:2 손을 어깨 높이로 벽에 댑니다. | Step:3 오른쪽 발을 뒤로 내딛고 발뒤꿈치를 바닥에 댄 채 다리를 곧게 폅니다. | Step:4 왼쪽 무릎을 구부리고 앞으로 기울이면서 뒷다리는 곧게 펴고 발뒤꿈치를 바닥에 댑니다. | Step:5 스트레칭을 20-30초간 유지합니다. | Step:6 다리를 바꿔 스트레칭을 반복합니다.,https://melo2026.s3.ap-northeast-2.amazonaws.com/workout-images/m0tCHqc.webp,weight,2.5,하체,종아리,맨몸,,맨몸
M2Pm3zj,덤벨 라잉 수피네이션,https://static.exercisedb.dev/media/M2Pm3zj.gif,전완근,이두근 | 어깨,"Step:1 바닥에 평평하게 누워 발을 바닥에 댑니다. | Step:2 양손에 덤벨을 잡고 손바닥이 위를 향하게 하며 팔을 완전히 뻗습니다. | Step:3 윗팔을 고정한 상태에서 팔뚝을 수축하여 덤벨을 어깨 쪽으로 들어 올립니다. | Step:4 맨 위에서 잠시 멈춘 후, 천천히 덤벨을 시작 자세로 되돌립니다. | Step:5 원하는 횟수만큼 반복합니다.",https://melo2026.s3.ap-northeast-2.amazonaws.com/workout-images/M2Pm3zj.webp,weight,5.0,팔,전완,덤벨,,덤벨
M5Y7GPg,웨이티드 스탠딩 컬,https://static.exercisedb.dev/media/M5Y7GPg.gif,이두근,전완근,"Step:1 발을 어깨너비로 벌리고 서서 양손에 덤벨을 잡고 손바닥이 앞을 향하게 합니다. | Step:2 팔꿈치를 몸통에 가깝게 붙이고 숨을 내쉬면서 덤벨을 어깨 높이까지 들어 올립니다. | Step:3 맨 위에서 잠시 멈춘 후, 숨을 들이쉬면서 천천히 덤벨을 시작 자세로 되돌립니다. | Step:4 원하는 횟수만큼 반복합니다.",https://melo2026.s3.ap-northeast-2.amazonaws.com/workout-images/M5Y7GPg.webp,weight,5.0,팔,상완,기타,중량,중량
M72BExt,엑서사이즈 볼 원 레그 프론 로어 바디 로테이션,https://static.exercisedb.dev/media/M72BExt.gif,둔근,햄스트링 | quadriceps | 코어,"Step:1 힙이 볼 위에 놓이고 다리가 뒤로 쭉 뻗은 상태에서 안정성 볼 위에 엎드립니다. | Step:2 지지를 위해 손을 앞에 바닥에 댑니다. | Step:3 둔근과 코어 근육을 사용하여 몸을 안정시킵니다. | Step:4 다리를 곧게 펴고 바닥과 평행하게 유지하면서 천천히 한쪽 다리를 땅에서 들어 올립니다. | Step:5 힙과 상체를 안정적으로 유지하면서 다리를 몸 바깥쪽으로 회전시킵니다. | Step:6 회전 끝에서 잠시 멈춘 후, 천천히 다리를 시작 자세로 되돌립니다. | Step:7 다른 다리로 회전을 반복합니다. | Step:8 원하는 횟수만큼 다리를 번갈아 가며 반복합니다.",https://melo2026.s3.ap-northeast-2.amazonaws.com/workout-images/M72BExt.webp,weight,3.5,하체,허벅지,기타,짐볼,짐볼
M74kdvm,케틀벨 더블 스내치,https://static.exercisedb.dev/media/M74kdvm.gif,삼각근,trapezius | 전완근 | 코어,"Step:1 발을 어깨너비로 벌리고 서서 양손에 케틀벨을 허벅지 앞쪽으로 팔 길이만큼 잡습니다. | Step:2 무릎을 살짝 구부리고 등을 곧게 펴고 가슴을 들어 올린 채 엉덩이 관절을 접습니다. | Step:3 폭발적인 동작으로 엉덩이, 무릎, 발목을 펴면서 동시에 케틀벨을 어깨 쪽으로 들어 올립니다. | Step:4 케틀벨이 어깨 높이에 도달하면 손목을 회전하고 케틀벨을 머리 위로 펀치하듯 뻗어 팔을 완전히 폅니다. | Step:5 케틀벨을 시작 자세로 되돌리고 원하는 횟수만큼 반복합니다.",https://melo2026.s3.ap-northeast-2.amazonaws.com/workout-images/M74kdvm.webp,weight,5.0,어깨,,케틀벨,,케틀벨
M8IolhQ,이지 바벨 클로즈 그립 프리쳐 컬 - 정밀 변형,,이두근,전완근,Step:1 프리쳐 컬 벤치에 앉아 윗팔을 패드 위에 올리고 언더핸드 그립으로 이지 바벨을 잡습니다. | Step:2 삼두근을 패드에 대고 등을 곧게 편 상태에서 팔을 완전히 폅니다. | Step:3 천천히 바벨을 어깨 쪽으로 컬링하며 이두근을 수축합니다. | Step:4 맨 위에서 잠시 멈춰 이두근을 쥐어짭니다. | Step:5 팔을 완전히 펴면서 천천히 바벨을 시작 자세로 되돌립니다. | Step:6 원하는 횟수만큼 반복합니다. 정밀한 컨트롤을 강조합니다.,,weight,5.0,팔,상완,바벨,,EZ 바벨
MaMuGH6,레버 어시스티드 친업,https://static.exercisedb.dev/media/MaMuGH6.gif,광배근,이두근 | 전완근,"Step:1 레버리지 머신을 원하는 저항 수준으로 조절합니다. | Step:2 발판에 서서 손잡이를 어깨너비보다 약간 넓게 오버핸드 그립으로 잡습니다. | Step:3 팔을 완전히 펴고 몸을 곧게 유지하며 매달립니다. | Step:4 등 근육을 사용하여 가슴을 리드하며 몸을 손잡이 쪽으로 끌어 올립니다. | Step:5 턱이 손잡이 위로 올라올 때까지 계속 당깁니다. | Step:6 맨 위에서 잠시 멈춘 후, 천천히 몸을 시작 자세로 되돌립니다. | Step:7 원하는 횟수만큼 반복합니다.",https://melo2026.s3.ap-northeast-2.amazonaws.com/workout-images/MaMuGH6.webp,weight,5.0,등,,머신,레버리지 머신,레버리지 머신
mAYqY4M,스트레치드 풀 플란체 푸시업,,대흉근,어깨 | 삼두근 | 코어,Step:1 손을 어깨너비보다 약간 넓게 벌리고 푸시업 자세를 취합니다. | Step:2 코어에 힘을 주고 팔꿈치를 옆구리에 가깝게 붙인 채 몸을 바닥 쪽으로 내립니다. | Step:3 몸을 내리면서 몸을 앞으로 기울이고 발을 땅에서 들어 올려 손으로 균형을 잡습니다. 스트레치 강도로 수행합니다. | Step:4 가슴이 바닥 바로 위까지 올 때까지 몸을 계속 내립니다. | Step:5 손으로 밀어 팔을 펴서 몸을 시작 자세로 다시 들어 올립니다. | Step:6 동작 내내 머리부터 발뒤꿈치까지 일직선을 유지합니다. | Step:7 원하는 횟수만큼 반복합니다.,,weight,2.5,가슴,,맨몸,,맨몸
mbkgB44,나이프 싯업,https://static.exercisedb.dev/media/mbkgB44.gif,복근,고관절 굴곡근,"Step:1 등을 대고 누워 다리를 뻗고 팔을 머리 위로 올립니다. | Step:2 코어에 힘을 주고 다리와 상체를 동시에 들어 올려 손을 발가락 쪽으로 뻗습니다. | Step:3 맨 위에서 잠시 멈춘 후, 천천히 다리와 상체를 시작 자세로 되돌립니다. | Step:4 원하는 횟수만큼 반복합니다.",https://melo2026.s3.ap-northeast-2.amazonaws.com/workout-images/mbkgB44.webp,weight,3.5,코어,허리 | 복부,맨몸,,맨몸
MCkqdKE,웨이티드 머슬업 (바),https://static.exercisedb.dev/media/MCkqdKE.gif,광배근,이두근 | 삼두근 | 어깨 | 전완근,"Step:1 손바닥이 자신을 향하게 하고 손을 어깨너비보다 약간 넓게 벌려 풀업 바에 매달립니다. | Step:2 코어에 힘을 주고 어깨뼈를 아래로 당겨 뒤로 보냅니다. | Step:3 팔꿈치를 구부리고 몸을 곧게 유지하면서 가슴을 바 쪽으로 당깁니다. | Step:4 가슴이 바에 닿으면 손으로 밀어내고 팔꿈치를 뒤로 보내 몸을 바 위로 들어 올립니다. | Step:5 동작의 맨 위에서 잠시 멈춘 후, 천천히 몸을 시작 자세로 되돌립니다. | Step:6 원하는 횟수만큼 반복합니다.",https://melo2026.s3.ap-northeast-2.amazonaws.com/workout-images/MCkqdKE.webp,weight,5.0,등,,기타,중량,중량
MCUhf1F,크런치 (안정성 볼),https://static.exercisedb.dev/media/MCUhf1F.gif,복근,고관절 굴곡근,"Step:1 발을 바닥에 대고 무릎을 90도 각도로 구부린 채 안정성 볼에 앉습니다. | Step:2 허리가 지지되고 상체가 바닥과 평행이 될 때까지 볼에 뒤로 눕습니다. | Step:3 손을 머리 뒤나 가슴 위에 올립니다. | Step:4 복근에 힘을 주고 상체를 무릎 쪽으로 들어 올리면서 몸통을 앞으로 컬링합니다. | Step:5 동작의 맨 위에서 잠시 멈춘 후, 천천히 상체를 시작 자세로 되돌립니다. | Step:6 원하는 횟수만큼 반복합니다.",https://melo2026.s3.ap-northeast-2.amazonaws.com/workout-images/MCUhf1F.webp,weight,3.5,코어,허리 | 복부,기타,짐볼,짐볼
MDFxU4b,쿼드 컴플렉스,,대퇴사두근,햄스트링 | 둔근,Step:1 발을 어깨너비로 벌리고 섭니다. | Step:2 무릎을 구부리고 의자에 앉는 것처럼 엉덩이를 뒤로 밀면서 몸을 낮춥니다. | Step:3 가슴을 들고 등을 곧게 유지합니다. | Step:4 허벅지가 바닥과 평행이 될 때까지 몸을 낮춥니다. | Step:5 발뒤꿈치로 밀어 시작 자세로 돌아옵니다. 복합적인 컨트롤을 강조합니다. | Step:6 원하는 횟수만큼 반복합니다.,,weight,3.5,하체,허벅지,맨몸,,맨몸
mExgrF9,벤치 풀업,https://static.exercisedb.dev/media/mExgrF9.gif,광배근,이두근 | 전완근,Step:1 가슴 높이의 바 또는 튼튼한 수평 표면 아래에 위치합니다. | Step:2 바 또는 표면을 어깨너비보다 약간 넓게 오버핸드 그립으로 잡습니다. | Step:3 팔을 완전히 펴고 몸을 곧게 유지하며 매달립니다. | Step:4 어깨뼈를 함께 쥐어짜고 팔꿈치를 구부리면서 가슴을 바 또는 표면 쪽으로 당깁니다. | Step:5 턱이 바 또는 표면 위로 올라올 때까지 계속 당깁니다. | Step:6 컨트롤하며 시작 자세로 천천히 내려옵니다. | Step:7 원하는 횟수만큼 반복합니다.,https://melo2026.s3.ap-northeast-2.amazonaws.com/workout-images/mExgrF9.webp,weight,3.5,등,,맨몸,,맨몸
mgejmGP,프리즈너 하프 싯업 (남성),https://static.exercisedb.dev/media/mgejmGP.gif,복근,고관절 굴곡근,"Step:1 등을 대고 누워 무릎을 구부리고 발을 바닥에 댑니다. | Step:2 손을 머리 뒤에 대고 팔꿈치를 바깥쪽으로 향하게 합니다. | Step:3 복근에 힘을 주고 상체를 천천히 땅에서 들어 올려 몸통이 45도 각도가 될 때까지 앞으로 컬링합니다. | Step:4 맨 위에서 잠시 멈춘 후, 천천히 상체를 시작 자세로 되돌립니다. | Step:5 원하는 횟수만큼 반복합니다.",https://melo2026.s3.ap-northeast-2.amazonaws.com/workout-images/mgejmGP.webp,weight,3.5,코어,허리 | 복부,맨몸,,맨몸
MgKwAAo,케이블 로프 익스텐션 인클라인 벤치 로우,https://static.exercisedb.dev/media/MgKwAAo.gif,상부 등,이두근 | 어깨,Step:1 45도 각도로 인클라인 벤치를 설정하고 로우 풀리에 케이블 머신을 연결합니다. | Step:2 케이블 머신에 로프 핸들을 연결하고 머신을 향해 인클라인 벤치에 앉습니다. | Step:3 오버핸드 그립으로 로프 핸들을 잡고 등을 곧게 편 채 앞으로 기울입니다. | Step:4 팔을 완전히 펴면서 팔꿈치를 몸에 가깝게 붙인 채 로프를 상부 가슴 쪽으로 당깁니다. | Step:5 동작 끝에서 어깨뼈를 함께 쥐어짭니다. | Step:6 천천히 긴장을 풀고 시작 자세로 돌아옵니다. | Step:7 원하는 횟수만큼 반복합니다.,https://melo2026.s3.ap-northeast-2.amazonaws.com/workout-images/MgKwAAo.webp,weight,5.0,등,,케이블 머신,,케이블
MKIelrR,케이블 원 암 프레스 온 엑서사이즈 볼,https://static.exercisedb.dev/media/MKIelrR.gif,대흉근,어깨 | 삼두근,"Step:1 발을 바닥에 대고 등을 곧게 편 채 엑서사이즈 볼에 앉습니다. | Step:2 한 손으로 케이블 핸들을 잡고 팔을 팔 높이로 구부립니다. | Step:3 다른 손은 안정성을 위해 엉덩이에 댑니다. | Step:4 케이블 핸들을 앞으로 눌러 팔을 완전히 폅니다. | Step:5 잠시 멈춘 후, 천천히 시작 자세로 돌아옵니다. | Step:6 원하는 횟수만큼 반복한 후 팔을 바꿉니다.",https://melo2026.s3.ap-northeast-2.amazonaws.com/workout-images/MKIelrR.webp,weight,5.0,가슴,,케이블 머신,,케이블
mKwcrHn,레버 그리퍼 핸즈,https://static.exercisedb.dev/media/mKwcrHn.gif,전완근,이두근 | 삼두근,Step:1 시트 높이를 조절하고 레버리지 머신의 핸들을 잡습니다. | Step:2 등을 곧게 펴고 발을 바닥에 평평하게 댑니다. | Step:3 숨을 내쉬면서 핸들을 쥐어 팔뚝을 수축합니다. | Step:4 수축 상태를 1초간 유지한 후 천천히 힘을 풀고 시작 자세로 돌아옵니다. | Step:5 원하는 횟수만큼 반복합니다.,https://melo2026.s3.ap-northeast-2.amazonaws.com/workout-images/mKwcrHn.webp,weight,5.0,팔,전완,머신,레버리지 머신,레버리지 머신
mnzcrIB,덤벨 벤치 스쿼트,https://static.exercisedb.dev/media/mnzcrIB.gif,둔근,quadriceps | 햄스트링 | 종아리,Step:1 벤치 앞에 덤벨을 놓습니다. | Step:2 벤치를 등지고 서서 발을 어깨너비로 벌립니다. | Step:3 무릎과 엉덩이를 구부려 벤치를 향해 몸을 낮추면서 가슴을 들고 등을 곧게 폅니다. | Step:4 엉덩이가 벤치에 닿으면 발뒤꿈치로 밀어 시작 자세로 돌아옵니다. | Step:5 원하는 횟수만큼 반복합니다.,https://melo2026.s3.ap-northeast-2.amazonaws.com/workout-images/mnzcrIB.webp,weight,5.0,하체,허벅지,덤벨,,덤벨
mpKZGWz,덤벨 라잉 트라이셉스 익스텐션,https://static.exercisedb.dev/media/mpKZGWz.gif,삼두근,어깨,Step:1 벤치에 등을 대고 누워 양손에 덤벨을 잡고 손바닥이 서로 마주보게 합니다. | Step:2 팔꿈치를 몸에 가깝게 유지하면서 팔을 가슴 위로 곧게 뻗습니다. | Step:3 팔꿈치를 구부려 덤벨을 이마 쪽으로 내립니다. | Step:4 잠시 멈춘 후 팔을 다시 시작 자세로 뻗습니다. | Step:5 원하는 횟수만큼 반복합니다.,https://melo2026.s3.ap-northeast-2.amazonaws.com/workout-images/mpKZGWz.webp,weight,5.0,팔,상완,덤벨,,덤벨
mpYUPkA,라잉 레그-힙 레이즈 - 컨트랙티드 베리에이션,,복근,고관절 굴곡근,Step:1 등을 대고 누워 다리를 뻗고 팔은 옆구리에 둡니다. | Step:2 지지를 위해 손을 엉덩이 아래에 둡니다. | Step:3 코어에 힘을 주고 다리를 들어 올려 천장을 향해 들어 올립니다. | Step:4 위에서 잠시 멈춘 후 천천히 다리를 시작 자세로 내립니다. 수축된 컨트롤을 강조합니다. | Step:5 원하는 횟수만큼 반복합니다.,,weight,3.5,코어,허리 | 복부,맨몸,,맨몸
mQ1tBXn,스트레이트 레그 아우터 힙 앱덕터,https://static.exercisedb.dev/media/mQ1tBXn.gif,외전근,둔근 | 햄스트링,Step:1 옆으로 누워 다리를 곧게 펴고 서로 쌓아 올립니다. | Step:2 지지를 위해 아래쪽 팔을 머리 아래에 둡니다. | Step:3 코어에 힘을 주고 엉덩이를 회전하거나 뒤로 기울이지 않고 위쪽 다리를 가능한 한 높이 들어 올립니다. | Step:4 위에서 잠시 멈춘 후 천천히 다리를 시작 자세로 내립니다. | Step:5 원하는 횟수만큼 반복한 후 반대쪽으로 전환합니다.,https://melo2026.s3.ap-northeast-2.amazonaws.com/workout-images/mQ1tBXn.webp,weight,3.5,하체,허벅지,맨몸,,맨몸
MqNdIbe,컨트롤드 리스트 롤러,,전완근,이두근 | 삼두근,Step:1 로프 또는 바의 한쪽 끝에 무게를 부착합니다. | Step:2 로프 또는 바의 다른 쪽 끝을 양손으로 잡고 손바닥이 아래를 향하게 합니다. | Step:3 발을 어깨너비로 벌리고 서서 팔을 앞으로 완전히 뻗습니다. | Step:4 손목을 구부려 무게를 천천히 손 쪽으로 굴립니다. | Step:5 위에서 잠시 멈춘 후 천천히 무게를 시작 자세로 내립니다. 통제된 강도로 수행합니다. | Step:6 원하는 횟수만큼 반복합니다.,,weight,5.0,팔,전완,기타,중량,중량
mr7pkqP,잭 버피,https://static.exercisedb.dev/media/mr7pkqP.gif,심폐 지구력,quadriceps | 햄스트링 | 종아리 | 어깨 | 삼두근 | 코어,Step:1 발을 어깨너비로 벌리고 선 자세에서 시작합니다. | Step:2 몸을 스쿼트 자세로 낮추고 손을 앞에 바닥에 댑니다. | Step:3 발을 뒤로 차서 푸시업 자세로 착지합니다. | Step:4 푸시업을 수행하여 가슴을 바닥으로 내렸다가 다시 밀어 올립니다. | Step:5 발을 앞으로 점프하여 스쿼트 자세로 착지합니다. | Step:6 팔을 머리 위로 뻗으며 폭발적으로 점프합니다. | Step:7 부드럽게 착지하고 즉시 스쿼트 자세로 돌아가 다음 반복을 시작합니다.,https://melo2026.s3.ap-northeast-2.amazonaws.com/workout-images/mr7pkqP.webp,cardio,3.5,유산소,,맨몸,,맨몸
Mr8d4KA,케틀벨 아놀드 프레스 - 비기너 베리에이션,,삼각근,삼두근 | 상부 등,Step:1 발을 어깨너비로 벌리고 서서 양손에 케틀벨을 어깨 높이로 잡고 손바닥이 자신을 향하게 합니다. | Step:2 코어에 힘을 주고 팔을 뻗으면서 손바닥을 앞으로 돌리면서 케틀벨을 머리 위로 누릅니다. 초보자 컨트롤을 강조합니다. | Step:3 동작의 맨 위에서 잠시 멈춘 후 천천히 케틀벨을 시작 자세로 내립니다. | Step:4 원하는 횟수만큼 반복합니다.,,weight,5.0,어깨,,케틀벨,,케틀벨
MRaFiZP,인버티드 스타일 스미스 시티드 숄더 프레스,,삼각근,삼두근 | 상부 등,Step:1 핸들이 어깨 높이가 되도록 시트 높이를 조절합니다. | Step:2 패드에 등을 대고 앉아 발을 바닥에 평평하게 댑니다. | Step:3 오버핸드 그립으로 핸들을 잡고 지지대에서 들어 올려 팔을 완전히 뻗습니다. | Step:4 팔꿈치를 약간 구부린 상태를 유지하면서 핸들을 어깨 높이까지 내립니다. | Step:5 팔이 완전히 펴질 때까지 핸들을 머리 위로 누릅니다. | Step:6 위에서 잠시 멈춘 후 핸들을 천천히 어깨 높이까지 다시 내립니다. 전체적으로 인버티드 자세를 유지합니다. | Step:7 원하는 횟수만큼 반복합니다.,,weight,5.0,어깨,,스미스 머신,,스미스 머신
MrgP9L6,레버 로터리 카프,https://static.exercisedb.dev/media/MrgP9L6.gif,종아리,soleus | ankle stabilizers,Step:1 무릎이 약간 구부러지고 발이 발판에 평평하게 닿도록 시트 높이를 조절합니다. | Step:2 발가락을 발판에 대고 발뒤꿈치는 가장자리에 걸칩니다. | Step:3 안정성을 위해 핸들이나 기계 측면을 잡습니다. | Step:4 발 앞꿈치로 밀어 발뒤꿈치를 가능한 한 높이 들어 올립니다. | Step:5 위에서 잠시 멈춘 후 천천히 발뒤꿈치를 시작 자세로 내립니다. | Step:6 원하는 횟수만큼 반복합니다.,https://melo2026.s3.ap-northeast-2.amazonaws.com/workout-images/MrgP9L6.webp,weight,5.0,하체,종아리,머신,레버리지 머신,레버리지 머신
ms7tjSG,인버스 레그 컬 (벤치 서포트),https://static.exercisedb.dev/media/ms7tjSG.gif,햄스트링,둔근 | 종아리,Step:1 벤치에 배를 대고 엎드려 엉덩이를 가장자리에 대고 다리를 뒤로 곧게 뻗습니다. | Step:2 지지를 위해 벤치를 잡습니다. | Step:3 상체를 고정한 상태에서 무릎을 구부려 다리를 엉덩이 쪽으로 컬링합니다. | Step:4 위에서 잠시 멈춘 후 천천히 다리를 시작 자세로 뻗습니다. | Step:5 원하는 횟수만큼 반복합니다.,https://melo2026.s3.ap-northeast-2.amazonaws.com/workout-images/ms7tjSG.webp,weight,3.5,하체,허벅지,맨몸,,맨몸
MSfvriJ,스킨 더 캣,https://static.exercisedb.dev/media/MSfvriJ.gif,상부 등,어깨 | 코어,Step:1 팔을 완전히 뻗고 몸을 이완한 상태에서 바에 매달리는 것으로 시작합니다. | Step:2 코어에 힘을 주고 다리를 들어 올려 무릎을 가슴 쪽으로 가져옵니다. | Step:3 다리를 계속 들어 머리 위로 넘기고 몸이 팔 사이를 통과하도록 합니다. | Step:4 다리가 머리 위로 완전히 펴지면 시작 자세로 다시 내리기 시작합니다. | Step:5 다리를 내리면서 몸이 팔 사이를 다시 통과하도록 하여 팔을 완전히 뻗은 상태로 다시 매달립니다. | Step:6 원하는 횟수만큼 반복합니다.,https://melo2026.s3.ap-northeast-2.amazonaws.com/workout-images/MSfvriJ.webp,weight,3.5,등,,맨몸,,맨몸
mTT3KLn,케이블 프론트 숄더 레이즈,https://static.exercisedb.dev/media/mTT3KLn.gif,삼각근,trapezius | 이두근,Step:1 발을 어깨너비로 벌리고 서서 오버핸드 그립으로 케이블 핸들을 잡습니다. | Step:2 등을 곧게 펴고 코어를 유지합니다. | Step:3 팔을 곧게 펴고 손바닥이 아래를 향하게 하면서 케이블 핸들을 앞으로 들어 올립니다. | Step:4 팔이 바닥과 평행이 될 때까지 계속 들어 올립니다. | Step:5 위에서 잠시 멈춘 후 케이블 핸들을 천천히 시작 자세로 내립니다. | Step:6 원하는 횟수만큼 반복합니다.,https://melo2026.s3.ap-northeast-2.amazonaws.com/workout-images/mTT3KLn.webp,weight,5.0,어깨,,케이블 머신,,케이블
mtXengz,덤벨 핑거 컬,https://static.exercisedb.dev/media/mtXengz.gif,전완근,wrist flexors | wrist extensors,Step:1 벤치나 의자에 앉아 발을 바닥에 평평하게 대고 등을 곧게 폅니다. | Step:2 한 손에 덤벨을 언더핸드 그립으로 잡고 팔뚝을 허벅지에 대고 손바닥이 위를 향하게 합니다. | Step:3 덤벨을 손가락 끝까지 굴린 다음 손가락을 구부려 다시 위로 컬링합니다. | Step:4 원하는 횟수만큼 반복한 후 다른 손으로 전환합니다.,https://melo2026.s3.ap-northeast-2.amazonaws.com/workout-images/mtXengz.webp,weight,5.0,팔,전완,덤벨,,덤벨
mu5Guxt,덤벨 리어 델트 레이즈,https://static.exercisedb.dev/media/mu5Guxt.gif,삼각근,trapezius | rhomboids,Step:1 발을 어깨너비로 벌리고 서서 양손에 덤벨을 잡고 손바닥이 몸을 향하게 합니다. | Step:2 무릎을 약간 구부리고 등을 곧게 편 상태에서 엉덩이에서 앞으로 경첩합니다. | Step:3 팔꿈치를 약간 구부린 상태를 유지하면서 팔을 옆으로 들어 올려 바닥과 평행이 될 때까지 올립니다. | Step:4 위에서 잠시 멈춘 후 천천히 팔을 시작 자세로 내립니다. | Step:5 원하는 횟수만큼 반복합니다.,https://melo2026.s3.ap-northeast-2.amazonaws.com/workout-images/mu5Guxt.webp,weight,5.0,어깨,,덤벨,,덤벨
MU9HnE7,웨이티드 벤치 딥,https://static.exercisedb.dev/media/MU9HnE7.gif,삼두근,가슴 | 어깨,Step:1 손으로 벤치 가장자리를 잡고 손가락이 앞을 향하도록 앉습니다. | Step:2 엉덩이를 벤치에서 떼고 손으로 몸을 지탱합니다. | Step:3 팔꿈치를 구부려 상완이 바닥과 평행이 될 때까지 몸을 내립니다. | Step:4 팔을 펴서 시작 자세로 돌아옵니다. | Step:5 원하는 횟수만큼 반복합니다.,https://melo2026.s3.ap-northeast-2.amazonaws.com/workout-images/MU9HnE7.webp,weight,5.0,팔,상완,기타,중량,중량
MUic5zN,싱글 암 푸시업,https://static.exercisedb.dev/media/MUic5zN.gif,대흉근,삼두근 | 어깨 | 코어,"Step:1 푸시업 자세에서 시작하며, 손은 어깨너비로 벌리고 한 손은 다른 손보다 약간 넓게 둡니다. | Step:2 코어에 힘을 주고 팔꿈치를 구부려 몸을 바닥으로 내리면서 등을 곧게 유지합니다. | Step:3 몸을 내리면서 체중을 한쪽으로 옮기고 반대쪽 팔을 들어 올려 옆으로 쭉 뻗습니다. | Step:4 가슴과 삼두근으로 몸을 밀어 시작 자세로 돌아오면서 동시에 뻗었던 팔을 바닥으로 내립니다. | Step:5 반복할 때마다 뻗는 팔을 바꿔가며 동작을 반복합니다.",https://melo2026.s3.ap-northeast-2.amazonaws.com/workout-images/MUic5zN.webp,weight,3.5,가슴,,맨몸,,맨몸
MvQPqVW,케이블 유도 플립,https://static.exercisedb.dev/media/MvQPqVW.gif,복근,obliques | 어깨,Step:1 케이블 머신을 마주보고 서서 발을 어깨너비로 벌립니다. | Step:2 양손으로 케이블 손잡이를 잡고 가슴 높이에서 손바닥이 아래를 향하도록 합니다. | Step:3 코어에 힘을 주고 몸통을 오른쪽으로 회전시키면서 케이블을 몸을 가로질러 당깁니다. | Step:4 회전하면서 뒷발을 축으로 삼고 엉덩이가 자연스럽게 회전하도록 합니다. | Step:5 팔을 완전히 펴고 어깨 위로 케이블 손잡이를 넘기면서 동작을 마무리합니다. | Step:6 동작을 반대로 하여 시작 자세로 돌아옵니다. | Step:7 반대쪽에서도 동작을 반복합니다. | Step:8 원하는 횟수만큼 번갈아 가며 반복합니다.,https://melo2026.s3.ap-northeast-2.amazonaws.com/workout-images/MvQPqVW.webp,weight,5.0,코어,허리 | 복부,케이블 머신,,케이블
mWBtgmb,덤벨 싱글 암 오버헤드 캐리,https://static.exercisedb.dev/media/mWBtgmb.gif,삼각근,승모근 | 코어,Step:1 발을 어깨너비로 벌리고 똑바로 서서 한 손으로 덤벨을 잡습니다. | Step:2 덤벨을 머리 위로 들어 올려 팔을 완전히 폅니다. | Step:3 코어에 힘을 주고 등을 곧게 유지하면서 덤벨을 머리 위에 둔 채 앞으로 걷습니다. | Step:4 원하는 거리나 시간만큼 계속 걷습니다. | Step:5 손을 바꿔가며 운동을 반복합니다.,https://melo2026.s3.ap-northeast-2.amazonaws.com/workout-images/mWBtgmb.webp,weight,5.0,어깨,,덤벨,,덤벨
mweqJin,퀵 피트 v. 2,https://static.exercisedb.dev/media/mweqJin.gif,대퇴사두근,종아리 | 햄스트링,Step:1 발을 어깨너비로 벌리고 팔을 옆구리에 붙이고 섭니다. | Step:2 제자리에서 뛰는 것처럼 발을 빠르고 위아래로 움직이기 시작합니다. | Step:3 발 앞꿈치로 균형을 잡으면서 빠르고 가볍게 움직입니다. | Step:4 원하는 시간 또는 횟수만큼 계속합니다.,https://melo2026.s3.ap-northeast-2.amazonaws.com/workout-images/mweqJin.webp,weight,3.5,하체,허벅지,맨몸,,맨몸
mWppALS,그로인 크런치,https://static.exercisedb.dev/media/mWppALS.gif,복근,고관절 굴곡근 | inner thighs,"Step:1 무릎을 구부리고 발을 바닥에 댄 채 똑바로 눕습니다. | Step:2 손을 머리 뒤에 놓고 팔꿈치를 바깥쪽으로 향하게 합니다. | Step:3 복근에 힘을 주고 다리를 들어 올려 무릎을 가슴 쪽으로 당깁니다. | Step:4 맨 위에서 잠시 멈춘 후, 천천히 다리를 내려 시작 자세로 돌아옵니다. | Step:5 원하는 횟수만큼 반복합니다.",https://melo2026.s3.ap-northeast-2.amazonaws.com/workout-images/mWppALS.webp,weight,3.5,코어,허리 | 복부,맨몸,,맨몸
mwpPcr1,덤벨 프론 인클라인 컬,https://static.exercisedb.dev/media/mwpPcr1.gif,이두근,전완근,Step:1 벤치를 45도 각도로 조절합니다. | Step:2 가슴과 배를 벤치에 대고 엎드립니다. | Step:3 양손에 덤벨을 잡고 손바닥이 아래를 향하도록 하며 팔을 완전히 폅니다. | Step:4 팔꿈치를 고정한 채 숨을 내쉬면서 이두근을 수축하며 덤벨을 컬합니다. | Step:5 이두근이 완전히 수축되고 덤벨이 어깨 높이에 올 때까지 계속 들어 올립니다. | Step:6 이두근을 쥐어짜면서 수축된 자세를 잠시 유지합니다. | Step:7 숨을 들이쉬면서 천천히 덤벨을 시작 자세로 내립니다. | Step:8 원하는 횟수만큼 반복합니다.,https://melo2026.s3.ap-northeast-2.amazonaws.com/workout-images/mwpPcr1.webp,weight,5.0,팔,상완,덤벨,,덤벨
Mxa7Cr8,벤치 인버티드 로우,https://static.exercisedb.dev/media/Mxa7Cr8.gif,상부 등,이두근 | 전완근,"Step:1 몸이 아래로 자유롭게 매달릴 수 있는 높이로 벤치를 설정합니다. | Step:2 머리를 벤치 쪽으로 향하게 하고 바닥에 엎드립니다. | Step:3 벤치를 어깨너비보다 약간 넓게 오버핸드 그립으로 잡습니다. | Step:4 발뒤꿈치를 바닥에 대고 팔을 완전히 편 상태로 몸을 위치시킵니다. | Step:5 코어에 힘을 주고 날개뼈를 모으면서 가슴을 벤치 쪽으로 당깁니다. | Step:6 동작의 맨 위에서 잠시 멈춘 후, 천천히 몸을 내려 시작 자세로 돌아옵니다. | Step:7 원하는 횟수만큼 반복합니다.",https://melo2026.s3.ap-northeast-2.amazonaws.com/workout-images/Mxa7Cr8.webp,weight,3.5,등,,맨몸,,맨몸
my33uHU,레버 레그 익스텐션,https://static.exercisedb.dev/media/my33uHU.gif,대퇴사두근,햄스트링,"Step:1 기계의 좌석 높이와 등받이를 몸에 맞게 조절합니다. | Step:2 등받이에 등을 대고 앉아 발을 발판에 댑니다. | Step:3 안정성을 위해 손잡이나 측면 바를 잡습니다. | Step:4 무릎을 펴서 다리를 앞으로 뻗어 무게를 들어 올립니다. | Step:5 맨 위에서 잠시 멈춘 후, 천천히 무게를 내려 시작 자세로 돌아옵니다. | Step:6 원하는 횟수만큼 반복합니다.",https://melo2026.s3.ap-northeast-2.amazonaws.com/workout-images/my33uHU.webp,weight,5.0,하체,허벅지,머신,레버리지 머신,레버리지 머신
MY9P1WA,스미스 덱클라인 리버스 그립 프레스,https://static.exercisedb.dev/media/MY9P1WA.gif,대흉근,삼두근 | 어깨,"Step:1 스미스 머신을 덱클라인 자세로 조절합니다. | Step:2 발을 발 패드 아래에 고정하고 벤치에 눕습니다. | Step:3 리버스 그립으로 바벨을 잡고 손은 어깨너비보다 약간 넓게 벌립니다. | Step:4 바벨을 언랙하고 팔꿈치를 몸에 붙인 채 가슴 쪽으로 내립니다. | Step:5 맨 아래에서 잠시 멈춘 후, 바벨을 밀어 시작 자세로 돌아옵니다. | Step:6 원하는 횟수만큼 반복합니다.",https://melo2026.s3.ap-northeast-2.amazonaws.com/workout-images/MY9P1WA.webp,weight,5.0,가슴,,스미스 머신,,스미스 머신
myfUsKf,레버 시티드 리버스 플라이,https://static.exercisedb.dev/media/myfUsKf.gif,삼각근,trapezius | rhomboids,"Step:1 좌석 높이를 조절하고 가슴을 패드에 대고 발을 바닥에 평평하게 댄 채 기계에 앉습니다. | Step:2 손잡이를 오버핸드 그립으로 잡고 팔을 약간 구부립니다. | Step:3 숨을 내쉬면서 날개뼈를 모으고 손잡이를 몸 바깥쪽으로 당깁니다. | Step:4 최대 수축 지점에서 잠시 멈춘 후, 숨을 들이쉬면서 천천히 시작 자세로 돌아옵니다. | Step:5 원하는 횟수만큼 반복합니다.",https://melo2026.s3.ap-northeast-2.amazonaws.com/workout-images/myfUsKf.webp,weight,5.0,어깨,,머신,레버리지 머신,레버리지 머신
myJeTAe,터프 케이블 원 암 레터럴 레이즈,,삼각근,승모근 | 삼두근,"Step:1 발을 어깨너비로 벌리고 케이블 머신을 마주보고 섭니다. | Step:2 한 손으로 케이블 손잡이를 잡고 손바닥이 아래를 향하도록 하며, 케이블에 장력이 걸릴 만큼 머신에서 충분히 떨어져 섭니다. | Step:3 팔을 곧게 펴고 옆으로 들어 올려 바닥과 평행이 될 때까지 천천히 올립니다. | Step:4 맨 위에서 잠시 멈춘 후, 팔을 천천히 시작 자세로 내립니다. 터프한 움직임에 집중합니다. | Step:5 원하는 횟수만큼 반복한 후 반대쪽으로 전환합니다.",,weight,5.0,어깨,,케이블 머신,,케이블
mym4hJo,덤벨 라잉 프로네이션,https://static.exercisedb.dev/media/mym4hJo.gif,전완근,이두근 | 어깨,"Step:1 벤치에 가슴을 아래로 향하게 하고 팔을 아래로 쭉 뻗은 채 눕고, 양손에 덤벨을 잡습니다. | Step:2 손바닥이 위를 향하도록 돌립니다. | Step:3 팔꿈치를 고정한 채 숨을 내쉬면서 손바닥을 위로 향하게 돌리면서 덤벨을 컬합니다. | Step:4 숨을 들이쉬면서 천천히 덤벨을 시작 자세로 내립니다. | Step:5 원하는 횟수만큼 반복합니다.",https://melo2026.s3.ap-northeast-2.amazonaws.com/workout-images/mym4hJo.webp,weight,5.0,팔,전완,덤벨,,덤벨
Mz6lLcW,덤벨 런지 위드 바이셉 컬,https://static.exercisedb.dev/media/Mz6lLcW.gif,이두근,quadriceps | 햄스트링,"Step:1 발을 어깨너비로 벌리고 양손에 덤벨을 잡고 손바닥이 앞을 향하도록 섭니다. | Step:2 오른쪽 발을 앞으로 내딛어 런지 자세로 몸을 낮춥니다. 오른쪽 무릎은 90도 각도로 구부리고 왼쪽 무릎은 바닥 바로 위에 있어야 합니다. | Step:3 앞으로 런지하면서 동시에 덤벨을 어깨 쪽으로 컬하고 팔꿈치를 몸에 가깝게 유지합니다. | Step:4 런지의 맨 아래에서 잠시 멈춘 후, 오른쪽 발뒤꿈치로 밀어 시작 자세로 돌아오면서 덤벨을 옆구리로 내립니다. | Step:5 왼쪽 발을 앞으로 내딛어 반대쪽에서 런지와 바이셉 컬을 반복합니다. | Step:6 원하는 횟수만큼 번갈아 가며 반복합니다.",https://melo2026.s3.ap-northeast-2.amazonaws.com/workout-images/Mz6lLcW.webp,weight,5.0,팔,상완,덤벨,,덤벨
MzNnwx9,스미스 백 슈러그,https://static.exercisedb.dev/media/MzNnwx9.gif,승모근,어깨,"Step:1 발을 어깨너비로 벌리고 무릎을 약간 구부리고 섭니다. | Step:2 바벨을 오버핸드 그립으로 잡고 손은 어깨너비보다 약간 넓게 벌립니다. | Step:3 팔을 곧게 펴고 바벨이 허벅지 앞에 매달리도록 합니다. | Step:4 어깨를 귀 쪽으로 똑바로 들어 올리면서 맨 위에서 승모근을 쥐어짭니다. | Step:5 잠시 멈춘 후, 어깨를 내려 시작 자세로 돌아옵니다. | Step:6 원하는 횟수만큼 반복합니다.",https://melo2026.s3.ap-northeast-2.amazonaws.com/workout-images/MzNnwx9.webp,weight,5.0,등,,스미스 머신,,스미스 머신
N3EirIW,레버 어시스티드 친업 위드 트위스티드,,광배근,이두근 | 전완근,"Step:1 레버리지 머신을 원하는 저항 레벨로 조절하세요. | Step:2 발판 위에 서서 어깨너비보다 약간 넓게 오버핸드 그립으로 손잡이를 잡으세요. | Step:3 팔을 완전히 펴고 몸을 곧게 유지하며 매달리세요. | Step:4 (트위스티드 변형) 등 근육을 사용하여 가슴을 앞으로 내밀며 몸을 손잡이 쪽으로 당기세요. | Step:5 턱이 손잡이 위로 올라올 때까지 계속 당기세요. | Step:6 맨 위에서 잠시 멈춘 후, 천천히 몸을 시작 자세로 되돌리세요. | Step:7 원하는 횟수만큼 반복하세요.",,weight,5.0,등,,머신,레버리지 머신,레버리지 머신
n5cWCsI,덤벨 원 암 레터럴 레이즈,https://static.exercisedb.dev/media/n5cWCsI.gif,삼각근,trapezius | 삼두근,"Step:1 발을 어깨너비로 벌리고 서서 한 손에 덤벨을 잡고 손바닥이 몸을 향하게 하세요. | Step:2 운동 내내 등을 곧게 펴고 코어를 단단히 유지하세요. | Step:3 팔을 곧게 펴고 손바닥이 아래를 향하게 하면서 덤벨을 옆으로 들어 올리세요. | Step:4 팔이 바닥과 평행이 될 때까지 계속 들어 올리세요. | Step:5 맨 위에서 잠시 멈춘 후, 천천히 덤벨을 시작 자세로 되돌리세요. | Step:6 원하는 횟수만큼 반복한 후, 다른 팔로 바꾸세요.",https://melo2026.s3.ap-northeast-2.amazonaws.com/workout-images/n5cWCsI.webp,weight,5.0,어깨,,덤벨,,덤벨
N6dZN2I,사이드 케이블 하이 로우 (니이링),,상부 등,이두근 | 어깨,"Step:1 케이블 머신에 체스트 높이로 스트레이트 바를 연결하세요. | Step:2 케이블 머신 앞에 무릎을 꿇고 손을 어깨너비로 벌려 오버핸드 그립으로 바를 잡으세요. | Step:3 등을 곧게 펴고 코어를 단단히 유지하면서 발뒤꿈치에 앉으세요. | Step:4 견갑골을 모으면서 바를 상복부 쪽으로 당기세요. | Step:5 동작의 맨 위에서 잠시 멈춘 후, 천천히 바를 시작 자세로 되돌리세요. | Step:6 원하는 횟수만큼 반복하세요. 전체적으로 사이드 폼을 유지하세요.",,weight,5.0,등,,케이블 머신,,케이블
NAgVB3t,휠 롤러아웃,https://static.exercisedb.dev/media/NAgVB3t.gif,복근,lower back,"Step:1 바닥에 무릎을 꿇고 휠 롤러를 앞에 두세요. | Step:2 손잡이를 잡고 팔을 앞으로 곧게 뻗으세요. | Step:3 코어 근육을 사용하고 등을 곧게 펴고 복근을 단단히 유지하면서 휠을 천천히 앞으로 굴리세요. | Step:4 몸이 완전히 펴지고 팔이 머리 위로 올라갈 때까지 앞으로 굴리세요. | Step:5 잠시 멈춘 후, 복근을 단단히 유지하고 통제력을 유지하면서 휠을 천천히 무릎 쪽으로 되돌리세요. | Step:6 원하는 횟수만큼 반복하세요.",https://melo2026.s3.ap-northeast-2.amazonaws.com/workout-images/NAgVB3t.webp,weight,3.5,코어,허리 | 복부,폼롤러,,휠 롤러
NAkmgdx,암스 오버헤드 풀 시트업 (남성),https://static.exercisedb.dev/media/NAkmgdx.gif,복근,고관절 굴곡근 | lower back,"Step:1 무릎을 구부리고 발을 바닥에 평평하게 대고 등을 대고 누우세요. | Step:2 팔을 곧게 펴서 머리 위로 뻗으세요. | Step:3 복근을 사용하여 상체를 바닥에서 천천히 들어 올리고, 상체가 똑바로 설 때까지 앞으로 말아 올리세요. | Step:4 맨 위에서 잠시 멈춘 후, 천천히 상체를 시작 자세로 되돌리세요. | Step:5 원하는 횟수만큼 반복하세요.",https://melo2026.s3.ap-northeast-2.amazonaws.com/workout-images/NAkmgdx.webp,weight,3.5,코어,허리 | 복부,맨몸,,맨몸
nAuHPcD,덤벨 원 암 트라이셉스 익스텐션 (벤치에서),https://static.exercisedb.dev/media/nAuHPcD.gif,삼두근,어깨,"Step:1 등을 곧게 펴고 발을 바닥에 평평하게 대고 벤치에 앉으세요. | Step:2 한 손에 덤벨을 잡고 다른 손으로 벤치를 지지하세요. | Step:3 팔꿈치를 머리 가까이에 두고 팔꿈치가 앞을 향하게 하면서 덤벨을 머리 위로 들어 올리세요. | Step:4 팔꿈치를 구부려 덤벨을 머리 뒤로 내리면서 위팔은 움직이지 않게 유지하세요. | Step:5 팔꿈치를 완전히 펴서 시작 자세로 다시 올리세요. | Step:6 원하는 횟수만큼 반복한 후, 다른 팔로 바꾸세요.",https://melo2026.s3.ap-northeast-2.amazonaws.com/workout-images/nAuHPcD.webp,weight,5.0,팔,상완,덤벨,,덤벨
NbVPDMW,덤벨 바이셉스 컬,https://static.exercisedb.dev/media/NbVPDMW.gif,이두근,전완근,Step:1 똑바로 서서 각 손에 덤벨을 들고 손바닥이 앞을 향하게 하고 팔을 완전히 뻗으세요. | Step:2 위팔을 고정하고 숨을 내쉬면서 이두근을 수축하며 덤벨을 컬링하세요. | Step:3 이두근이 완전히 수축되고 덤벨이 어깨 높이에 올 때까지 계속 들어 올리세요. | Step:4 이두근을 쥐어짜면서 수축된 자세를 잠시 유지하세요. | Step:5 숨을 들이쉬면서 천천히 덤벨을 시작 자세로 되돌리세요. | Step:6 원하는 횟수만큼 반복하세요.,https://melo2026.s3.ap-northeast-2.amazonaws.com/workout-images/NbVPDMW.webp,weight,5.0,팔,상완,덤벨,,덤벨
NCmbLCw,푸시업 (벽) v. 2,https://static.exercisedb.dev/media/NCmbLCw.gif,대흉근,삼두근 | 어깨,"Step:1 벽을 향해 서서 약 팔 길이만큼 떨어지세요. | Step:2 손을 어깨 높이에, 어깨너비보다 약간 넓게 벽에 대세요. | Step:3 발을 엉덩이 너비로 벌리고 뒤로 물러서세요. | Step:4 코어를 사용하고 머리부터 발뒤꿈치까지 몸을 일직선으로 유지하세요. | Step:5 팔꿈치를 구부리고 몸을 곧게 유지하면서 가슴을 벽 쪽으로 내리세요. | Step:6 잠시 멈춘 후, 시작 자세로 다시 밀어내세요. | Step:7 원하는 횟수만큼 반복하세요.",https://melo2026.s3.ap-northeast-2.amazonaws.com/workout-images/NCmbLCw.webp,weight,3.5,가슴,,맨몸,,맨몸
nCU1Ekp,리버스 크런치,https://static.exercisedb.dev/media/nCU1Ekp.gif,복근,고관절 굴곡근,"Step:1 팔을 옆구리에 펴고 등을 대고 눕습니다. | Step:2 무릎을 구부리고 발을 바닥에서 들어 올려 허벅지가 바닥과 수직이 되도록 합니다. | Step:3 복근을 수축하고 엉덩이를 바닥에서 들어 올려 무릎을 가슴 쪽으로 가져옵니다. | Step:4 맨 위에서 잠시 멈춘 후, 천천히 엉덩이를 시작 자세로 되돌립니다. | Step:5 원하는 횟수만큼 반복합니다.",https://melo2026.s3.ap-northeast-2.amazonaws.com/workout-images/nCU1Ekp.webp,weight,3.5,코어,허리 | 복부,맨몸,,맨몸
NdIb5Z1,바벨 스탠딩 와이드 그립 컬,https://static.exercisedb.dev/media/NdIb5Z1.gif,이두근,전완근 | 어깨,Step:1 발을 어깨너비로 벌리고 똑바로 서서 어깨너비보다 넓게 손을 벌려 오버핸드 그립으로 바벨을 잡으세요. | Step:2 손바닥이 몸에서 멀어지도록 하고 팔을 허벅지 앞에서 길게 늘어뜨리세요. | Step:3 위팔을 고정하고 숨을 내쉬면서 이두근을 수축하여 바벨을 위로 컬링하세요. | Step:4 이두근이 완전히 수축되고 바벨이 어깨 높이에 올 때까지 계속 들어 올리세요. | Step:5 이두근을 쥐어짜면서 수축된 자세를 잠시 유지하세요. | Step:6 숨을 들이쉬면서 천천히 바벨을 시작 자세로 되돌리세요. | Step:7 원하는 횟수만큼 반복하세요.,https://melo2026.s3.ap-northeast-2.amazonaws.com/workout-images/NdIb5Z1.webp,weight,5.0,팔,상완,바벨,,바벨
nDK1HJ0,이지 바 라잉 벤트 암스 풀오버,https://static.exercisedb.dev/media/nDK1HJ0.gif,광배근,삼두근 | 가슴,"Step:1 벤치의 한쪽 끝에 머리를 두고 발을 바닥에 댄 채로 눕습니다. | Step:2 손바닥이 몸에서 멀어지도록 하는 프로네이션 그립(pronated grip)으로 EZ 바벨을 잡고 손은 어깨너비로 벌립니다. | Step:3 팔꿈치를 약간 구부린 상태를 유지하면서 팔을 가슴 위로 곧게 뻗습니다. | Step:4 팔꿈치의 약간 구부린 상태를 유지하면서 바벨을 머리 뒤로 호를 그리며 내립니다. | Step:5 잠시 멈춘 후, 호를 그리며 시작 자세로 바벨을 되돌립니다. | Step:6 원하는 횟수만큼 반복합니다.",https://melo2026.s3.ap-northeast-2.amazonaws.com/workout-images/nDK1HJ0.webp,weight,5.0,등,,바벨,,EZ 바벨
neonEDL,플로어 플라이 (바벨 사용),https://static.exercisedb.dev/media/neonEDL.gif,대흉근,deltoids | 삼두근,"Step:1 무릎을 구부리고 발을 바닥에 평평하게 대고 바닥에 등을 대고 눕습니다. | Step:2 오버핸드 그립으로 바벨을 잡고 팔을 가슴 위로 곧게 뻗습니다. | Step:3 팔꿈치를 약간 구부린 상태를 유지하면서 바벨을 천천히 양옆으로 내립니다. | Step:4 팔이 바닥과 평행이 될 때까지 바벨을 내리면서 가슴의 스트레칭을 느낍니다. | Step:5 잠시 멈춘 후, 가슴 근육을 수축하여 바벨을 시작 자세로 되돌립니다. | Step:6 원하는 횟수만큼 반복합니다.",https://melo2026.s3.ap-northeast-2.amazonaws.com/workout-images/neonEDL.webp,weight,2.5,가슴,,바벨,,바벨
nFc4FyV,덤벨 바이셉스 컬 리버스,https://static.exercisedb.dev/media/nFc4FyV.gif,이두근,전완근,Step:1 똑바로 서서 각 손에 덤벨을 들고 손바닥이 아래를 향하게 하고 팔을 완전히 뻗으세요. | Step:2 위팔을 고정하고 숨을 내쉬면서 이두근을 수축하며 덤벨을 컬링하세요. | Step:3 이두근이 완전히 수축되고 덤벨이 어깨 높이에 올 때까지 계속 들어 올리세요. | Step:4 이두근을 쥐어짜면서 수축된 자세를 잠시 유지하세요. | Step:5 숨을 들이쉬면서 천천히 덤벨을 시작 자세로 되돌리세요. | Step:6 원하는 횟수만큼 반복하세요.,https://melo2026.s3.ap-northeast-2.amazonaws.com/workout-images/nFc4FyV.webp,weight,5.0,팔,상완,덤벨,,덤벨
nFHk9fU,케이블 레터럴 풀다운 (로프 어태치먼트) 코어,,광배근,이두근 | 전완근,Step:1 높은 위치의 케이블 머신에 로프 어태치먼트를 연결하세요. | Step:2 발을 어깨너비로 벌리고 머신을 향해 서세요. | Step:3 손바닥이 서로 마주보게 로프를 잡으세요. | Step:4 등을 곧게 펴고 약간 뒤로 기울이세요. | Step:5 어깨뼈를 모으면서 로프를 옆구리 쪽으로 당기세요. 코어 컨트롤을 강조하세요. | Step:6 동작의 맨 아래에서 잠시 멈추세요. | Step:7 천천히 긴장을 풀고 로프가 시작 자세로 돌아가도록 하세요. | Step:8 원하는 횟수만큼 반복하세요.,,weight,5.0,등,,케이블 머신,,케이블
NfP83rA,덤벨 라잉 얼터네이트 익스텐션,https://static.exercisedb.dev/media/NfP83rA.gif,삼두근,어깨,"Step:1 벤치에 등을 대고 눕고 각 손에 덤벨을 잡고 손바닥이 서로 마주보게 하세요. | Step:2 팔꿈치를 약간 구부린 상태를 유지하면서 팔을 가슴 위로 곧게 뻗으세요. | Step:3 다른 팔은 뻗은 상태를 유지하면서 팔꿈치에서 구부려 한쪽 덤벨을 머리 쪽으로 내리세요. | Step:4 맨 아래에서 잠시 멈춘 후, 덤벨을 시작 자세로 다시 올리세요. | Step:5 원하는 횟수만큼 다른 팔로 반복하고, 번갈아 가며 실시하세요.",https://melo2026.s3.ap-northeast-2.amazonaws.com/workout-images/NfP83rA.webp,weight,5.0,팔,상완,덤벨,,덤벨
nFUwqG6,스미스 리어 델트 로우,https://static.exercisedb.dev/media/nFUwqG6.gif,삼각근,trapezius | rhomboids | 이두근,Step:1 머신에 앉아 가슴을 패드에 대고 발을 바닥에 평평하게 댄 후 시트 높이를 조절합니다. | Step:2 어깨 너비보다 약간 넓게 핸들을 오버핸드 그립으로 잡습니다. | Step:3 등을 곧게 펴고 코어를 고정한 상태에서 핸들을 가슴 쪽으로 당기면서 견갑골을 모아줍니다. | Step:4 동작 상단에서 잠시 멈춘 후 천천히 시작 위치로 핸들을 되돌립니다. | Step:5 원하는 횟수만큼 반복합니다.,https://melo2026.s3.ap-northeast-2.amazonaws.com/workout-images/nFUwqG6.webp,weight,5.0,어깨,,스미스 머신,,스미스 머신
ngPpyRS,바벨 시티드 비하인드 헤드 밀리터리 프레스,https://static.exercisedb.dev/media/ngPpyRS.gif,삼각근,삼두근 | 상부 등,Step:1 벤치에 앉아 등을 곧게 펴고 발을 바닥에 평평하게 댑니다. | Step:2 바벨을 어깨 너비보다 약간 넓게 오버핸드 그립으로 잡습니다. | Step:3 바벨을 랙에서 들어 올려 머리 뒤 어깨 높이까지 내립니다. | Step:4 팔이 완전히 펴질 때까지 바벨을 위로 밀어 올립니다. | Step:5 바벨을 시작 위치로 다시 내립니다. | Step:6 원하는 횟수만큼 반복합니다.,https://melo2026.s3.ap-northeast-2.amazonaws.com/workout-images/ngPpyRS.webp,weight,5.0,어깨,,바벨,,바벨
Nh3mvOO,덤벨 리버스 그립 로우 (여성),https://static.exercisedb.dev/media/Nh3mvOO.gif,상부 등,이두근 | 전완근,Step:1 발을 어깨 너비로 벌리고 무릎을 살짝 구부리고 섭니다. | Step:2 각 손에 덤벨을 오버핸드 그립으로 잡고 손바닥이 몸을 향하도록 합니다. | Step:3 등을 곧게 펴고 코어를 고정한 상태에서 허리를 숙입니다. | Step:4 팔꿈치를 살짝 구부린 상태로 팔을 아래로 완전히 뻗어 늘어뜨립니다. | Step:5 덤벨을 가슴 쪽으로 당기면서 견갑골을 모아줍니다. | Step:6 상단에서 잠시 멈춘 후 천천히 시작 위치로 덤벨을 내립니다. | Step:7 원하는 횟수만큼 반복합니다.,https://melo2026.s3.ap-northeast-2.amazonaws.com/workout-images/Nh3mvOO.webp,weight,5.0,등,,덤벨,,덤벨
ninBEOY,트위스티드 사이드 투 사이드 친,,광배근,이두근 | 전완근,Step:1 발을 어깨 너비로 벌리고 무릎을 살짝 구부리고 섭니다. | Step:2 풀업 바를 어깨 너비보다 약간 넓게 오버핸드 그립으로 잡습니다. | Step:3 팔을 완전히 뻗고 몸을 이완시킨 상태로 바에 매달립니다. | Step:4 몸을 곧게 편 상태로 팔꿈치를 구부려 턱을 바 쪽으로 당기면서 몸을 끌어 올립니다. | Step:5 턱이 바 위로 올라오면 시작 위치로 다시 천천히 내려갑니다. | Step:6 원하는 횟수만큼 반복합니다. 비틀면서 강도를 더해 수행합니다.,,weight,3.5,등,,맨몸,,맨몸
nIR4Rwl,케이블 시티드 체스트 프레스,https://static.exercisedb.dev/media/nIR4Rwl.gif,대흉근,어깨 | 삼두근,Step:1 편안한 위치로 시트 높이와 케이블 핸들을 조절합니다. | Step:2 벤치에 앉아 등을 곧게 펴고 발을 바닥에 평평하게 댑니다. | Step:3 어깨 높이에서 케이블 핸들을 오버핸드 그립으로 잡습니다. | Step:4 팔을 완전히 펴면서 핸들을 몸에서 앞으로 밀어냅니다. | Step:5 잠시 멈춘 후 천천히 시작 위치로 핸들을 되돌립니다. | Step:6 원하는 횟수만큼 반복합니다.,https://melo2026.s3.ap-northeast-2.amazonaws.com/workout-images/nIR4Rwl.webp,weight,5.0,가슴,,케이블 머신,,케이블
niXESDw,덤벨 바이셉스 컬 스쿼트,https://static.exercisedb.dev/media/niXESDw.gif,이두근,전완근,Step:1 발을 어깨 너비로 벌리고 서서 각 손에 덤벨을 잡고 손바닥이 앞을 향하도록 합니다. | Step:2 등을 곧게 펴고 팔꿈치를 옆구리에 가깝게 붙인 상태에서 숨을 내쉬며 덤벨을 어깨 쪽으로 컬링합니다. | Step:3 상단에서 잠시 멈추면서 이두근을 수축합니다. | Step:4 숨을 들이쉬면서 천천히 시작 위치로 덤벨을 내립니다. | Step:5 원하는 횟수만큼 반복합니다.,https://melo2026.s3.ap-northeast-2.amazonaws.com/workout-images/niXESDw.webp,weight,5.0,팔,상완,덤벨,,덤벨
NJzBsGJ,덤벨 슈러그,https://static.exercisedb.dev/media/NJzBsGJ.gif,승모근,어깨,Step:1 발을 어깨 너비로 벌리고 서서 각 손에 덤벨을 잡고 손바닥이 몸을 향하도록 합니다. | Step:2 팔을 곧게 펴고 덤벨을 옆구리에 늘어뜨립니다. | Step:3 어깨를 귀에 닿을 것처럼 최대한 높이 들어 올립니다. | Step:4 수축 상태를 1초간 유지한 후 천천히 시작 위치로 어깨를 내립니다. | Step:5 원하는 횟수만큼 반복합니다.,https://melo2026.s3.ap-northeast-2.amazonaws.com/workout-images/NJzBsGJ.webp,weight,5.0,등,,덤벨,,덤벨
NKJ8o6x,골반 기울이기,https://static.exercisedb.dev/media/NKJ8o6x.gif,복근,lower back,Step:1 등을 대고 누워 무릎을 구부리고 발을 바닥에 평평하게 댑니다. | Step:2 손을 옆구리에 둡니다. | Step:3 복근을 사용하여 골반을 위로 기울여 허리를 바닥에 누릅니다. | Step:4 복근 수축에 집중하면서 이 자세를 몇 초간 유지합니다. | Step:5 기울임을 풀고 시작 위치로 돌아옵니다. | Step:6 원하는 횟수만큼 반복합니다.,https://melo2026.s3.ap-northeast-2.amazonaws.com/workout-images/NKJ8o6x.webp,weight,3.5,코어,허리 | 복부,맨몸,,맨몸
NL6YBwN,덤벨 디클라인 원 암 플라이,https://static.exercisedb.dev/media/NL6YBwN.gif,대흉근,어깨,Step:1 디클라인 벤치에 누워 한 손에 덤벨을 잡고 허벅지 위에 올려놓습니다. | Step:2 허벅지를 사용하여 덤벨을 들어 올려 손바닥이 몸통을 향하도록 하여 어깨 너비까지 올립니다. | Step:3 손목을 돌려 손바닥이 앞을 향하도록 합니다. | Step:4 숨을 들이쉬면서 가슴에서 스트레칭이 느껴질 때까지 덤벨을 천천히 옆으로 내립니다. | Step:5 숨을 내쉬면서 가슴 근육을 사용하여 덤벨을 시작 위치로 다시 올립니다. | Step:6 원하는 횟수만큼 반복한 후 팔을 바꿉니다.,https://melo2026.s3.ap-northeast-2.amazonaws.com/workout-images/NL6YBwN.webp,weight,2.5,가슴,,덤벨,,덤벨
NlfIbzq,덤벨 얼터네이트 프레처 컬,https://static.exercisedb.dev/media/NlfIbzq.gif,이두근,전완근,Step:1 프레처 벤치에 앉아 각 손에 덤벨을 잡고 손바닥이 위를 향하도록 합니다. | Step:2 팔꿈치를 프레처 벤치 패드에 대고 팔이 완전히 펴지도록 합니다. | Step:3 팔꿈치를 고정한 상태에서 숨을 내쉬며 오른손 덤벨을 컬링하면서 이두근을 수축합니다. | Step:4 이두근이 완전히 수축되고 덤벨이 어깨 높이에 올 때까지 덤벨을 계속 컬링합니다. | Step:5 잠시 멈춘 후 숨을 들이쉬면서 천천히 시작 위치로 덤벨을 내립니다. | Step:6 왼팔로 같은 동작을 반복합니다. | Step:7 원하는 횟수만큼 팔을 번갈아 가며 계속합니다.,https://melo2026.s3.ap-northeast-2.amazonaws.com/workout-images/NlfIbzq.webp,weight,5.0,팔,상완,덤벨,,덤벨
nlJsbkW,덤벨 바이셉스 컬 (암 블래스터 사용),https://static.exercisedb.dev/media/nlJsbkW.gif,이두근,전완근,Step:1 똑바로 서서 각 손에 덤벨을 잡고 손바닥이 앞을 향하도록 합니다. | Step:2 팔꿈치를 몸통에 가깝게 붙이고 상완을 고정합니다. | Step:3 숨을 내쉬면서 이두근을 수축하며 웨이트를 컬링합니다. | Step:4 이두근이 완전히 수축되고 덤벨이 어깨 높이에 올 때까지 웨이트를 계속 들어 올립니다. | Step:5 이두근을 쥐어짜면서 수축된 자세를 잠시 유지합니다. | Step:6 숨을 들이쉬면서 천천히 시작 위치로 덤벨을 내리기 시작합니다. | Step:7 원하는 횟수만큼 반복합니다.,https://melo2026.s3.ap-northeast-2.amazonaws.com/workout-images/nlJsbkW.webp,weight,5.0,팔,상완,덤벨,,덤벨
NN8nSNT,케이블 로프 하이 풀리 오버헤드 트라이셉스 익스텐션,https://static.exercisedb.dev/media/NN8nSNT.gif,삼두근,어깨,Step:1 하이 풀리에 로프를 연결하고 무게를 적절히 조절합니다. | Step:2 풀리 머신을 마주 보고 서서 발을 어깨 너비로 벌립니다. | Step:3 양손으로 로프를 잡고 손바닥이 아래를 향하도록 하여 머리 위로 가져옵니다. | Step:4 상완을 머리에 가깝게 하고 바닥에 수직이 되도록 유지합니다. | Step:5 팔꿈치를 구부려 로프를 머리 뒤로 천천히 내립니다. | Step:6 잠시 멈춘 후 팔을 펴서 시작 위치로 돌아갑니다. | Step:7 원하는 횟수만큼 반복합니다.,https://melo2026.s3.ap-northeast-2.amazonaws.com/workout-images/NN8nSNT.webp,weight,5.0,팔,상완,케이블 머신,,케이블
nnmCTLN,레버 니일링 레그 컬,https://static.exercisedb.dev/media/nnmCTLN.gif,햄스트링,둔근,Step:1 몸에 맞게 머신을 조절하고 원하는 무게를 선택합니다. | Step:2 무릎을 패드에 대고 발을 발 패드 아래에 고정한 상태로 머신에 무릎을 꿇고 아래를 향합니다. | Step:3 안정성을 위해 핸들이나 머신 측면을 잡습니다. | Step:4 상체를 고정한 상태에서 숨을 내쉬며 무릎을 구부려 다리를 엉덩이 쪽으로 컬링합니다. | Step:5 동작 상단에서 잠시 멈추면서 햄스트링을 수축합니다. | Step:6 숨을 들이쉬면서 무릎을 완전히 펴서 다리를 천천히 시작 위치로 내립니다. | Step:7 원하는 횟수만큼 반복합니다.,https://melo2026.s3.ap-northeast-2.amazonaws.com/workout-images/nnmCTLN.webp,weight,5.0,하체,허벅지,머신,레버리지 머신,레버리지 머신
NNoHCEA,스미스 풀 스쿼트,https://static.exercisedb.dev/media/NNoHCEA.gif,둔근,quadriceps | 햄스트링 | 종아리,Step:1 바벨이 어깨 높이에 오도록 스미스 머신을 설정합니다. | Step:2 발을 어깨 너비로 벌리고 발끝을 약간 바깥쪽으로 향하게 합니다. | Step:3 바 아래로 들어가 바를 등 위쪽 승모근에 걸치도록 위치시킵니다. | Step:4 손을 어깨 너비보다 약간 넓게 벌려 바를 잡습니다. | Step:5 바를 언랙하고 안정적인 자세를 유지하며 한 걸음 뒤로 물러섭니다. | Step:6 가슴을 들고 코어를 고정한 상태에서 엉덩이를 뒤로 밀고 무릎을 구부리면서 스쿼트를 시작합니다. | Step:7 허벅지가 바닥과 평행이 될 때까지 또는 유연성이 허용하는 만큼 낮춥니다. | Step:8 하단에서 잠시 멈춘 후 발뒤꿈치로 밀어 시작 위치로 돌아옵니다. | Step:9 원하는 횟수만큼 반복합니다.,https://melo2026.s3.ap-northeast-2.amazonaws.com/workout-images/NNoHCEA.webp,weight,5.0,하체,허벅지,스미스 머신,,스미스 머신
nqs5HGV,싱글 레그 스쿼트 (피스톨) 남성,https://static.exercisedb.dev/media/nqs5HGV.gif,둔근,quadriceps | 햄스트링 | 종아리,Step:1 발을 어깨 너비로 벌리고 서서 팔을 앞으로 뻗습니다. | Step:2 오른쪽 발을 땅에서 떼어 앞으로 뻗습니다. | Step:3 왼쪽 무릎을 구부리고 엉덩이를 뒤로 밀면서 몸을 천천히 낮춥니다. | Step:4 몸을 낮추면서 가슴을 들고 등을 곧게 폅니다. | Step:5 왼쪽 허벅지가 바닥과 평행이 될 때까지 또는 편안하게 갈 수 있는 만큼 낮춥니다. | Step:6 하단에서 잠시 멈춘 후 왼쪽 발뒤꿈치로 밀어 시작 위치로 돌아옵니다. | Step:7 원하는 횟수만큼 반복한 후 다리를 바꿉니다.,https://melo2026.s3.ap-northeast-2.amazonaws.com/workout-images/nqs5HGV.webp,weight,3.5,하체,허벅지,맨몸,,맨몸
ns0SIbU,덤벨 인클라인 벤치 프레스,https://static.exercisedb.dev/media/ns0SIbU.gif,대흉근,어깨 | 삼두근,Step:1 벤치를 45도 각도로 설정합니다. | Step:2 발을 바닥에 평평하게 대고 벤치에 앉아 허리를 벤치에 단단히 밀착시킵니다. | Step:3 각 손에 덤벨을 잡고 손바닥이 앞을 향하도록 하여 어깨 높이까지 들어 올립니다. | Step:4 팔꿈치를 90도 각도로 유지하면서 덤벨을 가슴 옆으로 천천히 내립니다. | Step:5 팔을 완전히 펴서 덤벨을 시작 위치로 다시 밀어 올립니다. | Step:6 원하는 횟수만큼 반복합니다.,https://melo2026.s3.ap-northeast-2.amazonaws.com/workout-images/ns0SIbU.webp,weight,5.0,가슴,,덤벨,,덤벨
ntjtCfu,바벨 시티드 얼터네이트 레그 레이즈 (여성) 인터미디에이트,,복근,고관절 굴곡근 | quadriceps,"Step:1 허리를 곧게 펴고 벤치에 앉아 허벅지 위에 바벨을 올립니다. | Step:2 (인터미디에이트 변형) 지지를 위해 손을 벤치 옆면에 댑니다. | Step:3 다리를 곧게 편 상태를 유지하면서, 다리를 지면과 평행하게 유지하며 가능한 한 높이 들어 올립니다. | Step:4 다리를 다시 내리고 다른 다리로 반복합니다. | Step:5 원하는 횟수만큼 다리를 번갈아 가며 계속합니다.",,weight,5.0,코어,허리 | 복부,바벨,,바벨
Nu7jqFE,저항 밴드 시티드 스트레이트 백 로우,https://static.exercisedb.dev/media/Nu7jqFE.gif,상부 등,이두근 | 어깨,"Step:1 다리를 뻗고 바닥에 앉아 발 주위에 저항 밴드를 감습니다. | Step:2 손으로 저항 밴드의 끝을 잡고 손바닥이 서로 마주보게 합니다. | Step:3 허리를 곧게 펴고 복근에 힘을 주면서 약간 뒤로 기울입니다. | Step:4 어깨뼈를 함께 모으면서 저항 밴드를 가슴 쪽으로 당깁니다. | Step:5 맨 위에서 잠시 멈춘 다음, 긴장을 천천히 풀고 시작 위치로 돌아갑니다. | Step:6 원하는 횟수만큼 반복합니다.",https://melo2026.s3.ap-northeast-2.amazonaws.com/workout-images/Nu7jqFE.webp,weight,5.0,등,,밴드,,저항 밴드
nuBF9MO,행잉 파이크,https://static.exercisedb.dev/media/nuBF9MO.gif,복근,고관절 굴곡근 | 어깨,"Step:1 팔을 완전히 펴고 손바닥이 몸에서 멀어지도록 하여 풀업 바에 매달립니다. | Step:2 복근에 힘을 주고 다리를 곧게 편 상태로 바 쪽으로 들어 올립니다. | Step:3 몸이 'V'자 모양이 될 때까지 계속 들어 올리며, 다리는 지면과 평행하게 유지합니다. | Step:4 잠시 자세를 유지한 다음, 다리를 천천히 시작 위치로 다시 내립니다. | Step:5 원하는 횟수만큼 반복합니다.",https://melo2026.s3.ap-northeast-2.amazonaws.com/workout-images/nuBF9MO.webp,weight,3.5,코어,허리 | 복부,맨몸,,맨몸
numr601,라이트 레버 스탠딩 체스트 프레스,,대흉근,어깨 | 삼두근,"Step:1 시트 높이를 조절하고 발을 바닥에 평평하게 대고 기계에 앉습니다. | Step:2 오버핸드 그립으로 손잡이를 잡고 손을 가슴 높이에 둡니다. 전체적으로 가벼운 자세를 유지합니다. | Step:3 팔꿈치를 약간 구부린 상태를 유지하면서 팔을 완전히 펼 때까지 손잡이를 앞으로 밀어냅니다. | Step:4 잠시 멈춘 다음, 전체 동작을 제어하면서 손잡이를 천천히 가슴 쪽으로 다시 가져옵니다. | Step:5 원하는 횟수만큼 반복합니다.",,weight,5.0,가슴,,머신,레버리지 머신,레버리지 머신
nUwVh7b,덤벨 데드리프트,https://static.exercisedb.dev/media/nUwVh7b.gif,둔근,햄스트링 | lower back,Step:1 발을 어깨너비로 벌리고 발가락을 앞으로 향하게 하여 섭니다. | Step:2 각 손에 덤벨을 잡고 손바닥이 몸을 향하도록 하며 팔을 아래로 뻗습니다. | Step:3 엉덩이와 무릎을 구부려 허리를 곧게 유지하면서 덤벨을 바닥 쪽으로 내립니다. | Step:4 발뒤꿈치로 밀어 엉덩이와 무릎을 펴서 덤벨을 시작 위치로 다시 들어 올립니다. | Step:5 원하는 횟수만큼 반복합니다.,https://melo2026.s3.ap-northeast-2.amazonaws.com/workout-images/nUwVh7b.webp,weight,5.0,하체,허벅지,덤벨,,덤벨
NvfE43H,케이블 컨센트레이션 컬,https://static.exercisedb.dev/media/NvfE43H.gif,이두근,전완근,"Step:1 발을 바닥에 평평하게 대고 무릎을 약간 구부린 상태로 벤치나 의자에 앉습니다. | Step:2 언더핸드 그립으로 케이블 손잡이를 잡고 팔꿈치를 허벅지 안쪽에 댑니다. | Step:3 윗팔을 고정한 상태에서 숨을 내쉬면서 이두근을 수축시키며 케이블 손잡이를 어깨 쪽으로 컬합니다. | Step:4 동작의 맨 위에서 잠시 멈춘 다음, 숨을 들이쉬면서 케이블 손잡이를 천천히 시작 위치로 내립니다. | Step:5 원하는 횟수만큼 반복한 다음 팔을 바꿉니다.",https://melo2026.s3.ap-northeast-2.amazonaws.com/workout-images/NvfE43H.webp,weight,5.0,팔,상완,케이블 머신,,케이블
nxW6BkN,덤벨 인클라인 레이즈,https://static.exercisedb.dev/media/nxW6BkN.gif,삼각근,trapezius | 삼두근,"Step:1 덤벨을 각 손에 잡고 허벅지 위에 올려놓은 상태로 인클라인 벤치에 앉습니다. | Step:2 벤치에 기대어 덤벨을 어깨 높이까지 들어 올리며 손바닥이 앞을 향하도록 합니다. | Step:3 벤치에 등을 대고 유지하면서 숨을 내쉬고 덤벨을 머리 위로 들어 올려 팔을 완전히 폅니다. | Step:4 맨 위에서 잠시 멈춘 다음, 숨을 들이쉬면서 덤벨을 천천히 어깨 높이까지 다시 내립니다. | Step:5 원하는 횟수만큼 반복합니다.",https://melo2026.s3.ap-northeast-2.amazonaws.com/workout-images/nxW6BkN.webp,weight,5.0,어깨,,덤벨,,덤벨
NZ5Qqkz,리버스 딥,https://static.exercisedb.dev/media/NZ5Qqkz.gif,삼두근,가슴 | 어깨,"Step:1 두 개의 평행 바 사이에 팔을 완전히 펴고 몸을 곧게 편 상태로 위치합니다. | Step:2 팔꿈치를 구부려 상완이 지면과 평행이 될 때까지 몸을 내립니다. | Step:3 잠시 멈춘 다음, 팔을 펴서 시작 위치로 다시 밀어 올립니다. | Step:4 원하는 횟수만큼 반복합니다.",https://melo2026.s3.ap-northeast-2.amazonaws.com/workout-images/NZ5Qqkz.webp,weight,3.5,팔,상완,맨몸,,맨몸
nZZZy9m,레버 하이 로우,https://static.exercisedb.dev/media/nZZZy9m.gif,상부 등,이두근 | rear deltoids,"Step:1 편안한 위치로 시트 높이와 발판을 조절합니다. | Step:2 가슴을 패드에 대고 발을 발판에 평평하게 댄 상태로 기계에 앉습니다. | Step:3 어깨너비보다 약간 넓게 오버핸드 그립으로 손잡이를 잡습니다. | Step:4 허리를 곧게 펴고 복근에 힘을 줍니다. | Step:5 어깨뼈를 함께 모으면서 손잡이를 몸 쪽으로 당깁니다. | Step:6 동작의 최고점에서 잠시 멈춘 다음, 손잡이를 천천히 시작 위치로 다시 풉니다. | Step:7 원하는 횟수만큼 반복합니다.",https://melo2026.s3.ap-northeast-2.amazonaws.com/workout-images/nZZZy9m.webp,weight,5.0,등,,머신,레버리지 머신,레버리지 머신
o17Jfkt,레버 인클라인 체스트 프레스 v. 2,https://static.exercisedb.dev/media/o17Jfkt.gif,대흉근,삼두근 | 어깨,"Step:1 레버리지 기계의 시트 높이와 등받이 각도를 편안한 위치로 조절합니다. | Step:2 등받이에 등을 대고 발을 바닥에 평평하게 댄 상태로 기계에 앉습니다. | Step:3 어깨너비보다 약간 넓게 오버핸드 그립으로 손잡이를 잡습니다. | Step:4 팔꿈치를 잠그지 않고 팔을 완전히 펼 때까지 손잡이를 몸에서 멀리 앞으로 밀어냅니다. | Step:5 완전히 펴진 위치에서 잠시 멈춘 다음, 팔꿈치를 천천히 구부려 손잡이를 가슴 쪽으로 다시 내립니다. | Step:6 원하는 횟수만큼 반복합니다.",https://melo2026.s3.ap-northeast-2.amazonaws.com/workout-images/o17Jfkt.webp,weight,5.0,가슴,,머신,레버리지 머신,레버리지 머신
o1HGDSq,엑서사이즈 볼 백 익스텐션 (손 머리 뒤),https://static.exercisedb.dev/media/o1HGDSq.gif,척추,둔근 | 햄스트링,"Step:1 안정성 볼을 바닥에 놓고 엉덩이를 볼 위에 댄 상태로 엎드립니다. | Step:2 지지를 위해 발을 벽이나 다른 안정적인 표면에 댑니다. | Step:3 손을 머리 뒤에 교차시키고 손이 머리 뒤쪽에 닿도록 합니다. | Step:4 복근에 힘을 주고 상체를 천천히 볼에서 들어 올려 머리부터 엉덩이까지 몸이 일직선이 될 때까지 등을 폅니다. | Step:5 동작의 맨 위에서 잠시 멈춘 다음, 상체를 천천히 시작 위치로 다시 내립니다. | Step:6 원하는 횟수만큼 반복합니다.",https://melo2026.s3.ap-northeast-2.amazonaws.com/workout-images/o1HGDSq.webp,weight,5.0,등,,기타,짐볼,짐볼
o1ntciW,올림픽 바벨 해머 컬,https://static.exercisedb.dev/media/o1ntciW.gif,이두근,전완근,Step:1 발을 어깨너비로 벌리고 똑바로 서서 오버핸드 그립으로 올림픽 바벨을 잡습니다. | Step:2 바벨을 허벅지 앞쪽에서 팔 길이만큼 늘어뜨리고 손바닥이 몸을 향하도록 합니다. | Step:3 윗팔을 고정한 상태에서 숨을 내쉬면서 이두근을 수축시키며 무게를 컬합니다. | Step:4 이두근이 완전히 수축되고 바벨이 어깨 높이에 올 때까지 계속 들어 올립니다. | Step:5 이두근을 쥐어짜면서 수축된 자세를 잠시 유지합니다. | Step:6 숨을 들이쉬면서 바벨을 천천히 시작 위치로 다시 내리기 시작합니다. | Step:7 원하는 횟수만큼 반복합니다.,https://melo2026.s3.ap-northeast-2.amazonaws.com/workout-images/o1ntciW.webp,weight,5.0,팔,상완,바벨,,olympic barbell
O2K9Vb5,와이드 그립 체스트 딥 (하이 패러럴 바),https://static.exercisedb.dev/media/O2K9Vb5.gif,대흉근,삼두근 | 어깨,"Step:1 팔을 완전히 펴고 몸을 공중에 매달린 상태로 평행 바 사이에 위치합니다. | Step:2 약간 앞으로 기울이고 팔꿈치를 구부려 가슴이 바 바로 위에 올 때까지 몸을 내립니다. | Step:3 잠시 멈춘 다음, 팔을 펴서 시작 위치로 다시 밀어 올립니다. | Step:4 원하는 횟수만큼 반복합니다.",https://melo2026.s3.ap-northeast-2.amazonaws.com/workout-images/O2K9Vb5.webp,weight,3.5,가슴,,맨몸,,맨몸
O3INw8V,임프루브드 스핑크스,,척추,둔근 | 햄스트링,Step:1 팔뚝을 바닥에 평평하게 대고 팔꿈치가 어깨 바로 아래에 오도록 하여 엎드립니다. | Step:2 복근에 힘을 주고 팔뚝과 발가락을 바닥에 댄 상태를 유지하면서 가슴을 바닥에서 들어 올립니다. | Step:3 목을 중립 위치에 유지하면서 몇 초 동안 자세를 유지합니다. | Step:4 가슴을 천천히 시작 위치로 다시 내립니다. 향상된 제어를 강조합니다. | Step:5 원하는 횟수만큼 반복합니다.,,weight,2.5,등,,맨몸,,맨몸
O4oIqQD,바디웨이트 스탠딩 원 암 로우 (타월 사용),https://static.exercisedb.dev/media/O4oIqQD.gif,상부 등,이두근 | 전완근,"Step:1 발을 어깨너비로 벌리고 무릎을 살짝 구부린 후, 한 손으로 타월을 잡습니다. | Step:2 허리를 곧게 펴고 코어에 힘을 준 상태에서 엉덩이를 축으로 앞으로 구부립니다. | Step:3 타월을 가슴 쪽으로 당기면서 견갑골을 함께 조입니다. | Step:4 정점에서 잠시 멈춘 후, 천천히 타월을 시작 자세로 되돌립니다. | Step:5 원하는 횟수만큼 반복한 후, 다른 팔로 바꿔서 반복합니다.",https://melo2026.s3.ap-northeast-2.amazonaws.com/workout-images/O4oIqQD.webp,weight,3.5,등,,맨몸,,맨몸
o5Jsk92,덤벨 원 암 벤치 플라이,https://static.exercisedb.dev/media/o5Jsk92.gif,대흉근,어깨,"Step:1 덤벨을 한 손에 들고 허벅지 위에 올려놓은 상태로 플랫 벤치에 앉습니다. | Step:2 덤벨을 허벅지에 누른 상태로 벤치에 눕습니다. | Step:3 다른 손을 사용하여 덤벨을 시작 자세로 들어 올리는 것을 돕습니다. | Step:4 팔을 뻗고 손바닥이 안쪽을 향하도록 하여 덤벨을 어깨 바로 위로 잡습니다. | Step:5 팔꿈치를 살짝 구부린 상태를 유지하면서, 넓은 호를 그리며 덤벨을 옆으로 천천히 내립니다. | Step:6 팔이 바닥과 평행이 되면 잠시 멈춘 후, 동작을 반대로 하여 덤벨을 시작 자세로 되돌립니다. | Step:7 원하는 횟수만큼 반복한 후, 팔을 바꿔서 반복합니다.",https://melo2026.s3.ap-northeast-2.amazonaws.com/workout-images/o5Jsk92.webp,weight,5.0,가슴,,덤벨,,덤벨
o6LqKKP,트래디셔널 바벨 루마니안 데드리프트,,둔근,햄스트링 | lower back,Step:1 발을 어깨너비로 벌리고 발끝을 앞으로 향하게 서서 시작합니다. | Step:2 어깨너비보다 약간 넓게 오버핸드 그립으로 바벨을 잡습니다. | Step:3 허리를 곧게 펴고 무릎을 살짝 구부린 상태에서 엉덩이를 축으로 구부립니다. | Step:4 바벨을 몸에 가깝게 붙인 상태로 바닥을 향해 내립니다. | Step:5 바벨을 내리면서 햄스트링의 스트레칭을 느낍니다. | Step:6 햄스트링에 스트레칭이 느껴지면 엉덩이를 앞으로 밀면서 똑바로 일어섭니다. | Step:7 동작의 맨 위에서 둔근을 조입니다. | Step:8 바벨을 시작 자세로 다시 내리고 원하는 횟수만큼 반복합니다. 트래디셔널 동작에 집중합니다.,,weight,2.5,하체,허벅지,바벨,,바벨
o80Xu9C,인텐시파이드 스타일 케틀벨 익스텐디드 레인지 원 암 프레스 온 플로어,,대흉근,삼두근 | 어깨,"Step:1 무릎을 구부리고 발을 바닥에 평평하게 댄 상태로 바닥에 누워서 시작합니다. | Step:2 한 손으로 케틀벨을 잡고 손바닥이 발 쪽을 향하도록 합니다. | Step:3 팔꿈치를 잠그고 손목을 곧게 편 상태를 유지하면서 팔을 천장으로 똑바로 뻗습니다. | Step:4 동작 내내 통제력을 유지하면서 케틀벨을 시작 자세로 천천히 내립니다. | Step:5 원하는 횟수만큼 반복한 후, 다른 팔로 바꿔서 반복합니다. 인텐시파이드 강도로 수행합니다.",,weight,5.0,가슴,,케틀벨,,케틀벨
o8aOcrz,스미스 머신 인클라인 트라이셉스 익스텐션,https://static.exercisedb.dev/media/o8aOcrz.gif,삼두근,어깨,"Step:1 스미스 머신의 시트 높이를 조절하여 바가 어깨 높이에 오도록 합니다. | Step:2 패드에 등을 대고 발을 바닥에 평평하게 댄 상태로 벤치에 앉습니다. | Step:3 어깨너비보다 약간 넓게 오버핸드 그립으로 바를 잡습니다. | Step:4 팔을 완전히 뻗어 바를 랙에서 들어 올려 가슴 바로 위에 잡습니다. | Step:5 팔꿈치를 머리에 가깝게 붙인 상태로 바를 이마 쪽으로 천천히 내립니다. | Step:6 바닥에서 잠시 멈춘 후, 바를 다시 시작 자세로 밀어 올립니다. | Step:7 원하는 횟수만큼 반복합니다.",https://melo2026.s3.ap-northeast-2.amazonaws.com/workout-images/o8aOcrz.webp,weight,5.0,팔,상완,스미스 머신,,스미스 머신
O8Aq69u,덤벨 리버스 프리처 컬,https://static.exercisedb.dev/media/O8Aq69u.gif,이두근,전완근,"Step:1 팔 윗부분을 패드에 대고 가슴을 지지대에 붙인 상태로 프리처 벤치에 앉습니다. | Step:2 각 손에 덤벨을 언더핸드 그립(손바닥이 위를 향하도록)으로 잡습니다. | Step:3 팔 윗부분을 고정한 상태에서 숨을 내쉬면서 이두근을 수축하며 덤벨을 컬합니다. | Step:4 이두근이 완전히 수축되고 덤벨이 어깨 높이에 올 때까지 덤벨을 계속 컬합니다. | Step:5 이두근을 쥐어짜면서 수축된 자세를 잠시 유지합니다. | Step:6 숨을 들이쉬면서 덤벨을 시작 자세로 천천히 내립니다. | Step:7 원하는 횟수만큼 반복한 후, 원하는 횟수만큼 반복합니다.",https://melo2026.s3.ap-northeast-2.amazonaws.com/workout-images/O8Aq69u.webp,weight,5.0,팔,상완,덤벨,,덤벨
O8o7q4d,덤벨 프레스 온 엑서사이즈 볼,https://static.exercisedb.dev/media/O8o7q4d.gif,대흉근,어깨 | 삼두근,"Step:1 발을 바닥에 평평하게 대고 각 손에 덤벨을 허벅지 위에 올려놓은 상태로 엑서사이즈 볼에 앉습니다. | Step:2 발을 천천히 앞으로 걸어가면서, 허리가 볼에 지지되고 무릎이 90도 각도가 될 때까지 엑서사이즈 볼을 굴립니다. | Step:3 손바닥이 앞을 향하도록 덤벨을 어깨 높이로 들어 올립니다. | Step:4 팔이 완전히 확장될 때까지 덤벨을 위로 누릅니다. | Step:5 맨 위에서 잠시 멈춘 후, 덤벨을 시작 자세로 천천히 내립니다. | Step:6 원하는 횟수만큼 반복합니다.",https://melo2026.s3.ap-northeast-2.amazonaws.com/workout-images/O8o7q4d.webp,weight,5.0,가슴,,덤벨,,덤벨
O95afRA,몬스터 워크,https://static.exercisedb.dev/media/O95afRA.gif,둔근,햄스트링 | quadriceps,"Step:1 발목 주위에 저항 밴드를 착용합니다. | Step:2 발을 어깨너비로 벌리고 무릎을 살짝 구부립니다. | Step:3 저항 밴드의 장력을 유지하면서 오른쪽 발로 옆으로 한 걸음 내딛습니다. | Step:4 왼쪽 발로 따라가면서 옆으로 걸어 시작 자세로 돌아옵니다. | Step:5 원하는 횟수만큼 반복한 후, 반대쪽으로 바꿔서 반복합니다.",https://melo2026.s3.ap-northeast-2.amazonaws.com/workout-images/O95afRA.webp,weight,3.5,하체,허벅지,맨몸,,맨몸
OaE7CpD,케틀벨 더블 윈드밀,https://static.exercisedb.dev/media/OaE7CpD.gif,복근,어깨 | 햄스트링,"Step:1 발을 어깨너비로 벌리고 오른손에 케틀벨을 듭니다. | Step:2 케틀벨을 주시하면서 오른쪽 팔을 머리 위로 뻗습니다. | Step:3 왼쪽 발은 왼쪽으로 45도, 오른쪽 발은 오른쪽으로 90도 회전합니다. | Step:4 오른쪽 팔을 머리 위로 뻗은 상태를 유지하면서 허리를 왼쪽으로 구부립니다. | Step:5 케틀벨을 왼쪽 발을 향해 바닥 쪽으로 내립니다. | Step:6 잠시 멈춘 후, 코어에 힘을 주고 오른쪽 발로 밀면서 시작 자세로 돌아옵니다. | Step:7 원하는 횟수만큼 반복한 후, 반대쪽으로 바꿔서 반복합니다.",https://melo2026.s3.ap-northeast-2.amazonaws.com/workout-images/OaE7CpD.webp,weight,5.0,코어,허리 | 복부,케틀벨,,케틀벨
OAguZoG,레버 해머 그립 프리처 컬,https://static.exercisedb.dev/media/OAguZoG.gif,이두근,전완근,Step:1 시트 높이를 조절하고 레버리지 머신에 앉습니다. | Step:2 팔 윗부분을 프리처 패드에 대고 가슴을 패드에 밀착시킵니다. | Step:3 해머 그립(손바닥이 서로 마주보도록)으로 핸들을 잡습니다. | Step:4 팔 윗부분을 고정한 상태에서 숨을 내쉬면서 어깨 쪽으로 핸들을 컬합니다. | Step:5 맨 위에서 잠시 멈추면서 이두근을 쥐어짜줍니다. | Step:6 숨을 들이쉬면서 핸들을 시작 자세로 천천히 내립니다. | Step:7 원하는 횟수만큼 반복합니다.,https://melo2026.s3.ap-northeast-2.amazonaws.com/workout-images/OAguZoG.webp,weight,5.0,팔,상완,머신,레버리지 머신,레버리지 머신
obe5LMq,밴드 사이드 트라이셉스 익스텐션,https://static.exercisedb.dev/media/obe5LMq.gif,삼두근,어깨,"Step:1 발을 어깨너비로 벌리고 양손으로 밴드를 잡고 손바닥이 아래를 향하도록 합니다. | Step:2 팔을 바닥과 평행하게 옆으로 쭉 뻗습니다. | Step:3 팔 윗부분을 고정한 상태에서 팔꿈치를 천천히 구부려 손을 어깨 쪽으로 가져옵니다. | Step:4 잠시 멈춘 후, 팔을 시작 자세로 천천히 다시 뻗습니다. | Step:5 원하는 횟수만큼 반복합니다.",https://melo2026.s3.ap-northeast-2.amazonaws.com/workout-images/obe5LMq.webp,weight,5.0,팔,상완,밴드,,밴드
ocYc6Db,덤벨 스탠딩 원 암 팜 인 프레스,https://static.exercisedb.dev/media/ocYc6Db.gif,삼각근,삼두근 | 코어,"Step:1 발을 어깨너비로 벌리고 한 손에 덤벨을 어깨 높이에서 손바닥이 안쪽을 향하도록 잡습니다. | Step:2 코어에 힘을 주고 등을 곧게 폅니다. | Step:3 팔이 완전히 확장될 때까지 덤벨을 위로 누릅니다. | Step:4 맨 위에서 잠시 멈춘 후, 덤벨을 시작 자세로 천천히 내립니다. | Step:5 원하는 횟수만큼 반복한 후, 다른 팔로 바꿔서 반복합니다.",https://melo2026.s3.ap-northeast-2.amazonaws.com/workout-images/ocYc6Db.webp,weight,5.0,어깨,,덤벨,,덤벨
OeL23VY,덤벨 시티드 바이셉스 컬 투 숄더 프레스,https://static.exercisedb.dev/media/OeL23VY.gif,이두근,어깨,Step:1 등을 곧게 펴고 발을 바닥에 평평하게 댄 상태로 벤치에 앉습니다. | Step:2 손바닥이 앞을 향하도록 하고 팔을 완전히 뻗은 상태에서 각 손에 덤벨을 잡습니다. | Step:3 팔꿈치를 옆구리에 가깝게 붙인 상태로 덤벨을 어깨 쪽으로 컬합니다. | Step:4 팔뚝이 수직이 되면 손목을 돌려 손바닥이 앞을 향하도록 합니다. | Step:5 팔이 완전히 확장될 때까지 덤벨을 머리 위로 누릅니다. | Step:6 동작을 반대로 하여 덤벨을 시작 자세로 다시 내립니다. | Step:7 원하는 횟수만큼 반복합니다.,https://melo2026.s3.ap-northeast-2.amazonaws.com/workout-images/OeL23VY.webp,weight,5.0,팔,상완,덤벨,,덤벨
oHg8eop,메디신 볼 오버헤드 슬램,https://static.exercisedb.dev/media/oHg8eop.gif,상부 등,어깨 | 코어,Step:1 발을 어깨너비로 벌리고 양손으로 메디신 볼을 머리 위로 듭니다. | Step:2 코어에 힘을 주고 등을 곧게 폅니다. | Step:3 무릎을 살짝 구부리고 메디신 볼을 앞쪽 바닥으로 힘차게 내리칩니다. | Step:4 공을 내리칠 때 어깨와 코어를 포함한 전신을 사용하여 힘을 생성합니다. | Step:5 바운스되는 공을 잡고 원하는 횟수만큼 반복합니다.,https://melo2026.s3.ap-northeast-2.amazonaws.com/workout-images/oHg8eop.webp,weight,5.0,등,,기타,메디신볼,메디신볼
oHsrypV,레버 시티드 힙 어덕션,https://static.exercisedb.dev/media/oHsrypV.gif,내전근,햄스트링 | 둔근,"Step:1 시트 높이를 조절하고 등받이에 등을 대고 머신에 앉습니다. | Step:2 발을 발 받침대에 대고 안정성을 위해 핸들을 잡습니다. | Step:3 내전근을 사용하여 다리를 천천히 모으면서 허벅지 안쪽을 조입니다. | Step:4 최대 수축 지점에서 잠시 멈춘 후, 천천히 시작 자세로 돌아옵니다. | Step:5 원하는 횟수만큼 반복합니다.",https://melo2026.s3.ap-northeast-2.amazonaws.com/workout-images/oHsrypV.webp,weight,5.0,하체,허벅지,머신,레버리지 머신,레버리지 머신
OIFMAp1,레버 원 암 레터럴 하이 로우,https://static.exercisedb.dev/media/OIFMAp1.gif,상부 등,이두근 | 어깨,Step:1 시트 높이를 조절하고 기구에 마주보고 앉으세요. | Step:2 한 손으로 손잡이를 잡고 등을 곧게 펴세요. | Step:3 팔꿈치를 옆구리에 가깝게 유지하면서 손잡이를 몸쪽으로 당기세요. | Step:4 동작 상단에서 등 근육을 쥐어짜세요. | Step:5 천천히 손잡이를 시작 자세로 되돌리세요. | Step:6 원하는 횟수만큼 반복하세요.,https://melo2026.s3.ap-northeast-2.amazonaws.com/workout-images/OIFMAp1.webp,weight,5.0,등,,머신,레버리지 머신,레버리지 머신
OJFgZJ0,다이나믹 스타일 바벨 라잉 백 오브 더 헤드 트라이셉스 익스텐션,,삼두근,어깨,Step:1 발을 바닥에 대고 머리가 벤치 끝에 오도록 평평하게 누우세요. | Step:2 어깨 너비로 바벨을 오버핸드 그립으로 잡고 팔을 가슴 위로 곧게 뻗으세요. | Step:3 팔 윗부분을 고정한 상태에서 팔꿈치를 구부려 바벨을 머리 뒤로 천천히 내리세요. 전체적으로 다이나믹한 자세를 유지하세요. | Step:4 잠시 멈춘 후 팔을 다시 시작 자세로 뻗으세요. | Step:5 원하는 횟수만큼 반복하세요.,,weight,5.0,팔,상완,바벨,,바벨
oLrKqDH,런,https://static.exercisedb.dev/media/oLrKqDH.gif,심폐 지구력,quadriceps | 햄스트링 | 종아리,Step:1 발을 골반 너비로 벌리고 똑바로 서서 시작하세요. | Step:2 코어를 활성화하고 상체를 편안하게 유지하세요. | Step:3 무릎을 가슴 쪽으로 들어 올리고 발 앞꿈치로 부드럽게 착지하면서 제자리에서 조깅을 시작하세요. | Step:4 꾸준한 속도를 유지하고 원하는 시간 또는 거리만큼 계속 조깅하세요. | Step:5 운동 내내 깊게 숨을 쉬고 좋은 자세를 유지하는 것을 잊지 마세요.,https://melo2026.s3.ap-northeast-2.amazonaws.com/workout-images/oLrKqDH.webp,cardio,3.5,유산소,,맨몸,,맨몸
OM46QHm,케이블 풀 스루 (로프 포함),https://static.exercisedb.dev/media/OM46QHm.gif,둔근,햄스트링 | lower back,Step:1 케이블 기구에서 등을 돌리고 서서 발을 어깨 너비로 벌리세요. | Step:2 양손으로 로프 부착물을 잡고 앞으로 나아가 케이블에 장력을 만드세요. | Step:3 엉덩이를 구부려 상체가 바닥과 평행이 될 때까지 내리세요. 등을 곧게 펴세요. | Step:4 엉덩이와 햄스트링을 사용하여 몸을 다시 시작 자세로 당기세요. | Step:5 원하는 횟수만큼 반복하세요.,https://melo2026.s3.ap-northeast-2.amazonaws.com/workout-images/OM46QHm.webp,weight,5.0,하체,허벅지,케이블 머신,,케이블
OmQ8w0p,케이블 팜 로테이셔널 로우,https://static.exercisedb.dev/media/OmQ8w0p.gif,상부 등,이두근 | 전완근,Step:1 허리 높이에서 케이블 기구에 손잡이를 부착하세요. | Step:2 기구를 마주보고 서서 발을 어깨 너비로 벌리세요. | Step:3 손바닥이 아래를 향하도록 오버핸드 그립으로 손잡이를 잡으세요. | Step:4 케이블에 장력을 만들기 위해 뒤로 물러나면서 등을 곧게 펴고 무릎을 약간 구부리세요. | Step:5 손잡이를 몸쪽으로 당기면서 동시에 손바닥을 위로 돌리세요. | Step:6 동작 끝에서 견갑골을 함께 쥐어짜세요. | Step:7 천천히 손잡이를 시작 자세로 되돌리세요. | Step:8 원하는 횟수만큼 반복하세요.,https://melo2026.s3.ap-northeast-2.amazonaws.com/workout-images/OmQ8w0p.webp,weight,5.0,등,,케이블 머신,,케이블
omsF3RN,다이나믹 스타일 밴드 사이드 트라이셉스 익스텐션,,삼두근,어깨,Step:1 발을 어깨 너비로 벌리고 양손으로 밴드를 잡으세요. 손바닥은 아래를 향하게 하세요. | Step:2 팔을 옆으로 곧게 뻗으세요. 팔은 바닥과 평행을 유지하세요. | Step:3 팔꿈치를 천천히 구부려 손을 어깨 쪽으로 가져오세요. 팔 윗부분은 고정하세요. | Step:4 잠시 멈춘 후 팔을 천천히 시작 자세로 되돌리세요. | Step:5 (다이나믹 변형) 원하는 횟수만큼 반복하세요.,,weight,5.0,팔,상완,밴드,,밴드
oMwyl17,인텐스 바벨 스트레이트 레그 데드리프트,,햄스트링,둔근 | lower back,Step:1 발을 어깨 너비로 벌리고 발가락을 앞으로 향하게 서세요. | Step:2 어깨 너비보다 약간 넓게 바벨을 오버핸드 그립으로 잡으세요. | Step:3 엉덩이를 구부려 등을 곧게 펴고 무릎을 약간 구부린 상태에서 바벨을 바닥 쪽으로 내리세요. | Step:4 햄스트링에 스트레칭이 느껴질 때까지 바벨을 내리세요. 전체적으로 인텐스한 자세를 유지하세요. | Step:5 햄스트링과 엉덩이를 사용하여 바벨을 다시 시작 자세로 들어 올리세요. | Step:6 원하는 횟수만큼 반복하세요.,,weight,2.5,하체,허벅지,바벨,,바벨
oMypNrz,롤러 힙 스트레치,https://static.exercisedb.dev/media/oMypNrz.gif,둔근,햄스트링 | quadriceps,Step:1 다리를 앞으로 뻗고 바닥에 앉아서 시작하세요. | Step:2 무릎 바로 위 엉덩이 아래에 롤러를 놓으세요. | Step:3 뒤로 기대고 손을 바닥에 짚어 지지하세요. | Step:4 엉덩이를 활성화하고 무릎을 구부려 가슴 쪽으로 가져오면서 롤러를 천천히 앞으로 구르세요. | Step:5 동작 끝에서 잠시 멈추고 엉덩이에서 스트레칭을 느끼세요. | Step:6 다리를 펴면서 롤러를 천천히 시작 자세로 되돌리세요. | Step:7 원하는 횟수만큼 반복하세요.,https://melo2026.s3.ap-northeast-2.amazonaws.com/workout-images/oMypNrz.webp,weight,2.5,하체,허벅지,폼롤러,,롤러
ookVu2D,월 스타일 덤벨 풀오버 힙 익스텐션 온 엑서사이즈 볼,,대흉근,삼두근 | 어깨 | 코어,"Step:1 발을 바닥에 대고 운동 공에 앉으세요. 덤벨은 허벅지 위에 놓으세요. | Step:2 발을 천천히 앞으로 걸어 운동 공을 등 아래로 굴려 머리, 목, 등 윗부분이 공에 지지되도록 하세요. | Step:3 양손으로 덤벨을 잡고 팔꿈치를 약간 구부린 상태를 유지하면서 덤벨을 가슴 위로 곧게 뻗으세요. | Step:4 팔을 곧게 펴고 통제력을 유지하면서 덤벨을 머리 뒤로 내리세요. | Step:5 잠시 멈춘 후 덤벨을 다시 시작 자세로 들어 올리세요. | Step:6 팔을 뻗은 상태를 유지하면서 엉덩이를 바닥에서 들어 올리세요. 엉덩이를 쥐어짜고 코어를 활성화하세요. | Step:7 (월 변형) 엉덩이를 다시 시작 자세로 내리세요. | Step:8 원하는 횟수만큼 반복하세요.",,weight,5.0,가슴,,덤벨,,덤벨
oom75KC,덤벨 스트레이트 레그 데드리프트,https://static.exercisedb.dev/media/oom75KC.gif,둔근,햄스트링 | lower back,Step:1 발을 어깨 너비로 벌리고 양손에 덤벨을 오버핸드 그립으로 잡고 서세요. | Step:2 등을 곧게 펴고 코어를 활성화한 상태에서 엉덩이를 구부려 덤벨을 바닥 쪽으로 내리세요. 상체가 앞으로 기울어지도록 하세요. | Step:3 무릎을 약간 구부린 상태를 유지하면서 햄스트링에 스트레칭이 느껴질 때까지 덤벨을 계속 내리세요. | Step:4 바닥에서 잠시 멈춘 후 엉덩이와 햄스트링을 사용하여 상체를 다시 시작 자세로 들어 올리세요. | Step:5 원하는 횟수만큼 반복하세요.,https://melo2026.s3.ap-northeast-2.amazonaws.com/workout-images/oom75KC.webp,weight,2.5,하체,허벅지,덤벨,,덤벨
OPqShYN,레버 힙 익스텐션 v. 2,https://static.exercisedb.dev/media/OPqShYN.gif,둔근,햄스트링,Step:1 기구를 몸에 맞게 조절하고 등받이에 등을 대고 앉으세요. | Step:2 발을 발판에 놓고 안정성을 위해 손잡이를 잡으세요. | Step:3 엉덩이와 햄스트링을 활성화한 다음 발판을 밀어 엉덩이를 펴고 다리를 뒤로 들어 올리세요. | Step:4 상단에서 잠시 멈춘 후 다리를 천천히 시작 자세로 내리세요. | Step:5 원하는 횟수만큼 반복하세요.,https://melo2026.s3.ap-northeast-2.amazonaws.com/workout-images/OPqShYN.webp,weight,5.0,하체,허벅지,머신,레버리지 머신,레버리지 머신
OQ1otBN,케이블 크로스오버 레터럴 풀다운,https://static.exercisedb.dev/media/OQ1otBN.gif,광배근,이두근 | rhomboids | rear deltoids,Step:1 케이블 기구 양쪽에 어깨 높이로 케이블 손잡이를 부착하세요. | Step:2 기구 중앙에 서서 발을 어깨 너비로 벌리세요. | Step:3 오버핸드 그립으로 손잡이를 잡고 뒤로 물러나 케이블에 장력을 만드세요. | Step:4 엉덩이에서 약간 앞으로 기울이면서 등을 곧게 펴고 가슴을 드세요. | Step:5 손잡이를 몸 아래로 당기면서 견갑골을 함께 쥐어짜세요. | Step:6 동작 하단에서 잠시 멈춘 후 천천히 시작 자세로 돌아가세요. | Step:7 원하는 횟수만큼 반복하세요.,https://melo2026.s3.ap-northeast-2.amazonaws.com/workout-images/OQ1otBN.webp,weight,5.0,등,,케이블 머신,,케이블
oQRJYkC,사이드 푸시 넥 스트레치,https://static.exercisedb.dev/media/oQRJYkC.gif,견갑거근,trapezius | sternocleidomastoid,Step:1 똑바로 서거나 앉아서 어깨를 편안하게 하세요. | Step:2 머리를 오른쪽으로 기울여 오른쪽 귀를 오른쪽 어깨에 가져가세요. | Step:3 오른손을 머리 왼쪽에 대고 부드럽게 압력을 가해 스트레칭을 늘리세요. | Step:4 스트레칭을 15-30초 동안 유지하세요. | Step:5 반대쪽도 반복하세요. 머리를 왼쪽으로 기울이고 왼손으로 압력을 가하세요. | Step:6 각 측면에서 스트레칭을 2-3회 반복하세요.,https://melo2026.s3.ap-northeast-2.amazonaws.com/workout-images/oQRJYkC.webp,weight,2.5,코어,목,맨몸,,맨몸
oR7O9LW,바벨 스쿼트 (무릎 대고),https://static.exercisedb.dev/media/oR7O9LW.gif,대퇴사두근,둔근 | 햄스트링 | 종아리,Step:1 무릎을 골반 너비로 벌리고 발가락을 앞으로 향하게 하여 무릎을 꿇고 시작하세요. | Step:2 어깨 너비보다 약간 넓게 바벨을 어깨에 걸치고 오버핸드 그립으로 잡으세요. | Step:3 코어를 활성화하고 가슴을 들어 올린 상태에서 무릎을 구부려 몸을 천천히 내리세요. 등을 곧게 펴세요. | Step:4 허벅지가 바닥과 평행이 되거나 편안하게 갈 수 있는 만큼 낮아질 때까지 계속 내리세요. | Step:5 바닥에서 잠시 멈춘 후 발뒤꿈치를 밀어 시작 자세로 돌아가세요. | Step:6 원하는 횟수만큼 반복하세요.,https://melo2026.s3.ap-northeast-2.amazonaws.com/workout-images/oR7O9LW.webp,weight,5.0,하체,허벅지,바벨,,바벨
OrETs32,리버스 하이퍼 온 플랫 벤치,https://static.exercisedb.dev/media/OrETs32.gif,둔근,햄스트링 | lower back,Step:1 엉덩이가 가장자리에 오도록 평평한 벤치에 엎드려 다리를 벤치 아래로 늘어뜨리세요. | Step:2 안정성을 위해 벤치를 잡으세요. | Step:3 다리를 곧게 펴고 천장 쪽으로 최대한 들어 올리세요. | Step:4 동작 상단에서 엉덩이를 쥐어짜세요. | Step:5 다리를 천천히 시작 자세로 내리세요. | Step:6 원하는 횟수만큼 반복하세요.,https://melo2026.s3.ap-northeast-2.amazonaws.com/workout-images/OrETs32.webp,weight,3.5,하체,허벅지,맨몸,,맨몸
oROuvrX,레버 유니라테럴 로우,https://static.exercisedb.dev/media/oROuvrX.gif,상부 등,이두근 | 전완근,"Step:1 시트 높이를 조절하고 기구를 마주보고 앉으세요. | Step:2 오버핸드 그립으로 손잡이를 잡고 등을 곧게 펴세요. | Step:3 손잡이를 몸쪽으로 당기면서 견갑골을 함께 조여주세요. | Step:4 동작의 최고점에서 잠시 멈춘 후, 천천히 팔을 펴서 시작 자세로 돌아가세요. | Step:5 원하는 횟수만큼 반복하세요.",https://melo2026.s3.ap-northeast-2.amazonaws.com/workout-images/oROuvrX.webp,weight,5.0,등,,머신,레버리지 머신,레버리지 머신
osdXT3K,케틀벨 원 암 푸시 프레스,https://static.exercisedb.dev/media/osdXT3K.gif,삼각근,삼두근 | 코어,"Step:1 발을 어깨너비로 벌리고 서서 한 손으로 케틀벨을 어깨 높이에서 잡으세요. | Step:2 무릎을 살짝 구부리고 코어에 힘을 주세요. | Step:3 팔을 펴고 다리를 완전히 펴면서 케틀벨을 머리 위로 밀어 올리세요. | Step:4 무릎을 구부리고 케틀벨을 어깨로 가져오면서 시작 자세로 천천히 내리세요. | Step:5 원하는 횟수만큼 반복한 후, 반대쪽도 동일하게 반복하세요.",https://melo2026.s3.ap-northeast-2.amazonaws.com/workout-images/osdXT3K.webp,weight,5.0,어깨,,케틀벨,,케틀벨
OTgkHwR,덤벨 디클라인 트라이셉스 익스텐션,https://static.exercisedb.dev/media/OTgkHwR.gif,삼두근,어깨,"Step:1 머리가 발보다 낮게 내려가는 디클라인 벤치에 누워 양손으로 덤벨을 잡고 손바닥이 서로 마주보게 하세요. | Step:2 팔꿈치를 머리 가까이 유지하면서 팔을 완전히 펴세요. | Step:3 팔꿈치를 구부리면서 덤벨을 머리 뒤로 천천히 내리세요. | Step:4 잠시 멈춘 후, 시작 자세로 다시 들어 올리세요. | Step:5 원하는 횟수만큼 반복하세요.",https://melo2026.s3.ap-northeast-2.amazonaws.com/workout-images/OTgkHwR.webp,weight,5.0,팔,상완,덤벨,,덤벨
otqIxU4,케이블 라잉 바이셉스 컬,https://static.exercisedb.dev/media/otqIxU4.gif,이두근,전완근,Step:1 로우 풀리 케이블 머신에 스트레이트 바를 연결하세요. | Step:2 평평한 벤치에 등을 대고 누워 발을 바닥에 단단히 고정하세요. | Step:3 언더핸드 그립으로 바를 잡고 손은 어깨너비로 벌리세요. | Step:4 팔꿈치를 옆구리에 가깝게 유지하면서 팔을 완전히 펴세요. | Step:5 윗팔을 고정한 상태에서 숨을 내쉬며 바를 어깨 쪽으로 컬링하세요. | Step:6 최고점에서 잠시 멈추고 이두근을 수축하세요. | Step:7 숨을 들이쉬면서 팔을 완전히 펴서 시작 자세로 천천히 내리세요. | Step:8 원하는 횟수만큼 반복하세요.,https://melo2026.s3.ap-northeast-2.amazonaws.com/workout-images/otqIxU4.webp,weight,5.0,팔,상완,케이블 머신,,케이블
OUQ0ZyW,스미스 슈러그,https://static.exercisedb.dev/media/OUQ0ZyW.gif,승모근,어깨,"Step:1 발을 어깨너비로 벌리고 서서 무릎을 살짝 구부리세요. | Step:2 어깨너비보다 약간 넓게 오버핸드 그립으로 바벨을 잡으세요. | Step:3 팔을 곧게 펴고 어깨를 편안하게 유지하세요. | Step:4 어깨를 귀 쪽으로 들어 올리면서 승모근을 수축하세요. | Step:5 잠시 멈춘 후, 어깨를 시작 자세로 천천히 내리세요. | Step:6 원하는 횟수만큼 반복하세요.",https://melo2026.s3.ap-northeast-2.amazonaws.com/workout-images/OUQ0ZyW.webp,weight,5.0,등,,스미스 머신,,스미스 머신
OVIKwsd,덤벨 인클라인 트라이셉스 익스텐션,https://static.exercisedb.dev/media/OVIKwsd.gif,삼두근,어깨,"Step:1 인클라인 벤치에 앉아 양손으로 덤벨을 잡고 손바닥이 서로 마주보게 하세요. | Step:2 팔꿈치를 머리 가까이 유지하면서 팔을 머리 위로 완전히 펴세요. | Step:3 윗팔을 고정한 상태에서 팔꿈치를 구부리면서 덤벨을 머리 뒤로 내리세요. | Step:4 잠시 멈춘 후, 팔을 펴서 시작 자세로 다시 들어 올리세요. | Step:5 원하는 횟수만큼 반복하세요.",https://melo2026.s3.ap-northeast-2.amazonaws.com/workout-images/OVIKwsd.webp,weight,5.0,팔,상완,덤벨,,덤벨
OVLmUuL,덤벨 인클라인 팜-인 프레스,https://static.exercisedb.dev/media/OVLmUuL.gif,대흉근,어깨 | 삼두근,"Step:1 인클라인 벤치를 45도 각도로 설정하세요. | Step:2 벤치에 앉아 양손으로 덤벨을 잡고 손바닥이 서로 마주보게 하세요. | Step:3 발을 바닥에 단단히 고정하고 등을 벤치에 대고 곧게 펴세요. | Step:4 덤벨을 어깨 높이에서 시작하고 팔꿈치를 구부리며 손바닥이 서로 마주보게 하세요. | Step:5 팔을 완전히 펴면서 덤벨을 몸에서 위로 밀어 올리세요. | Step:6 최고점에서 잠시 멈춘 후, 시작 자세로 천천히 덤벨을 내리세요. | Step:7 원하는 횟수만큼 반복하세요.",https://melo2026.s3.ap-northeast-2.amazonaws.com/workout-images/OVLmUuL.webp,weight,5.0,가슴,,덤벨,,덤벨
OVTZ65k,이지바 스탠딩 와이드 그립 바이셉스 컬,https://static.exercisedb.dev/media/OVTZ65k.gif,이두근,전완근,"Step:1 발을 어깨너비로 벌리고 똑바로 서서 이지 바를 언더핸드 그립으로 잡고 손은 어깨너비보다 넓게 벌리세요. | Step:2 팔꿈치를 몸통 가까이 유지하고 동작 내내 윗팔을 고정하세요. | Step:3 이두근을 수축하면서 바를 어깨 쪽으로 컬링하세요. | Step:4 최고점에서 잠시 멈춘 후, 시작 자세로 천천히 바를 내리세요. | Step:5 원하는 횟수만큼 반복하세요.",https://melo2026.s3.ap-northeast-2.amazonaws.com/workout-images/OVTZ65k.webp,weight,5.0,팔,상완,바벨,,EZ 바벨
OxJk1fg,케이블 트라이셉스 푸시다운 (V-바) (암 블래스터 포함),https://static.exercisedb.dev/media/OxJk1fg.gif,삼두근,전완근,Step:1 케이블 머신의 가장 높은 설정에 V-바 부착물을 연결하세요. | Step:2 케이블 머신을 마주보고 서서 발을 어깨너비로 벌리세요. | Step:3 V-바를 오버핸드 그립으로 잡고 손바닥이 아래를 향하게 하며 손은 어깨너비로 벌리세요. | Step:4 팔꿈치를 옆구리에 가깝게 유지하고 운동 내내 윗팔을 고정하세요. | Step:5 삼두근에 힘을 주고 숨을 내쉬면서 팔이 완전히 펴질 때까지 V-바를 아래로 누르세요. | Step:6 동작의 가장 낮은 지점에서 잠시 멈추고 삼두근을 수축하세요. | Step:7 숨을 들이쉬면서 제어력을 유지하며 시작 자세로 천천히 V-바를 되돌리세요. | Step:8 원하는 횟수만큼 반복하세요.,https://melo2026.s3.ap-northeast-2.amazonaws.com/workout-images/OxJk1fg.webp,weight,5.0,팔,상완,케이블 머신,,케이블
OYFhXVD,와이드 그립 리어 풀업,https://static.exercisedb.dev/media/OYFhXVD.gif,광배근,이두근 | 전완근,"Step:1 풀업 바를 와이드 오버핸드 그립으로 잡고 손은 어깨너비보다 약간 넓게 벌리세요. | Step:2 팔을 완전히 펴고 몸을 곧게 편 상태로 바에 매달리세요. | Step:3 등 근육에 힘을 주고 가슴을 리드하며 몸을 바 쪽으로 당기세요. | Step:4 턱이 바 위로 올라올 때까지 계속 당기세요. | Step:5 최고점에서 잠시 멈춘 후, 몸을 시작 자세로 천천히 내리세요. | Step:6 원하는 횟수만큼 반복하세요.",https://melo2026.s3.ap-northeast-2.amazonaws.com/workout-images/OYFhXVD.webp,weight,3.5,등,,맨몸,,맨몸
OyoZ3Pu,레그 풀 인 플랫 벤치,https://static.exercisedb.dev/media/OyoZ3Pu.gif,복근,고관절 굴곡근 | lower back,"Step:1 평평한 벤치에 앉아 다리를 앞으로 쭉 뻗으세요. | Step:2 지지를 위해 벤치 옆에 손을 짚으세요. | Step:3 복근에 힘을 주고 다리를 들어 올려 무릎을 가슴 쪽으로 당기세요. | Step:4 최고점에서 잠시 멈춘 후, 다리를 시작 자세로 천천히 내리세요. | Step:5 원하는 횟수만큼 반복하세요.",https://melo2026.s3.ap-northeast-2.amazonaws.com/workout-images/OyoZ3Pu.webp,weight,3.5,코어,허리 | 복부,맨몸,,맨몸
oZjMu1t,타이어 플립,https://static.exercisedb.dev/media/oZjMu1t.gif,둔근,햄스트링 | quadriceps | 코어,"Step:1 발을 어깨너비로 벌리고 타이어를 마주보고 서세요. | Step:2 무릎을 구부리고 엉덩이를 접어 스쿼트 자세를 취하세요. | Step:3 양손으로 타이어의 아래쪽 가장자리를 잡고 손가락이 자신을 향하도록 하세요. | Step:4 엉덩이와 다리 근육에 힘을 주고 다리를 폭발적으로 밀어 타이어를 들어 올리세요. | Step:5 타이어가 완전히 뒤집힐 때, 상체 힘을 사용하여 타이어를 조종하고 제어력을 유지하세요. | Step:6 타이어가 완전히 뒤집히면 빠르게 뒤로 물러나 자세를 재정비하세요. | Step:7 원하는 횟수만큼 반복하세요.",https://melo2026.s3.ap-northeast-2.amazonaws.com/workout-images/oZjMu1t.webp,weight,5.0,하체,허벅지,기타,타이어,tire
p0OCXGb,슬레드 45도 레그 와이드 프레스 - 블런트 변형,,둔근,quadriceps | 햄스트링 | 종아리,"Step:1 슬레드 머신을 45도 각도로 조절하세요. | Step:2 슬레드 머신에 앉아 등을 패드에 대고 발을 발판에 올리세요. | Step:3 발을 어깨너비보다 넓게 벌리세요. | Step:4 발판을 밀어 다리를 펴고 무릎을 곧게 펴세요. | Step:5 동작 끝에서 잠시 멈춘 후, 무릎을 천천히 구부려 시작 자세로 돌아가세요. 전체 동작 동안 블런트 자세를 유지하세요. | Step:6 원하는 횟수만큼 반복하세요.",,weight,5.0,하체,허벅지,머신,슬레드 머신,슬레드 머신
P14Dz9D,케이블 원 암 인클라인 플라이 온 엑서사이즈 볼,https://static.exercisedb.dev/media/P14Dz9D.gif,대흉근,deltoids | 삼두근,"Step:1 발을 바닥에 대고 눕고 등을 인클라인 벤치에 기댄 채 운동 볼에 앉으세요. | Step:2 한 손으로 케이블 핸들을 잡고 팔을 뻗어 손바닥이 안쪽을 향하게 하세요. | Step:3 팔꿈치를 살짝 구부린 상태를 유지하면서 손이 어깨 높이와 일직선이 될 때까지 팔을 옆으로 천천히 내리세요. | Step:4 잠시 멈춘 후, 가슴 근육을 수축하여 팔을 시작 자세로 되돌리세요. | Step:5 원하는 횟수만큼 반복한 후, 반대쪽 팔도 동일하게 반복하세요.",https://melo2026.s3.ap-northeast-2.amazonaws.com/workout-images/P14Dz9D.webp,weight,5.0,가슴,,케이블 머신,,케이블
p195zsJ,투 토 터치 (남성),https://static.exercisedb.dev/media/p195zsJ.gif,척추,햄스트링 | 둔근,"Step:1 발을 어깨너비로 벌리고 서서 팔을 옆으로 뻗으세요. | Step:2 등을 곧게 펴고 무릎을 살짝 구부린 상태를 유지하면서 허리에서 앞으로 구부리세요. | Step:3 다리를 곧게 편 상태를 유지하면서 양손으로 발가락 쪽으로 손을 뻗으세요. | Step:4 가장 낮은 지점에서 잠시 멈춘 후, 시작 자세로 천천히 돌아가세요. | Step:5 원하는 횟수만큼 반복하세요.",https://melo2026.s3.ap-northeast-2.amazonaws.com/workout-images/p195zsJ.webp,weight,3.5,등,,맨몸,,맨몸
P2lNrGL,케이블 프리쳐 컬,https://static.exercisedb.dev/media/P2lNrGL.gif,이두근,전완근,"Step:1 프리쳐 컬 패드가 가슴 높이에 오도록 케이블 머신을 조절합니다. | Step:2 프리쳐 컬 벤치에 앉아 케이블 부착물을 언더핸드 그립으로 잡고 상완을 패드에 댑니다. | Step:3 등을 곧게 펴고 팔꿈치를 옆구리에 붙입니다. | Step:4 팔꿈치를 옆구리에 붙인 상태를 유지하며, 케이블 부착물을 어깨 쪽으로 천천히 들어 올리면서 동작 상단에서 이두근을 수축합니다. | Step:5 잠시 멈춘 후, 케이블 부착물을 시작 자세로 천천히 내립니다. | Step:6 원하는 횟수만큼 반복합니다.",https://melo2026.s3.ap-northeast-2.amazonaws.com/workout-images/P2lNrGL.webp,weight,5.0,팔,상완,케이블 머신,,케이블
P2nRiUa,덤벨 스탠딩 잰트먼 프리쳐 컬,https://static.exercisedb.dev/media/P2nRiUa.gif,이두근,전완근,Step:1 양손에 덤벨을 들고 손바닥이 앞을 향하도록 하여 똑바로 섭니다. | Step:2 상완을 프리쳐 벤치에 대고 팔꿈치를 살짝 구부린 상태를 유지합니다. | Step:3 상완을 고정한 상태에서 덤벨을 어깨 쪽으로 들어 올립니다. | Step:4 동작 상단에서 손목을 돌려 손바닥이 아래를 향하도록 합니다. | Step:5 손목을 돌리면서 덤벨을 시작 자세로 천천히 내립니다. | Step:6 원하는 횟수만큼 반복합니다.,https://melo2026.s3.ap-northeast-2.amazonaws.com/workout-images/P2nRiUa.webp,weight,5.0,팔,상완,덤벨,,덤벨
P5p0j8B,케이블 스탠딩 크로스오버 하이 리버스 플라이,https://static.exercisedb.dev/media/P5p0j8B.gif,삼각근,trapezius | rhomboids | rear deltoids,"Step:1 케이블 머신의 양쪽에 어깨 높이로 D-핸들을 부착합니다. | Step:2 발을 어깨너비로 벌리고 케이블 머신 중앙에 섭니다. | Step:3 핸들을 오버핸드 그립으로 잡고 팔을 옆으로 뻗어 손바닥이 앞을 향하도록 합니다. | Step:4 팔꿈치를 살짝 구부리고 운동 내내 등을 곧게 유지합니다. | Step:5 어깨 근육을 사용하며 핸들을 몸 앞쪽으로 당기면서 어깨뼈를 모읍니다. | Step:6 동작 정점에서 잠시 멈춘 후, 시작 자세로 천천히 돌아갑니다. | Step:7 원하는 횟수만큼 반복합니다.",https://melo2026.s3.ap-northeast-2.amazonaws.com/workout-images/P5p0j8B.webp,weight,5.0,어깨,,케이블 머신,,케이블
p5v6rdT,아이언 크로스 스트레치 - 딥 바리에이션,,둔근,햄스트링 | quadriceps,"Step:1 팔을 옆으로 뻗고 바닥에 등을 대고 눕습니다. | Step:2 다리를 곧게 편 상태로 천장 쪽으로 들어 올립니다. | Step:3 발이 바닥에 닿도록 다리를 한쪽으로 천천히 내립니다. | Step:4 스트레치를 몇 초간 유지한 후, 다리를 시작 자세로 되돌립니다. | Step:5 반대쪽에서도 스트레치를 반복합니다. 전체적으로 깊은 자세를 유지합니다. | Step:6 원하는 횟수만큼 번갈아 가며 반복합니다.",,weight,2.5,하체,허벅지,맨몸,,맨몸
P7zSvul,푸시업 온 보수 볼 위드 임프루브드,,대흉근,삼두근 | 어깨 | 코어,Step:1 보수 볼을 평평한 면이 위로 향하도록 바닥에 놓습니다. | Step:2 손을 보수 볼의 바깥쪽 가장자리에 대고 푸시업 자세를 취합니다. | Step:3 코어에 힘을 주고 팔꿈치를 구부려 몸을 보수 볼 쪽으로 내립니다. 개선된 움직임에 집중합니다. | Step:4 팔을 펴서 시작 자세로 밀어 올립니다. | Step:5 원하는 횟수만큼 반복합니다.,,weight,3.5,가슴,,기타,보수볼,보수볼
p9cCe2r,스펠 캐스터,https://static.exercisedb.dev/media/p9cCe2r.gif,복근,obliques | lower back,Step:1 발을 어깨너비로 벌리고 한 손에 덤벨을 듭니다. | Step:2 무릎을 살짝 구부리고 등을 곧게 편 상태로 허리에서 상체를 숙입니다. | Step:3 덤벨을 든 팔을 반대쪽 발 쪽으로 뻗으면서 몸통을 회전시킵니다. | Step:4 시작 자세로 돌아와 반대쪽도 반복합니다. | Step:5 원하는 횟수만큼 번갈아 가며 반복합니다.,https://melo2026.s3.ap-northeast-2.amazonaws.com/workout-images/p9cCe2r.webp,weight,5.0,코어,허리 | 복부,덤벨,,덤벨
P9GFBME,스파이더 크롤 푸시업,https://static.exercisedb.dev/media/P9GFBME.gif,둔근,코어 | 가슴 | 어깨,Step:1 손을 어깨너비보다 약간 넓게 벌리고 발을 모은 푸시업 자세로 시작합니다. | Step:2 오른쪽 무릎을 오른쪽 팔꿈치 쪽으로 가져옵니다. 바닥에서 떨어뜨린 상태를 유지합니다. | Step:3 오른쪽 무릎을 뒤로 가져오면서 동시에 팔꿈치를 구부려 몸을 바닥 쪽으로 내립니다. | Step:4 시작 자세로 밀어 올린 후 왼쪽 무릎을 왼쪽 팔꿈치 쪽으로 가져오며 반복합니다. | Step:5 원하는 횟수만큼 번갈아 가며 반복합니다.,https://melo2026.s3.ap-northeast-2.amazonaws.com/workout-images/P9GFBME.webp,weight,3.5,하체,허벅지,맨몸,,맨몸
P9ZRyLT,하이트 덤벨 플라이,https://static.exercisedb.dev/media/P9ZRyLT.gif,대흉근,어깨,"Step:1 벤치에 등을 대고 누워 양손에 덤벨을 들고 손바닥이 서로 마주보게 합니다. | Step:2 팔꿈치를 살짝 구부린 상태로 팔을 가슴 위로 곧게 뻗습니다. | Step:3 팔꿈치를 살짝 구부린 상태를 유지하며, 가슴에서 스트레치가 느껴질 때까지 덤벨을 넓은 호를 그리며 옆으로 내립니다. | Step:4 잠시 멈춘 후, 동작을 반대로 하여 덤벨을 시작 자세로 되돌립니다. | Step:5 원하는 횟수만큼 반복합니다.",https://melo2026.s3.ap-northeast-2.amazonaws.com/workout-images/P9ZRyLT.webp,weight,2.5,가슴,,덤벨,,덤벨
PAgTVaK,어시스티드 체스트 딥 (니이링),https://static.exercisedb.dev/media/PAgTVaK.gif,대흉근,삼두근 | 어깨,"Step:1 원하는 높이로 머신을 조절하고 무릎을 패드에 고정합니다. | Step:2 손바닥이 아래를 향하도록 핸들을 잡고 팔을 완전히 뻗습니다. | Step:3 팔꿈치를 구부려 상완이 바닥과 평행이 될 때까지 몸을 내립니다. | Step:4 잠시 멈춘 후, 시작 자세로 다시 밀어 올립니다. | Step:5 원하는 횟수만큼 반복합니다.",https://melo2026.s3.ap-northeast-2.amazonaws.com/workout-images/PAgTVaK.webp,weight,5.0,가슴,,머신,레버리지 머신,레버리지 머신
pAIWRGu,핸즈 바이크,https://static.exercisedb.dev/media/pAIWRGu.gif,대흉근,삼두근 | 어깨,"Step:1 편안한 높이로 안장 높이와 핸들바 위치를 조절합니다. | Step:2 등을 곧게 펴고 발을 페달에 댄 상태로 에르고미터에 앉습니다. | Step:3 손으로 핸들을 잡고 팔을 90도 각도로 위치시킵니다. | Step:4 손으로 페달을 밟기 시작하며, 핸들을 제어된 동작으로 밀고 당깁니다. | Step:5 원하는 시간 또는 횟수만큼 페달을 밟습니다.",https://melo2026.s3.ap-northeast-2.amazonaws.com/workout-images/pAIWRGu.webp,cardio,3.5,유산소,,기타,상체 에르고미터,upper body ergometer
PbzNu7c,덤벨 인클라인 Y-레이즈,https://static.exercisedb.dev/media/PbzNu7c.gif,상부 등,어깨 | rear deltoids,"Step:1 인클라인 벤치를 45도 각도로 설정하고 양손에 덤벨을 들고 손바닥이 안쪽을 향하도록 하여 앉습니다. | Step:2 상체를 살짝 앞으로 숙이고 팔꿈치를 살짝 구부린 상태로 팔을 곧게 아래로 늘어뜨립니다. | Step:3 팔을 옆으로 들어 올려 Y자 모양으로 바닥과 평행이 될 때까지 올립니다. | Step:4 상단에서 잠시 멈춘 후, 팔을 시작 자세로 천천히 내립니다. | Step:5 원하는 횟수만큼 반복합니다.",https://melo2026.s3.ap-northeast-2.amazonaws.com/workout-images/PbzNu7c.webp,weight,5.0,등,,덤벨,,덤벨
PcPe0P5,케이블 로프 해머 프리쳐 컬,https://static.exercisedb.dev/media/PcPe0P5.gif,이두근,전완근,Step:1 로우 풀리 케이블 머신에 로프 부착물을 연결합니다. | Step:2 발을 어깨너비로 벌리고 머신을 향해 섭니다. | Step:3 뉴트럴 그립(손바닥이 서로 마주보게)으로 로프를 잡습니다. | Step:4 팔꿈치를 살짝 구부린 상태로 상완을 프리쳐 벤치 패드에 댑니다. | Step:5 상완을 고정한 상태에서 숨을 내쉬며 이두근을 수축하여 로프를 어깨 쪽으로 들어 올립니다. | Step:6 이두근을 수축한 상태에서 잠시 멈춥니다. | Step:7 숨을 들이쉬며 로프를 시작 자세로 천천히 내립니다. | Step:8 원하는 횟수만큼 반복합니다.,https://melo2026.s3.ap-northeast-2.amazonaws.com/workout-images/PcPe0P5.webp,weight,5.0,팔,상완,케이블 머신,,케이블
PCUYOMs,펄스 스타일 워크 일립티컬 크로스트레이너,,심폐 지구력,quadriceps | 햄스트링 | 둔근 | 종아리,Step:1 원하는 설정으로 일립티컬 머신의 저항 레벨과 경사를 조절합니다. | Step:2 머신의 페달에 올라서서 핸들을 가볍게 잡습니다. | Step:3 발로 아래로 누르고 핸들을 몸 쪽으로 당기면서 시작합니다. | Step:4 걷거나 달리는 동작을 시뮬레이션하기 위해 누르고 당기는 동작을 번갈아 가며 계속합니다. | Step:5 꾸준한 속도를 유지하고 운동 내내 코어를 사용합니다. 맥박 조절을 강조합니다. | Step:6 원하는 유산소 운동 시간 동안 계속합니다. | Step:7 머신에서 내리기 전에 점진적으로 머신의 강도와 속도를 줄입니다.,,cardio,3.5,유산소,,머신,일립티컬 머신,일립티컬 머신
PDaMuyV,덤벨 원 암 인클라인 체스트 프레스,https://static.exercisedb.dev/media/PDaMuyV.gif,대흉근,어깨 | 삼두근,"Step:1 인클라인 벤치를 45도 각도로 조절합니다. | Step:2 벤치에 등을 패드에 대고 발을 바닥에 평평하게 댄 상태로 앉습니다. | Step:3 한 손으로 오버핸드 그립으로 덤벨을 잡고 어깨에 올려놓습니다. | Step:4 덤벨을 몸에서 위로 밀어내며 팔을 완전히 뻗습니다. | Step:5 상단에서 잠시 멈춘 후, 덤벨을 시작 자세로 천천히 내립니다. | Step:6 원하는 횟수만큼 반복한 후, 반대쪽 팔로 전환합니다.",https://melo2026.s3.ap-northeast-2.amazonaws.com/workout-images/PDaMuyV.webp,weight,5.0,가슴,,덤벨,,덤벨
PDHE73u,컨트롤드 밴드 스트레이트 백 스티프 레그 데드리프트,,둔근,햄스트링 | lower back,Step:1 발을 어깨너비로 벌리고 밴드를 허벅지 위쪽에 두릅니다. | Step:2 손바닥이 몸을 향하도록 하여 허벅지 앞쪽에서 양손으로 밴드를 잡습니다. | Step:3 등을 곧게 펴고 무릎을 살짝 구부린 상태로 엉덩이에서 힌지하여 밴드를 바닥 쪽으로 내립니다. 제어된 움직임에 집중합니다. | Step:4 밴드를 내리면서 햄스트링의 스트레치를 느낍니다. | Step:5 둔근과 햄스트링을 사용하여 몸을 시작 자세로 들어 올립니다. | Step:6 원하는 횟수만큼 반복합니다.,,weight,2.5,하체,허벅지,밴드,,밴드
PdmaD0N,덤벨 스탠딩 트라이셉스 익스텐션,https://static.exercisedb.dev/media/PdmaD0N.gif,삼두근,어깨,Step:1 발을 어깨 너비로 벌리고 한 손에 덤벨을 듭니다. | Step:2 팔을 곧게 펴고 덤벨을 머리 위로 들어 올립니다. | Step:3 팔꿈치를 구부려 윗팔을 고정한 상태에서 덤벨을 머리 뒤로 내립니다. | Step:4 팔을 다시 위로 펴서 시작 자세로 돌아옵니다. | Step:5 원하는 횟수만큼 반복합니다.,https://melo2026.s3.ap-northeast-2.amazonaws.com/workout-images/PdmaD0N.webp,weight,5.0,팔,상완,덤벨,,덤벨
peAeMR3,밴드 숄더 프레스,https://static.exercisedb.dev/media/peAeMR3.gif,삼각근,삼두근 | 상부 등,Step:1 발을 어깨 너비로 벌리고 발밑에 밴드를 놓습니다. | Step:2 손바닥이 앞을 향하도록 밴드를 잡고 팔꿈치를 구부린 채 손을 어깨 높이로 들어 올립니다. | Step:3 팔을 완전히 펴면서 밴드를 머리 위로 밀어 올립니다. | Step:4 맨 위에서 잠시 멈춘 후 천천히 밴드를 어깨 높이로 다시 내립니다. | Step:5 원하는 횟수만큼 반복합니다.,https://melo2026.s3.ap-northeast-2.amazonaws.com/workout-images/peAeMR3.webp,weight,5.0,어깨,,밴드,,밴드
PERjVm8,익서사이즈 볼 백 익스텐션 (암 익스텐디드),https://static.exercisedb.dev/media/PERjVm8.gif,척추,둔근 | 햄스트링,Step:1 안정성 볼을 바닥에 놓고 엉덩이를 볼 위에 올린 채 엎드립니다. 발은 벽에 대어 안정성을 확보합니다. | Step:2 손바닥이 아래를 향하도록 팔을 앞으로 곧게 뻗습니다. | Step:3 코어에 힘을 주고 등을 곧게 펴고 목을 척추와 일직선으로 유지하면서 상체를 볼에서 천천히 들어 올립니다. | Step:4 맨 위에서 잠시 멈춘 후 상체를 천천히 시작 자세로 다시 내립니다. | Step:5 원하는 횟수만큼 반복합니다.,https://melo2026.s3.ap-northeast-2.amazonaws.com/workout-images/PERjVm8.webp,weight,5.0,등,,기타,짐볼,짐볼
pFuK3by,워크 일립티컬 크로스트레이너 - 확장 변형,,심폐 지구력,quadriceps | 햄스트링 | 둔근 | 종아리,Step:1 일립티컬 머신의 저항 레벨과 경사를 원하는 설정으로 조절합니다. | Step:2 머신의 페달 위로 올라서서 손잡이를 가볍게 잡습니다. | Step:3 발로 아래로 밀고 손잡이를 몸쪽으로 당기면서 시작합니다. | Step:4 걷거나 달리는 동작을 시뮬레이션하기 위해 밀고 당기는 동작을 번갈아 가며 계속합니다. 확장된 제어를 강조합니다. | Step:5 꾸준한 속도를 유지하고 운동 내내 코어에 힘을 줍니다. | Step:6 원하는 유산소 운동 시간 동안 계속합니다. | Step:7 페달에서 내리기 전에 점진적으로 머신의 강도와 속도를 줄입니다.,,cardio,3.5,유산소,,머신,일립티컬 머신,일립티컬 머신
PG1kcIb,덤벨 인클라인 해머 프레스,https://static.exercisedb.dev/media/PG1kcIb.gif,대흉근,어깨 | 삼두근,Step:1 인클라인 벤치를 45도 각도로 설정하고 각 손에 덤벨을 쥔 채 앉아 허벅지에 둡니다. | Step:2 벤치에 누워 손바닥이 서로 마주보도록 덤벨을 어깨 높이로 위치시킵니다. | Step:3 팔이 완전히 펴질 때까지 덤벨을 몸에서 위로 밀어 올립니다. | Step:4 맨 위에서 잠시 멈춘 후 천천히 덤벨을 시작 자세로 다시 내립니다. | Step:5 원하는 횟수만큼 반복합니다.,https://melo2026.s3.ap-northeast-2.amazonaws.com/workout-images/PG1kcIb.webp,weight,5.0,가슴,,덤벨,,덤벨
pgIdT6i,밴드 원 암 스탠딩 로우 - 래터럴 변형,,상부 등,이두근 | 어깨,"Step:1 밴드를 허리 높이의 안정적인 고정 지점에 부착합니다. | Step:2 고정 지점을 향해 서서 발을 어깨 너비로 벌립니다. | Step:3 한 손으로 밴드를 잡고 손바닥이 안쪽을 향하도록 하며, 밴드에 장력이 생기도록 뒤로 물러섭니다. | Step:4 무릎을 살짝 구부리고 등을 곧게 편 상태에서 엉덩이를 앞으로 숙입니다. | Step:5 밴드를 허리 쪽으로 당기면서 견갑골을 함께 조입니다. | Step:6 동작의 맨 위에서 잠시 멈춘 후 천천히 밴드를 시작 자세로 되돌립니다. | Step:7 원하는 횟수만큼 반복한 후 반대쪽으로 전환합니다. 측면 제어를 강조합니다.",,weight,5.0,등,,밴드,,밴드
pH2x2jj,덤벨 원 레그 플라이 (익서사이즈 볼),https://static.exercisedb.dev/media/pH2x2jj.gif,대흉근,어깨 | 삼두근,Step:1 각 손에 덤벨을 쥐고 손바닥이 서로 마주보도록 하여 운동 볼에 앉습니다. | Step:2 한 발은 땅에 딛고 다른 다리는 앞으로 곧게 뻗습니다. | Step:3 팔꿈치를 살짝 구부린 채 팔을 옆으로 벌립니다. | Step:4 덤벨을 아래로 옆으로 천천히 내리면서 가슴의 스트레칭을 느낍니다. | Step:5 맨 아래에서 잠시 멈춘 후 가슴 근육을 수축하여 덤벨을 시작 자세로 다시 올립니다. | Step:6 원하는 횟수만큼 반복한 후 다리를 바꿔 반복합니다.,https://melo2026.s3.ap-northeast-2.amazonaws.com/workout-images/pH2x2jj.webp,weight,2.5,가슴,,덤벨,,덤벨
pj0X0tF,행잉 스트레이트 레그 힙 레이즈,https://static.exercisedb.dev/media/pj0X0tF.gif,복근,고관절 굴곡근,Step:1 팔을 완전히 펴고 손바닥이 자신에게서 멀어지도록 하여 풀업 바에 매달립니다. | Step:2 코어에 힘을 주고 다리를 땅과 평행이 될 때까지 앞으로 들어 올립니다. | Step:3 맨 위에서 잠시 멈춘 후 다리를 천천히 시작 자세로 내립니다. | Step:4 원하는 횟수만큼 반복합니다.,https://melo2026.s3.ap-northeast-2.amazonaws.com/workout-images/pj0X0tF.webp,weight,3.5,코어,허리 | 복부,맨몸,,맨몸
Pjbc0Kt,저항 밴드 힙 쓰러스트 (무릎 꿇고 - 여성),https://static.exercisedb.dev/media/Pjbc0Kt.gif,둔근,햄스트링 | quadriceps,Step:1 무릎을 엉덩이 너비로 벌리고 발을 구부린 채 무릎을 꿇고 시작합니다. | Step:2 무릎 바로 위 허벅지 주위로 저항 밴드를 감습니다. | Step:3 균형을 잡기 위해 손을 엉덩이에 대거나 앞으로 뻗습니다. | Step:4 둔근과 코어 근육에 힘을 줍니다. | Step:5 엉덩이를 앞으로 밀고 둔근을 수축하면서 무릎을 땅에서 들어 올려 허벅지가 땅과 평행이 될 때까지 엉덩이를 폅니다. | Step:6 자세를 잠시 유지한 후 무릎을 천천히 시작 자세로 다시 내립니다. | Step:7 원하는 횟수만큼 반복합니다.,https://melo2026.s3.ap-northeast-2.amazonaws.com/workout-images/Pjbc0Kt.webp,weight,3.5,하체,허벅지,밴드,,저항 밴드
PkCN2lv,프론트 레버,https://static.exercisedb.dev/media/PkCN2lv.gif,복근,광배근 | 어깨 | 전완근,Step:1 손을 어깨 너비보다 약간 넓게 오버핸드 그립으로 잡고 풀업 바에 매달려 시작합니다. | Step:2 코어에 힘을 주고 어깨뼈를 아래로 당겨 뒤로 뺍니다. | Step:3 무릎을 구부려 가슴 쪽으로 당깁니다. | Step:4 동시에 다리를 들어 올려 몸과 평행이 되도록 앞으로 곧게 뻗습니다. | Step:5 가능한 한 오래 이 자세를 유지하며 완전한 프론트 레버 자세를 목표로 합니다. | Step:6 풀려면 다리를 천천히 아래로 내리고 시작 자세로 돌아옵니다. | Step:7 원하는 횟수만큼 반복합니다.,https://melo2026.s3.ap-northeast-2.amazonaws.com/workout-images/PkCN2lv.webp,weight,3.5,코어,허리 | 복부,맨몸,,맨몸
PKlXuJW,러프 밴드 푸시 싯업,,복근,어깨 | 가슴,Step:1 밴드를 안정적인 고정 지점에 단단히 부착합니다. | Step:2 무릎을 구부리고 발을 땅에 댄 채 등을 대고 눕습니다. | Step:3 양손으로 밴드를 잡고 팔을 천장으로 곧게 뻗습니다. 거친 움직임에 집중합니다. | Step:4 복근에 힘을 주고 상체를 천천히 들어 올려 몸통이 45도 각도가 될 때까지 앞으로 말아 올립니다. | Step:5 맨 위에서 잠시 멈춘 후 상체를 천천히 시작 자세로 다시 내립니다. | Step:6 원하는 횟수만큼 반복합니다.,,weight,3.5,코어,허리 | 복부,밴드,,밴드
pkSoCW9,바벨 제퍼슨 스쿼트,https://static.exercisedb.dev/media/pkSoCW9.gif,둔근,quadriceps | 햄스트링 | 종아리,"Step:1 발을 어깨 너비로 벌리고 발끝을 약간 바깥쪽으로 향하게 합니다. | Step:2 오버핸드 그립으로 바벨을 잡고 허리 바로 아래 몸 앞쪽에 둡니다. | Step:3 왼쪽 발을 앞으로, 오른쪽 발을 뒤로 내딛고 발은 어깨 너비로 유지합니다. | Step:4 무릎을 구부리고 등을 곧게 펴고 가슴을 들어 올린 상태에서 몸을 스쿼트 자세로 내립니다. | Step:5 발뒤꿈치로 밀어 시작 자세로 다시 일어섭니다. | Step:6 반복할 때마다 앞뒤 발을 번갈아 가며 동작을 반복합니다.",https://melo2026.s3.ap-northeast-2.amazonaws.com/workout-images/pkSoCW9.webp,weight,5.0,하체,허벅지,바벨,,바벨
pM07UxU,키핑 머슬업,https://static.exercisedb.dev/media/pM07UxU.gif,광배근,이두근 | 삼두근 | 어깨 | 코어,"Step:1 손을 어깨 너비보다 약간 넓게 오버핸드 그립으로 잡고 풀업 바에 매달려 시작합니다. | Step:2 코어에 힘을 주고 흔들리는 동작으로 추진력을 얻습니다. | Step:3 앞으로 흔들릴 때 등과 이두근을 사용하여 동작을 시작하면서 가슴을 바 쪽으로 당깁니다. | Step:4 가슴이 바에 닿을 때까지 위쪽 동작을 계속한 후, 바를 아래로 밀고 팔을 펴서 딥 자세로 전환합니다. | Step:5 팔을 구부리고 내려가는 동작을 제어하면서 몸을 시작 자세로 다시 내립니다. | Step:6 원하는 횟수만큼 반복합니다.",https://melo2026.s3.ap-northeast-2.amazonaws.com/workout-images/pM07UxU.webp,weight,3.5,등,,맨몸,,맨몸
PM1PZjg,점프 런지,https://static.exercisedb.dev/media/PM1PZjg.gif,둔근,quadriceps | 햄스트링 | 종아리,Step:1 발을 어깨 너비로 벌리고 서서 시작합니다. | Step:2 오른쪽 발을 앞으로 내딛어 런지 자세로 몸을 낮춥니다. | Step:3 오른쪽 발로 밀고 공중으로 점프하면서 공중에서 발의 위치를 바꿉니다. | Step:4 왼쪽 발을 앞으로 하여 부드럽게 착지하고 즉시 런지 자세로 몸을 낮춥니다. | Step:5 원하는 횟수만큼 런지와 점프를 번갈아 가며 계속합니다.,https://melo2026.s3.ap-northeast-2.amazonaws.com/workout-images/PM1PZjg.webp,weight,3.5,하체,허벅지,맨몸,,맨몸
pmnrOp0,밴드 니링 원 암 풀다운,https://static.exercisedb.dev/media/pmnrOp0.gif,광배근,이두근 | rhomboids,Step:1 밴드를 머리 위 고정 지점에 부착합니다. | Step:2 무릎을 꿇고 한 손으로 밴드를 잡고 손바닥이 아래를 향하도록 합니다. | Step:3 팔꿈치를 살짝 구부린 채 팔을 머리 위로 완전히 뻗습니다. | Step:4 광배근에 힘을 주고 밴드를 옆구리 쪽으로 당기면서 팔꿈치를 갈비뼈 쪽으로 가져옵니다. | Step:5 맨 아래에서 잠시 멈춘 후 천천히 장력을 풀고 시작 자세로 돌아옵니다. | Step:6 원하는 횟수만큼 반복한 후 반대쪽으로 전환합니다.,https://melo2026.s3.ap-northeast-2.amazonaws.com/workout-images/pmnrOp0.webp,weight,3.5,등,,밴드,,밴드
pNIKolI,엑서사이즈 볼 시티드 트라이셉스 스트레치 와이드,,삼두근,어깨,"Step:1 발을 바닥에 대고 등을 곧게 편 채로 안정성 볼에 앉습니다. | Step:2 한 손에 덤벨을 들고 팔을 머리 위로 곧게 뻗습니다. | Step:3 팔꿈치를 구부리고 덤벨을 머리 뒤로 내리면서, 윗팔을 귀에 가깝게 유지합니다. 전체적으로 넓은 자세를 유지합니다. | Step:4 몇 초간 스트레칭을 유지한 다음 시작 자세로 돌아갑니다. | Step:5 반대쪽 팔로 반복합니다.",,weight,2.5,팔,상완,기타,짐볼,짐볼
PNtsX17,케이블 리버스-그립 스트레이트 백 시티드 하이 로우,https://static.exercisedb.dev/media/PNtsX17.gif,상부 등,이두근 | 전완근,"Step:1 발을 바닥에 대고 케이블 머신을 향해 앉습니다. | Step:2 언더핸드 그립으로 케이블 부착물을 잡고, 손바닥은 위로 향하게 하며, 손은 어깨너비로 벌립니다. | Step:3 등을 곧게 펴고 엉덩이에서 약간 앞으로 기울입니다. | Step:4 어깨뼈를 뒤로 당기고 등 근육을 수축하여 케이블을 몸통 쪽으로 당깁니다. | Step:5 수축의 정점에서 잠시 멈춘 다음, 천천히 케이블을 시작 자세로 되돌립니다. | Step:6 원하는 횟수만큼 반복합니다.",https://melo2026.s3.ap-northeast-2.amazonaws.com/workout-images/PNtsX17.webp,weight,5.0,등,,케이블 머신,,케이블
PnZJIrk,어시스티드 와이드-그립 체스트 딥 (니이링),https://static.exercisedb.dev/media/PnZJIrk.gif,대흉근,삼두근 | 어깨,Step:1 기계를 원하는 높이로 조절하고 무릎을 패드에 고정합니다. | Step:2 손잡이를 넓게 잡고 팔꿈치를 약간 구부립니다. | Step:3 팔꿈치를 구부려 윗팔이 바닥과 평행이 될 때까지 몸을 내립니다. | Step:4 팔을 펴서 시작 자세로 다시 밀어 올립니다. | Step:5 원하는 횟수만큼 반복합니다.,https://melo2026.s3.ap-northeast-2.amazonaws.com/workout-images/PnZJIrk.webp,weight,5.0,가슴,,머신,레버리지 머신,레버리지 머신
pP8wP2P,덤벨 뉴트럴 그립 벤치 프레스,https://static.exercisedb.dev/media/pP8wP2P.gif,삼두근,가슴 | 어깨,"Step:1 발을 바닥에 대고 등을 벤치에 붙인 채 평평한 벤치에 눕습니다. | Step:2 각 손에 덤벨을 뉴트럴 그립(손바닥이 서로 마주보게)으로 잡고 팔을 가슴 위로 곧게 뻗습니다. | Step:3 팔꿈치를 몸에 가깝게 유지하면서 덤벨을 가슴 쪽으로 천천히 내립니다. | Step:4 바닥에서 잠시 멈춘 다음, 팔을 완전히 펴서 덤벨을 시작 자세로 다시 밀어 올립니다. | Step:5 원하는 횟수만큼 반복합니다.",https://melo2026.s3.ap-northeast-2.amazonaws.com/workout-images/pP8wP2P.webp,weight,5.0,팔,상완,덤벨,,덤벨
pQ0Mx1Z,플래그,https://static.exercisedb.dev/media/pQ0Mx1Z.gif,복근,obliques | 어깨,"Step:1 양손으로 수직 기둥을 잡고, 손바닥은 서로 마주보게 하며, 팔을 완전히 뻗은 상태에서 시작합니다. | Step:2 코어에 힘을 주고 다리를 곧게 편 채로 바닥에서 들어 올립니다. | Step:3 코어와 상체 근력을 사용하여 다리를 바닥과 평행이 될 때까지 들어 올립니다. | Step:4 곧은 몸 라인을 유지하면서 가능한 한 오랫동안 이 자세를 유지합니다. | Step:5 다리를 천천히 시작 자세로 내립니다. | Step:6 원하는 횟수만큼 반복합니다.",https://melo2026.s3.ap-northeast-2.amazonaws.com/workout-images/pQ0Mx1Z.webp,weight,3.5,코어,허리 | 복부,맨몸,,맨몸
PQ2AtC3,레버 시티드 레그 레이즈 크런치,https://static.exercisedb.dev/media/PQ2AtC3.gif,복근,고관절 굴곡근,"Step:1 등받이에 등을 대고 발을 발판에 댄 채 레버리지 머신에 앉습니다. | Step:2 안정성을 위해 손잡이나 옆 막대를 잡습니다. | Step:3 복근에 힘을 주고 다리를 가슴 쪽으로 천천히 들어 올리면서 동시에 상체를 앞으로 구부립니다. | Step:4 위에서 잠시 멈춘 다음, 다리와 상체를 천천히 시작 자세로 되돌립니다. | Step:5 원하는 횟수만큼 반복합니다.",https://melo2026.s3.ap-northeast-2.amazonaws.com/workout-images/PQ2AtC3.webp,weight,5.0,코어,허리 | 복부,머신,레버리지 머신,레버리지 머신
PQcUlDi,케이블 수파인 리버스 플라이,https://static.exercisedb.dev/media/PQcUlDi.gif,삼각근,trapezius | rhomboids,"Step:1 로우 풀리 케이블 머신에 D-핸들을 부착하고 평평한 벤치에 엎드립니다. | Step:2 각 손으로 D-핸들을 잡고, 손바닥은 아래로 향하게 하며, 팔을 앞으로 곧게 뻗습니다. | Step:3 팔을 곧게 편 채로 바닥과 평행이 될 때까지 양옆으로 들어 올립니다. | Step:4 위에서 잠시 멈춘 다음, 팔을 천천히 시작 자세로 되돌립니다. | Step:5 원하는 횟수만큼 반복합니다.",https://melo2026.s3.ap-northeast-2.amazonaws.com/workout-images/PQcUlDi.webp,weight,5.0,어깨,,케이블 머신,,케이블
PQStVXH,케이블 어퍼 로우,https://static.exercisedb.dev/media/PQStVXH.gif,상부 등,이두근 | 어깨,Step:1 가슴 높이에서 케이블 머신에 스트레이트 바를 부착합니다. | Step:2 발을 어깨너비로 벌리고 머신을 향해 섭니다. | Step:3 어깨너비보다 약간 넓게 손을 벌려 오버핸드 그립으로 바를 잡습니다. | Step:4 등을 곧게 펴고 코어에 힘을 줍니다. | Step:5 바를 상부 가슴 쪽으로 당기면서 어깨뼈를 함께 수축합니다. | Step:6 동작의 정점에서 잠시 멈춥니다. | Step:7 바를 천천히 시작 자세로 되돌립니다. | Step:8 원하는 횟수만큼 반복합니다.,https://melo2026.s3.ap-northeast-2.amazonaws.com/workout-images/PQStVXH.webp,weight,5.0,등,,케이블 머신,,케이블
Pr9Rhf4,케이블 스탠딩 플라이,https://static.exercisedb.dev/media/Pr9Rhf4.gif,대흉근,deltoids | 삼두근,Step:1 가슴 높이에서 케이블에 핸들을 부착합니다. | Step:2 발을 어깨너비로 벌리고 케이블 머신을 등지고 섭니다. | Step:3 손바닥이 앞을 향하도록 오버핸드 그립으로 핸들을 잡습니다. | Step:4 케이블에 긴장감을 주기 위해 약간 앞으로 나아갑니다. | Step:5 운동 내내 코어에 힘을 주고 등을 곧게 유지합니다. | Step:6 팔꿈치를 약간 구부린 상태에서 팔을 앞으로 모아 가슴 앞에서 합칩니다. | Step:7 동작의 정점에서 가슴 근육을 수축합니다. | Step:8 팔을 시작 자세로 되돌리면서 천천히 움직임을 반대로 합니다. | Step:9 원하는 횟수만큼 반복합니다.,https://melo2026.s3.ap-northeast-2.amazonaws.com/workout-images/Pr9Rhf4.webp,weight,5.0,가슴,,케이블 머신,,케이블
prbWx1D,덤벨 로테이션 리버스 플라이,https://static.exercisedb.dev/media/prbWx1D.gif,삼각근,trapezius | rhomboids,"Step:1 발을 어깨너비로 벌리고 각 손에 덤벨을 잡고, 손바닥은 안쪽을 향하게 합니다. | Step:2 무릎을 약간 구부리고 엉덩이에서 앞으로 힌지하면서, 등을 곧게 펴고 가슴을 들어 올립니다. | Step:3 팔꿈치를 약간 구부린 상태로 팔을 바닥과 평행이 될 때까지 양옆으로 들어 올립니다. | Step:4 손바닥이 아래를 향하도록 팔을 회전시킵니다. | Step:5 팔을 천천히 시작 자세로 되돌립니다. | Step:6 원하는 횟수만큼 반복합니다.",https://melo2026.s3.ap-northeast-2.amazonaws.com/workout-images/prbWx1D.webp,weight,5.0,어깨,,덤벨,,덤벨
PrQbjvB,푸시 투 런,https://static.exercisedb.dev/media/PrQbjvB.gif,심폐 지구력,quadriceps | 햄스트링 | 종아리,"Step:1 손을 어깨너비로 벌리고 몸을 일직선으로 만든 푸시업 자세에서 시작합니다. | Step:2 몸을 곧게 유지하면서 팔꿈치를 구부려 가슴을 바닥 쪽으로 내립니다. | Step:3 손을 밀어 팔을 펴고 시작 자세로 돌아옵니다. | Step:4 한쪽 무릎을 빠르게 가슴 쪽으로 가져온 다음, 빠르게 전환하여 다른 쪽 무릎을 가슴 쪽으로 가져옵니다. | Step:5 좋은 자세를 유지하면서 가능한 한 빨리 무릎을 계속 번갈아 가며 움직입니다. | Step:6 원하는 시간 또는 횟수만큼 계속합니다.",https://melo2026.s3.ap-northeast-2.amazonaws.com/workout-images/PrQbjvB.webp,cardio,3.5,유산소,,맨몸,,맨몸
PskORrA,케이블 푸시다운 (스트레이트 암) v. 2,https://static.exercisedb.dev/media/PskORrA.gif,광배근,삼두근 | 어깨,"Step:1 높은 풀리 케이블 머신에 스트레이트 바를 부착합니다. | Step:2 발을 어깨너비로 벌리고 무릎을 약간 구부린 채 머신을 향해 섭니다. | Step:3 팔을 곧게 펴고 손바닥이 아래를 향하도록 오버핸드 그립으로 바를 잡습니다. | Step:4 코어에 힘을 주고 등을 곧게 유지하면서 숨을 내쉬며 바를 허벅지 쪽으로 아래로 밀어냅니다. | Step:5 바닥에서 잠시 멈춘 다음, 숨을 들이쉬면서 천천히 바를 시작 자세로 되돌립니다. | Step:6 원하는 횟수만큼 반복합니다.",https://melo2026.s3.ap-northeast-2.amazonaws.com/workout-images/PskORrA.webp,weight,5.0,등,,케이블 머신,,케이블
PSlvNMs,웨이티드 드롭 푸시업,https://static.exercisedb.dev/media/PSlvNMs.gif,대흉근,삼두근 | 어깨,"Step:1 손을 어깨너비보다 약간 넓게 벌리고 발을 모은 높은 플랭크 자세에서 시작합니다. | Step:2 팔꿈치를 몸에 가깝게 유지하면서 가슴을 바닥 쪽으로 내립니다. | Step:3 가슴이 바닥 바로 위까지 내려오면, 폭발적으로 팔을 밀어 손을 바닥에서 떼어냅니다. | Step:4 밀어 올리면서 손을 빠르게 양옆과 약간 앞으로 움직여 몸이 바닥 쪽으로 떨어지도록 합니다. | Step:5 더 넓은 자세에서 손으로 몸을 받치고 즉시 가슴을 다시 바닥 쪽으로 내립니다. | Step:6 더 좁은 손 자세에서 몸을 받치면서 푸시업 동작을 반복합니다. | Step:7 원하는 횟수만큼 넓은 자세와 좁은 자세를 번갈아 가며 계속합니다.",https://melo2026.s3.ap-northeast-2.amazonaws.com/workout-images/PSlvNMs.webp,weight,5.0,가슴,,기타,중량,중량
PsVS1QP,메디신 볼 캐치 앤 오버헤드 스로우,https://static.exercisedb.dev/media/PsVS1QP.gif,광배근,어깨 | 코어,Step:1 발을 어깨너비로 벌리고 가슴 높이에서 양손으로 메디신 볼을 잡고 섭니다. | Step:2 무릎을 약간 구부리고 코어에 힘을 줍니다. | Step:3 등을 곧게 펴고 가슴을 들어 올린 채 스쿼트 자세로 몸을 낮춥니다. | Step:4 엉덩이와 다리를 폭발적으로 펴면서 동시에 메디신 볼을 머리 위로 던집니다. | Step:5 동작의 정점에서 공을 놓고 내려오는 동안 잡습니다. | Step:6 몸을 다시 스쿼트 자세로 낮추고 원하는 횟수만큼 반복합니다.,https://melo2026.s3.ap-northeast-2.amazonaws.com/workout-images/PsVS1QP.webp,weight,5.0,등,,기타,메디신볼,메디신볼
pvBMLHA,푸시업 플러스,https://static.exercisedb.dev/media/pvBMLHA.gif,대흉근,삼두근 | 어깨,"Step:1 손을 어깨너비보다 약간 넓게 벌리고 머리부터 발뒤꿈치까지 몸을 일직선으로 만든 높은 플랭크 자세에서 시작합니다. | Step:2 팔꿈치를 옆구리에 가깝게 유지하면서 팔꿈치를 구부려 몸을 바닥 쪽으로 내립니다. | Step:3 가슴이 바닥 바로 위까지 내려오면, 손을 밀어 팔을 펴고 상체를 들어 올립니다. | Step:4 동작의 정점에서 어깨뼈를 앞으로 밀어 등 위쪽을 천장 쪽으로 향하게 합니다. | Step:5 잠시 멈춘 다음, 어깨뼈를 뒤로 당기고 몸을 시작 자세로 다시 내리면서 움직임을 반대로 합니다. | Step:6 원하는 횟수만큼 반복합니다.",https://melo2026.s3.ap-northeast-2.amazonaws.com/workout-images/pvBMLHA.webp,weight,3.5,가슴,,맨몸,,맨몸
pwt0pnM,케이블 시티드 하이 로우 (V-바),https://static.exercisedb.dev/media/pwt0pnM.gif,광배근,이두근 | rhomboids | rear deltoids,"Step:1 발을 바닥에 평평하게 대고 무릎을 살짝 구부린 채 케이블 머신에 앉습니다. | Step:2 손바닥이 서로 마주보게 하고 어깨 너비로 벌린 V-바 부착물을 오버핸드 그립으로 잡습니다. | Step:3 등을 곧게 펴고 엉덩이에서 약간 앞으로 기울입니다. | Step:4 견갑골을 뒤로 당기고 등 근육을 수축하여 V-바를 몸통 쪽으로 당깁니다. | Step:5 수축의 정점에서 잠시 멈춘 다음, 천천히 긴장을 풀고 시작 자세로 돌아갑니다. | Step:6 원하는 횟수만큼 반복합니다.",https://melo2026.s3.ap-northeast-2.amazonaws.com/workout-images/pwt0pnM.webp,weight,5.0,등,,케이블 머신,,케이블
pX9Elbe,메디신 볼 체스트 푸시 위드 런 릴리즈,https://static.exercisedb.dev/media/pX9Elbe.gif,대흉근,삼두근 | 어깨 | 코어,Step:1 발을 어깨 너비로 벌리고 서서 가슴 높이에서 메디신 볼을 잡습니다. | Step:2 오른쪽 발을 앞으로 내딛으면서 동시에 팔을 완전히 뻗어 메디신 볼을 앞으로 밉니다. | Step:3 공을 앞으로 밀면서 놓아 앞으로 굴러가게 합니다. | Step:4 공이 땅에 닿기 전에 재빨리 앞으로 달려가 공을 잡습니다. | Step:5 공을 잡으면 가슴으로 가져와 왼쪽 발을 앞으로 하여 동작을 반복합니다. | Step:6 다리를 번갈아 가며 원하는 횟수만큼 반복합니다.,https://melo2026.s3.ap-northeast-2.amazonaws.com/workout-images/pX9Elbe.webp,weight,5.0,가슴,,기타,메디신볼,메디신볼
PXTIwgu,암 슬링거스 행잉 스트레이트 레그,https://static.exercisedb.dev/media/PXTIwgu.gif,복근,어깨 | 등,"Step:1 팔을 완전히 뻗고 다리를 곧게 내린 채 풀업 바에 매달립니다. | Step:2 코어에 힘을 주고 다리를 앞으로 들어 바닥과 평행이 될 때까지 올립니다. | Step:3 위에서 잠시 멈춘 다음, 천천히 다리를 시작 자세로 내립니다. | Step:4 원하는 횟수만큼 반복합니다.",https://melo2026.s3.ap-northeast-2.amazonaws.com/workout-images/PXTIwgu.webp,weight,3.5,코어,허리 | 복부,맨몸,,맨몸
py1HSzx,바벨 레터럴 런지,https://static.exercisedb.dev/media/py1HSzx.gif,둔근,quadriceps | 햄스트링 | 종아리,Step:1 발을 어깨 너비로 벌리고 서서 등 위로 바벨을 잡습니다. | Step:2 오른쪽 발로 크게 옆으로 내딛고 왼쪽 발은 고정합니다. | Step:3 오른쪽 무릎을 구부리고 왼쪽 다리를 곧게 편 채 런지 자세로 몸을 낮춥니다. | Step:4 오른쪽 발로 밀고 시작 자세로 돌아옵니다. | Step:5 왼쪽 발로 내딛으며 반대쪽에서 반복합니다.,https://melo2026.s3.ap-northeast-2.amazonaws.com/workout-images/py1HSzx.webp,weight,5.0,하체,허벅지,바벨,,바벨
PzNxakt,카프 푸시 스트레치 위드 핸즈 어게인스트 월,https://static.exercisedb.dev/media/PzNxakt.gif,종아리,햄스트링,Step:1 벽을 마주보고 발을 엉덩이 너비로 벌리고 섭니다. | Step:2 손을 어깨 높이에서 벽에 댑니다. | Step:3 한 발을 뒤로 내딛고 발뒤꿈치를 땅에 대고 다리를 곧게 폅니다. | Step:4 앞쪽 무릎을 살짝 구부리고 앞으로 기울여 종아리에서 스트레칭을 느낍니다. | Step:5 20-30초 동안 스트레칭을 유지합니다. | Step:6 다리를 바꿔 스트레칭을 반복합니다.,https://melo2026.s3.ap-northeast-2.amazonaws.com/workout-images/PzNxakt.webp,weight,2.5,하체,종아리,맨몸,,맨몸
PzQanLE,케이블 숄더 프레스,https://static.exercisedb.dev/media/PzQanLE.gif,삼각근,삼두근 | 상부 등,"Step:1 케이블 머신의 손잡이가 어깨 높이가 되도록 조절합니다. | Step:2 머신을 등지고 발을 어깨 너비로 벌리고 섭니다. | Step:3 손잡이를 오버핸드 그립으로 잡고 팔꿈치를 구부리고 바깥쪽을 향하게 하여 어깨 높이까지 올립니다. | Step:4 팔이 머리 위로 완전히 펴질 때까지 손잡이를 위로 누릅니다. | Step:5 위에서 잠시 멈춘 다음, 천천히 손잡이를 어깨 높이까지 내립니다. | Step:6 원하는 횟수만큼 반복합니다.",https://melo2026.s3.ap-northeast-2.amazonaws.com/workout-images/PzQanLE.webp,weight,5.0,어깨,,케이블 머신,,케이블
pZwUsKB,아이언 크로스 스트레치,https://static.exercisedb.dev/media/pZwUsKB.gif,둔근,햄스트링 | quadriceps,"Step:1 등을 바닥에 대고 팔을 옆으로 뻗은 채 눕습니다. | Step:2 다리를 곧게 편 채 천장 쪽으로 들어 올립니다. | Step:3 발이 바닥에 닿도록 하면서 다리를 천천히 한쪽으로 내립니다. | Step:4 스트레칭을 몇 초간 유지한 다음, 다리를 시작 자세로 되돌립니다. | Step:5 반대쪽에서 스트레칭을 반복합니다. | Step:6 원하는 횟수만큼 번갈아 가며 반복합니다.",https://melo2026.s3.ap-northeast-2.amazonaws.com/workout-images/pZwUsKB.webp,weight,2.5,하체,허벅지,맨몸,,맨몸
q2ADGqV,케이블 사이드 크런치,https://static.exercisedb.dev/media/q2ADGqV.gif,복근,obliques,"Step:1 로우 풀리에 케이블 손잡이를 연결하고 머신에 대해 옆으로 섭니다. | Step:2 머신에서 가장 먼 쪽 손으로 손잡이를 잡고 다른 손은 엉덩이에 댑니다. | Step:3 발을 어깨 너비로 벌리고 무릎을 살짝 구부립니다. | Step:4 복근에 힘을 주고 허리를 옆으로 구부려 팔꿈치를 엉덩이 쪽으로 내립니다. | Step:5 아래쪽에서 잠시 멈춘 다음, 천천히 시작 자세로 돌아갑니다. | Step:6 원하는 횟수만큼 반복한 다음, 반대쪽으로 전환합니다.",https://melo2026.s3.ap-northeast-2.amazonaws.com/workout-images/q2ADGqV.webp,weight,5.0,코어,허리 | 복부,케이블 머신,,케이블
Q2Eu1Ax,케이블 라잉 익스텐션 풀오버 (로프 부착물 포함),https://static.exercisedb.dev/media/Q2Eu1Ax.gif,광배근,삼두근 | 어깨,"Step:1 로프를 케이블 머신에 연결하고 풀리를 가장 높은 위치로 설정합니다. | Step:2 머신 쪽으로 머리를 향하게 하여 벤치에 눕습니다. | Step:3 양손으로 로프를 잡고 팔을 가슴 위로 곧게 뻗습니다. | Step:4 팔을 곧게 편 채, 제어력을 유지하면서 로프를 머리 뒤로 천천히 내립니다. | Step:5 아래쪽에서 잠시 멈춘 다음, 천천히 로프를 시작 자세로 다시 올립니다. | Step:6 원하는 횟수만큼 반복합니다.",https://melo2026.s3.ap-northeast-2.amazonaws.com/workout-images/Q2Eu1Ax.webp,weight,5.0,등,,케이블 머신,,케이블
Q497lAE,드롭 푸시업,https://static.exercisedb.dev/media/Q497lAE.gif,대흉근,삼두근 | 어깨,Step:1 손을 어깨 너비보다 약간 넓게 벌린 하이 플랭크 자세로 시작합니다. | Step:2 팔꿈치를 몸에 가깝게 붙인 채 가슴을 바닥 쪽으로 내립니다. | Step:3 가슴이 바닥 바로 위까지 내려오면 재빨리 무릎을 바닥으로 내립니다. | Step:4 팔을 펴서 시작 자세로 다시 밀어 올립니다. | Step:5 원하는 횟수만큼 반복합니다.,https://melo2026.s3.ap-northeast-2.amazonaws.com/workout-images/Q497lAE.webp,weight,3.5,가슴,,맨몸,,맨몸
Q4DSJPC,스미스 원 암 로우,https://static.exercisedb.dev/media/Q4DSJPC.gif,상부 등,이두근 | 전완근,"Step:1 스미스 머신 바의 높이를 허리 높이로 조절합니다. | Step:2 스미스 머신을 마주보고 발을 어깨 너비로 벌리고 섭니다. | Step:3 무릎을 살짝 구부리고 등을 곧게 편 채 엉덩이에서 앞으로 숙입니다. | Step:4 한 손으로 바를 오버핸드 그립으로 잡고 손바닥이 아래를 향하게 합니다. | Step:5 팔꿈치를 몸에 가깝게 붙인 채 바를 허리 쪽으로 당기면서 견갑골을 함께 수축합니다. | Step:6 동작의 위쪽에서 잠시 멈춘 다음, 천천히 바를 시작 자세로 내립니다. | Step:7 원하는 횟수만큼 반복한 다음, 반대쪽 팔로 전환합니다.",https://melo2026.s3.ap-northeast-2.amazonaws.com/workout-images/Q4DSJPC.webp,weight,5.0,등,,스미스 머신,,스미스 머신
Q6bvyen,행잉 스트레이트 트위스팅 레그 힙 레이즈,https://static.exercisedb.dev/media/Q6bvyen.gif,복근,obliques | 고관절 굴곡근,"Step:1 팔을 완전히 뻗고 다리를 곧게 내린 채 풀업 바에 매달립니다. | Step:2 코어에 힘을 주고 다리를 곧게 편 채 가슴 쪽으로 들어 올립니다. | Step:3 다리가 바닥과 평행이 되면 엉덩이를 한쪽으로 비틀어 다리를 그쪽으로 가져옵니다. | Step:4 잠시 멈춘 다음, 시작 자세로 돌아갑니다. | Step:5 이번에는 엉덩이를 반대쪽으로 비틀어 동작을 반복합니다. | Step:6 원하는 횟수만큼 번갈아 가며 반복합니다.",https://melo2026.s3.ap-northeast-2.amazonaws.com/workout-images/Q6bvyen.webp,weight,3.5,코어,허리 | 복부,맨몸,,맨몸
q6y3OhV,레버 바이셉스 컬,https://static.exercisedb.dev/media/q6y3OhV.gif,이두근,전완근,"Step:1 시트 높이를 조절하고 패드에 등을 대고 기구에 앉습니다. | Step:2 언더핸드 그립으로 손잡이를 잡고 손바닥이 위를 향하게 하며, 팔꿈치를 옆구리에 가깝게 붙입니다. | Step:3 숨을 내쉬면서 손잡이를 위로 컬링하여 이두근을 수축합니다. | Step:4 동작의 위쪽에서 잠시 멈추고 이두근을 수축합니다. | Step:5 숨을 들이쉬면서 천천히 손잡이를 시작 자세로 내리고 팔을 완전히 폅니다. | Step:6 원하는 횟수만큼 반복합니다.",https://melo2026.s3.ap-northeast-2.amazonaws.com/workout-images/q6y3OhV.webp,weight,5.0,팔,상완,머신,레버리지 머신,레버리지 머신
q7qkONO,덤벨 시티드 얼터네이트 숄더,https://static.exercisedb.dev/media/q7qkONO.gif,삼각근,삼두근 | 상부 등,Step:1 등을 곧게 펴고 발을 바닥에 평평하게 대고 벤치에 앉습니다. | Step:2 각 손에 덤벨을 잡고 손바닥이 안쪽을 향하게 하여 어깨 높이까지 들어 올립니다. | Step:3 다른 덤벨을 어깨 높이에 유지하면서 한 덤벨을 머리 위로 누릅니다. | Step:4 들어 올린 덤벨을 어깨 높이로 내리면서 동시에 다른 덤벨을 머리 위로 누릅니다. | Step:5 원하는 횟수만큼 팔을 번갈아 가며 반복합니다.,https://melo2026.s3.ap-northeast-2.amazonaws.com/workout-images/q7qkONO.webp,weight,5.0,어깨,,덤벨,,덤벨
q8aHNoF,덤벨 원 암 리스트 컬,https://static.exercisedb.dev/media/q8aHNoF.gif,전완근,이두근 | brachialis,"Step:1 발을 바닥에 평평하게 대고 벤치나 의자에 앉습니다. | Step:2 한 손으로 덤벨을 언더핸드 그립으로 잡고 팔뚝을 허벅지에 댑니다. | Step:3 손목을 펴서 덤벨이 손가락 쪽으로 내려가도록 합니다. | Step:4 손목을 천천히 다시 위로 컬링하여 덤벨을 팔뚝 쪽으로 가져옵니다. | Step:5 원하는 횟수만큼 반복한 다음, 다른 손으로 전환합니다.",https://melo2026.s3.ap-northeast-2.amazonaws.com/workout-images/q8aHNoF.webp,weight,5.0,팔,전완,덤벨,,덤벨
Qa55kX1,슬레드 핵 스쿼트,https://static.exercisedb.dev/media/Qa55kX1.gif,둔근,quadriceps | 햄스트링 | 종아리,"Step:1 슬레드 머신을 키에 맞게 편안한 위치로 조절하세요. | Step:2 발을 어깨너비로 벌리고 플랫폼 위에 서서 발끝을 약간 바깥쪽으로 향하게 하세요. | Step:3 안정성을 위해 손잡이나 바를 잡으세요. | Step:4 등을 곧게 펴고 가슴을 들어 올린 상태에서 무릎과 엉덩이를 구부려 몸을 낮추세요. | Step:5 허벅지가 바닥과 평행이 되거나 약간 아래가 될 때까지 계속 낮추세요. | Step:6 잠시 멈춘 후, 발뒤꿈치로 밀어 몸을 시작 위치로 다시 들어 올리세요. | Step:7 원하는 횟수만큼 반복하세요.",https://melo2026.s3.ap-northeast-2.amazonaws.com/workout-images/Qa55kX1.webp,weight,5.0,하체,허벅지,머신,슬레드 머신,슬레드 머신
qAmNMJY,덤벨 하이 컬,https://static.exercisedb.dev/media/qAmNMJY.gif,이두근,전완근,"Step:1 덤벨을 각각 한 손에 들고 똑바로 서서 손바닥이 앞을 향하게 하세요. | Step:2 윗팔을 고정한 상태에서 이두근을 수축시키면서 덤벨을 가능한 한 높이 컬링하세요. | Step:3 맨 위에서 잠시 멈춘 후, 천천히 덤벨을 시작 위치로 다시 내리세요. | Step:4 원하는 횟수만큼 반복하세요.",https://melo2026.s3.ap-northeast-2.amazonaws.com/workout-images/qAmNMJY.webp,weight,5.0,팔,상완,덤벨,,덤벨
qatbkEd,케이블 사이드 벤드 크런치 (보수볼),https://static.exercisedb.dev/media/qatbkEd.gif,복근,obliques,"Step:1 발을 어깨너비로 벌리고 서서 한 손으로 케이블 손잡이를 잡으세요. | Step:2 다른 손은 엉덩이에 대세요. | Step:3 코어에 힘을 주고 등을 곧게 편 상태에서 케이블을 잡은 손 쪽으로 천천히 옆으로 구부리세요. | Step:4 동작의 가장 낮은 지점에서 잠시 멈춘 후, 천천히 시작 위치로 돌아가세요. | Step:5 원하는 횟수만큼 반복한 후 반대쪽으로 바꾸세요.",https://melo2026.s3.ap-northeast-2.amazonaws.com/workout-images/qatbkEd.webp,weight,5.0,코어,허리 | 복부,케이블 머신,,케이블
qaZVsGk,얼터네이트 힐 터처스,https://static.exercisedb.dev/media/qaZVsGk.gif,복근,obliques,Step:1 무릎을 구부리고 발바닥이 바닥에 닿도록 등을 대고 눕습니다. | Step:2 팔을 바닥과 평행하게 양옆으로 쭉 뻗습니다. | Step:3 복근에 힘을 주고 어깨를 바닥에서 들어 올려 오른손을 오른쪽 발뒤꿈치 쪽으로 뻗습니다. | Step:4 시작 위치로 돌아간 후 왼쪽 발뒤꿈치 쪽으로 왼손을 뻗어 왼쪽으로 반복합니다. | Step:5 원하는 횟수만큼 번갈아 가며 반복합니다.,https://melo2026.s3.ap-northeast-2.amazonaws.com/workout-images/qaZVsGk.webp,weight,3.5,코어,허리 | 복부,맨몸,,맨몸
qBcKorM,올 포스 스쿼드 스트레치,https://static.exercisedb.dev/media/qBcKorM.gif,대퇴사두근,햄스트링 | 둔근,"Step:1 네 발로 엎드린 자세에서 손은 어깨 바로 아래, 무릎은 엉덩이 바로 아래에 위치합니다. | Step:2 한쪽 다리를 곧게 뒤로 뻗되, 무릎은 구부리고 발은 플렉스합니다. | Step:3 엉덩이를 바닥 쪽으로 천천히 내리면서 허벅지 앞쪽에서 스트레칭을 느낍니다. | Step:4 이 자세를 20-30초 동안 유지합니다. | Step:5 반대쪽 다리로 바꿔 스트레칭을 반복합니다.",https://melo2026.s3.ap-northeast-2.amazonaws.com/workout-images/qBcKorM.webp,weight,2.5,하체,허벅지,맨몸,,맨몸
qBl14UC,푸시업 (벽) 스태틱,,대흉근,삼두근 | deltoids,"Step:1 벽을 마주보고 서서 팔 길이 정도 떨어집니다. | Step:2 손을 어깨 높이에 벽에 대고, 어깨 너비보다 약간 넓게 벌립니다. | Step:3 몸을 곧게 펴고 발을 엉덩이 너비로 벌린 상태에서 몇 피트 뒤로 물러섭니다. | Step:4 (스태틱 변형) 팔꿈치를 구부려 몸을 일직선으로 유지하면서 가슴을 벽 쪽으로 내립니다. | Step:5 팔을 펴서 시작 위치로 다시 밀어 올립니다. | Step:6 원하는 횟수만큼 반복합니다.",,weight,3.5,가슴,,맨몸,,맨몸
QChZi3x,스쿼트 투 오버헤드 리치,https://static.exercisedb.dev/media/QChZi3x.gif,대퇴사두근,둔근 | 햄스트링 | 코어,Step:1 발을 어깨너비로 벌리고 발끝을 약간 바깥쪽으로 향하게 합니다. | Step:2 무릎을 구부리고 엉덩이를 뒤로 밀면서 스쿼트 자세로 몸을 낮춥니다. | Step:3 스쿼트에서 올라오면서 팔을 머리 위로 뻗어 천장을 향해 닿습니다. | Step:4 팔을 내리고 무릎을 구부려 다시 스쿼트 자세로 내려가면서 시작 위치로 돌아갑니다. | Step:5 원하는 횟수만큼 반복합니다.,https://melo2026.s3.ap-northeast-2.amazonaws.com/workout-images/QChZi3x.webp,weight,3.5,하체,허벅지,맨몸,,맨몸
qcNN2FN,버트업스,https://static.exercisedb.dev/media/qcNN2FN.gif,복근,고관절 굴곡근 | lower back,Step:1 무릎을 구부리고 발바닥이 바닥에 닿도록 등을 대고 눕습니다. | Step:2 손을 몸 옆에 두고 손바닥이 아래를 향하게 합니다. | Step:3 복근에 힘을 주고 다리를 바닥에서 들어 올려 무릎을 가슴 쪽으로 가져옵니다. | Step:4 동작의 맨 위에서 복근을 쥐어짜고 잠시 멈춥니다. | Step:5 천천히 다리를 시작 위치로 다시 내립니다. | Step:6 원하는 횟수만큼 반복합니다.,https://melo2026.s3.ap-northeast-2.amazonaws.com/workout-images/qcNN2FN.webp,weight,3.5,코어,허리 | 복부,맨몸,,맨몸
qCNVnaU,슬레드 45도 카프 프레스,https://static.exercisedb.dev/media/qCNVnaU.gif,종아리,햄스트링,"Step:1 슬레드 머신을 45도 각도로 조절합니다. | Step:2 발끝이 앞을 향하도록 발을 슬레드 플랫폼에 댑니다. | Step:3 발목과 종아리를 펴서 슬레드 플랫폼을 밀어냅니다. | Step:4 맨 위에서 잠시 멈춘 후, 천천히 슬레드 플랫폼을 시작 위치로 다시 내립니다. | Step:5 원하는 횟수만큼 반복합니다.",https://melo2026.s3.ap-northeast-2.amazonaws.com/workout-images/qCNVnaU.webp,weight,5.0,하체,종아리,머신,슬레드 머신,슬레드 머신
qcY50ZD,케이블 시티드 와이드 그립 로우,https://static.exercisedb.dev/media/qcY50ZD.gif,상부 등,이두근 | 전완근,Step:1 발을 발 받침대에 평평하게 대고 무릎을 약간 구부린 상태에서 케이블 로우 머신에 앉습니다. | Step:2 손바닥이 아래를 향하도록 와이드 오버핸드 그립으로 손잡이를 잡습니다. | Step:3 등을 곧게 펴고 엉덩이에서 약간 앞으로 기울입니다. | Step:4 손잡이를 아랫가슴 쪽으로 당기면서 견갑골을 함께 쥐어짭니다. | Step:5 수축의 최고점에서 잠시 멈춥니다. | Step:6 팔을 완전히 펴면서 천천히 손잡이를 시작 위치로 되돌립니다. | Step:7 원하는 횟수만큼 반복합니다.,https://melo2026.s3.ap-northeast-2.amazonaws.com/workout-images/qcY50ZD.webp,weight,5.0,등,,케이블 머신,,케이블
qDnGfDb,바벨 리버스 리스트 컬 v. 2,https://static.exercisedb.dev/media/qDnGfDb.gif,전완근,이두근 | brachialis,"Step:1 발을 바닥에 평평하게 대고 무릎을 구부린 상태에서 벤치에 앉습니다. | Step:2 손바닥이 아래를 향하도록 오버핸드 그립으로 바벨을 잡고, 손은 어깨너비로 벌립니다. | Step:3 팔뚝을 허벅지에 대고 손목이 가장자리에 걸쳐지도록 합니다. | Step:4 팔뚝을 고정한 상태에서 숨을 내쉬면서 손목을 가능한 한 위로 컬링합니다. | Step:5 수축된 자세를 잠시 유지한 후, 숨을 들이쉬면서 천천히 바벨을 시작 위치로 다시 내립니다. | Step:6 원하는 횟수만큼 반복합니다.",https://melo2026.s3.ap-northeast-2.amazonaws.com/workout-images/qDnGfDb.webp,weight,5.0,팔,전완,바벨,,바벨
qdRxqCj,케이블 풀다운 (프로 랫 바),https://static.exercisedb.dev/media/qdRxqCj.gif,광배근,이두근 | 전완근,"Step:1 허벅지가 바닥과 평행이 되고 발이 바닥에 평평하게 닿도록 좌석 높이를 조절합니다. | Step:2 어깨 너비보다 약간 넓은 오버핸드 그립으로 랫 바를 잡습니다. | Step:3 가슴을 들어 올리고 등을 곧게 편 상태에서 앉아 약간 뒤로 기울입니다. | Step:4 바를 가슴 쪽으로 당기면서 견갑골을 함께 쥐어짭니다. | Step:5 동작의 맨 아래에서 잠시 멈춘 후, 천천히 바를 시작 위치로 다시 올립니다. | Step:6 원하는 횟수만큼 반복합니다.",https://melo2026.s3.ap-northeast-2.amazonaws.com/workout-images/qdRxqCj.webp,weight,5.0,등,,케이블 머신,,케이블
qEse6fe,숄더 탭 푸시업,https://static.exercisedb.dev/media/qEse6fe.gif,대흉근,삼두근 | 코어,Step:1 손이 어깨 너비보다 약간 넓고 머리부터 발뒤꿈치까지 몸이 일직선이 되도록 하이 플랭크 자세로 시작합니다. | Step:2 팔꿈치를 옆구리에 가깝게 유지하면서 팔꿈치를 구부려 몸을 바닥 쪽으로 내립니다. | Step:3 다시 밀어 올리면서 오른손을 바닥에서 들어 왼쪽 어깨를 탭합니다. | Step:4 오른손을 바닥에 다시 대고 이번에는 왼손을 들어 오른쪽 어깨를 탭하면서 푸시업을 반복합니다. | Step:5 각 푸시업 반복마다 번갈아 가며 숄더 탭을 계속합니다. | Step:6 운동 내내 코어를 안정적으로 유지하고 과도한 엉덩이 회전을 피합니다. | Step:7 원하는 횟수만큼 반복합니다.,https://melo2026.s3.ap-northeast-2.amazonaws.com/workout-images/qEse6fe.webp,weight,3.5,가슴,,맨몸,,맨몸
QfAKy1G,덤벨 쿠반 프레스,https://static.exercisedb.dev/media/QfAKy1G.gif,삼각근,삼두근 | 상부 등,Step:1 발을 어깨너비로 벌리고 서서 각 손에 덤벨을 들고 어깨 높이에서 손바닥이 아래를 향하게 합니다. | Step:2 코어에 힘을 주고 팔꿈치를 약간 구부린 상태에서 팔이 완전히 펴질 때까지 덤벨을 위로 머리 위로 누릅니다. | Step:3 손목을 회전시켜 손바닥이 앞을 향하게 합니다. | Step:4 덤벨을 시작 위치로 천천히 내리면서 손목을 시작 위치로 다시 회전시킵니다. | Step:5 원하는 횟수만큼 반복합니다.,https://melo2026.s3.ap-northeast-2.amazonaws.com/workout-images/QfAKy1G.webp,weight,5.0,어깨,,덤벨,,덤벨
qFHvMnv,마이크로 스타일 바벨 스피드 스쿼트,,둔근,quadriceps | 햄스트링 | 종아리,"Step:1 발을 어깨너비로 벌리고 발끝을 약간 바깥쪽으로 향하게 합니다. | Step:2 바벨을 등 위쪽으로 올려서 승모근이나 후면 삼각근에 올려놓습니다. | Step:3 코어에 힘을 주고 가슴을 들어 올린 상태에서 의자에 앉는 것처럼 엉덩이를 뒤로 그리고 아래로 낮춥니다. | Step:4 (마이크로 변형) 허벅지가 바닥과 평행이 될 때까지, 또는 편안하게 갈 수 있는 만큼 낮춥니다. | Step:5 발뒤꿈치로 밀어 다시 일어서면서 맨 위에서 둔근을 쥐어짭니다. | Step:6 원하는 횟수만큼 반복합니다.",,weight,5.0,하체,허벅지,바벨,,바벨
QFmz6ch,시티드 로우어 백 스트레치,https://static.exercisedb.dev/media/QFmz6ch.gif,광배근,둔근 | 햄스트링,Step:1 발을 바닥에 평평하게 대고 의자 끝에 앉으세요. | Step:2 지지를 위해 손을 허벅지나 의자 옆에 두세요. | Step:3 등을 곧게 펴고 엉덩이부터 천천히 앞으로 기울이세요. | Step:4 허리 아래쪽에서 스트레칭을 느끼고 20-30초간 유지하세요. | Step:5 천천히 시작 자세로 돌아와 원하는 횟수만큼 반복하세요.,https://melo2026.s3.ap-northeast-2.amazonaws.com/workout-images/QFmz6ch.webp,weight,2.5,등,,맨몸,,맨몸
qFpAkpP,케이블 스탠딩 리프트,https://static.exercisedb.dev/media/qFpAkpP.gif,복근,obliques | lower back,Step:1 케이블 머신을 향해 서서 발을 어깨너비로 벌리세요. | Step:2 양손으로 케이블 핸들을 잡고 허리 높이에 위치시키세요. | Step:3 코어에 힘을 주고 운동 내내 등을 곧게 유지하세요. | Step:4 팔을 곧게 펴고 숨을 내쉬면서 케이블 핸들을 반대쪽 어깨 쪽으로 들어 올리면서 몸통을 회전시키세요. | Step:5 맨 위에서 잠시 멈춘 후 숨을 들이쉬면서 천천히 케이블 핸들을 시작 자세로 내리세요. | Step:6 원하는 횟수만큼 반복한 후 반대쪽으로 전환하세요.,https://melo2026.s3.ap-northeast-2.amazonaws.com/workout-images/qFpAkpP.webp,weight,5.0,코어,허리 | 복부,케이블 머신,,케이블
qg2PGl6,바벨 글루트 브릿지 투 레그 온 벤치 (남성),https://static.exercisedb.dev/media/qg2PGl6.gif,둔근,햄스트링 | 코어,Step:1 벤치 가장자리에 앉아 등 위쪽을 벤치에 대고 발을 바닥에 어깨너비로 평평하게 댑니다. | Step:2 바벨을 엉덩이 위에 올리고 양손으로 단단히 잡습니다. | Step:3 둔근과 코어 근육에 힘을 주고 발뒤꿈치를 밀어 엉덩이를 벤치에서 들어 올리면서 무릎부터 어깨까지 일직선을 만듭니다. | Step:4 맨 위에서 잠시 멈추면서 둔근을 꽉 조입니다. | Step:5 천천히 엉덩이를 시작 자세로 내립니다. | Step:6 원하는 횟수만큼 반복합니다.,https://melo2026.s3.ap-northeast-2.amazonaws.com/workout-images/qg2PGl6.webp,weight,5.0,하체,허벅지,바벨,,바벨
qi996YS,바벨 클린-그립 프론트 스쿼트,https://static.exercisedb.dev/media/qi996YS.gif,둔근,quadriceps | 햄스트링 | 종아리 | 코어,Step:1 발을 어깨너비로 벌리고 서서 바벨을 가슴 위쪽에 올리고 팔꿈치를 앞으로 향하게 합니다. | Step:2 무릎을 굽히고 엉덩이를 뒤로 밀면서 몸을 낮추세요. 마치 의자에 앉는 것처럼요. | Step:3 몸을 낮추면서 가슴을 들고 등을 곧게 펴고 무릎이 발끝을 넘지 않도록 주의하세요. | Step:4 허벅지가 바닥과 평행이 될 때까지 또는 편안하게 갈 수 있는 만큼 낮춥니다. | Step:5 맨 아래에서 잠시 멈춘 후 발뒤꿈치를 밀어 일어서면서 엉덩이와 무릎을 펴세요. | Step:6 원하는 횟수만큼 반복합니다.,https://melo2026.s3.ap-northeast-2.amazonaws.com/workout-images/qi996YS.webp,weight,5.0,하체,허벅지,바벨,,바벨
Qj0HRAZ,패스트 스타일 레지스턴스 밴드 시티드 힙 어브덕션,,외전근,둔근 | 햄스트링,Step:1 의자나 벤치에 등을 곧게 펴고 발을 바닥에 평평하게 대고 앉으세요. | Step:2 무릎 바로 위쪽 허벅지에 레지스턴스 밴드를 감으세요. | Step:3 지지를 위해 손을 의자나 벤치 옆에 두세요. | Step:4 (빠른 변형) 외전근(허벅지 바깥쪽 근육)에 힘을 주고 밴드의 저항에 맞서 천천히 무릎을 벌리세요. | Step:5 동작 끝에서 잠시 멈춘 후 천천히 무릎을 다시 모으세요. | Step:6 원하는 횟수만큼 반복하세요.,,weight,3.5,하체,허벅지,밴드,,저항 밴드
QjE2DcA,덤벨 스텝업 스플릿 스쿼트,https://static.exercisedb.dev/media/QjE2DcA.gif,대퇴사두근,둔근 | 햄스트링 | 종아리,"Step:1 벤치나 스텝 앞에 서서 각 손에 덤벨을 들고 손바닥은 몸을 향하게 합니다. | Step:2 오른쪽 발을 벤치나 스텝 위에 올리고 발 전체가 표면에 닿도록 합니다. | Step:3 오른쪽 발로 벤치나 스텝 위로 올라서면서 발뒤꿈치를 밀어 몸을 들어 올립니다. | Step:4 올라서면서 동시에 왼쪽 무릎을 가슴 쪽으로 들어 올립니다. | Step:5 동작 맨 위에서 잠시 멈춘 후, 오른쪽 발은 벤치나 스텝 위에 유지하면서 왼쪽 발을 천천히 바닥으로 내립니다. | Step:6 왼쪽 발을 벤치나 스텝 위에 놓고 동작을 반복합니다. | Step:7 원하는 횟수만큼 오른쪽과 왼쪽 발을 번갈아 가며 반복합니다.",https://melo2026.s3.ap-northeast-2.amazonaws.com/workout-images/QjE2DcA.webp,weight,5.0,하체,허벅지,덤벨,,덤벨
qKBpF7I,바벨 글루트 브릿지,https://static.exercisedb.dev/media/qKBpF7I.gif,둔근,햄스트링 | lower back,Step:1 바닥에 등을 대고 누워 무릎을 굽히고 발을 바닥에 평평하게 댑니다. | Step:2 바벨을 엉덩이 위에 올리고 양손으로 단단히 잡습니다. | Step:3 둔근과 코어 근육에 힘을 주고 엉덩이를 바닥에서 들어 올려 몸이 무릎부터 어깨까지 일직선이 되도록 합니다. | Step:4 맨 위에서 잠시 멈추면서 둔근을 꽉 조입니다. | Step:5 천천히 엉덩이를 시작 자세로 내립니다. | Step:6 원하는 횟수만큼 반복합니다.,https://melo2026.s3.ap-northeast-2.amazonaws.com/workout-images/qKBpF7I.webp,weight,5.0,하체,허벅지,바벨,,바벨
Ql4g5s8,포워드 런지 (남성) 위드 벤치,,둔근,quadriceps | 햄스트링 | 종아리,"Step:1 발을 엉덩이 너비로 벌리고 서서 손을 엉덩이에 댑니다. | Step:2 오른쪽 발로 크게 앞으로 나아가면서 런지 자세로 몸을 낮춥니다. | Step:3 오른쪽 무릎을 약 90도 굽히고 무릎이 발목과 일직선이 되도록 유지합니다. | Step:4 오른쪽 발로 밀고 시작 자세로 돌아옵니다. 벤치 움직임에 집중합니다. | Step:5 왼쪽 다리로 반복하고, 원하는 횟수만큼 번갈아 가며 반복합니다.",,weight,3.5,하체,허벅지,맨몸,,맨몸
QLL2gdc,디클라인 싯업,https://static.exercisedb.dev/media/QLL2gdc.gif,복근,고관절 굴곡근 | lower back,"Step:1 발을 고정하고 무릎을 굽힌 채로 디클라인 벤치에 눕습니다. | Step:2 손을 머리 뒤나 가슴 위에 올립니다. | Step:3 복근에 힘을 주고 상체를 벤치에서 들어 올리면서 무릎 쪽으로 몸을 말아 올립니다. | Step:4 맨 위에서 잠시 멈춘 후, 천천히 상체를 시작 자세로 내립니다. | Step:5 원하는 횟수만큼 반복합니다.",https://melo2026.s3.ap-northeast-2.amazonaws.com/workout-images/QLL2gdc.webp,weight,3.5,코어,허리 | 복부,맨몸,,맨몸
qLpO4vV,백 익스텐션 온 엑서사이즈 볼,https://static.exercisedb.dev/media/qLpO4vV.gif,척추,둔근 | 햄스트링,"Step:1 안정성 볼을 바닥에 놓고 그 위에 얼굴을 아래로 향하게 엎드립니다. 엉덩이를 볼 위에 올리고 발은 벽이나 다른 안정적인 표면에 댑니다. | Step:2 손을 머리 뒤나 가슴 위에 교차하여 놓습니다. | Step:3 코어에 힘을 주고 상체를 볼에서 천천히 들어 올려 등을 펴면서 머리부터 발뒤꿈치까지 일직선이 되도록 합니다. | Step:4 맨 위에서 잠시 멈춘 후, 천천히 상체를 시작 자세로 내립니다. | Step:5 원하는 횟수만큼 반복합니다.",https://melo2026.s3.ap-northeast-2.amazonaws.com/workout-images/qLpO4vV.webp,weight,5.0,등,,기타,짐볼,짐볼
QLRmNeT,덤벨 시티드 얼터네이트 해머 컬 온 엑서사이즈 볼,https://static.exercisedb.dev/media/QLRmNeT.gif,이두근,전완근,Step:1 발을 바닥에 평평하게 대고 등을 곧게 편 채로 운동 볼에 앉습니다. | Step:2 각 손에 덤벨을 들고 손바닥은 몸을 향하게 하고 팔은 완전히 펴줍니다. | Step:3 팔 윗부분은 고정한 채로 숨을 내쉬면서 덤벨을 어깨 쪽으로 컬링하면서 손바닥은 몸을 향하게 유지합니다. | Step:4 이두근이 완전히 수축되고 덤벨이 어깨 높이에 올 때까지 덤벨을 들어 올립니다. | Step:5 이두근을 꽉 조이면서 수축된 자세를 잠시 유지합니다. | Step:6 숨을 들이쉬면서 천천히 덤벨을 시작 자세로 내립니다. | Step:7 반대쪽 팔로 동작을 반복합니다. | Step:8 원하는 횟수만큼 팔을 번갈아 가며 반복합니다.,https://melo2026.s3.ap-northeast-2.amazonaws.com/workout-images/QLRmNeT.webp,weight,5.0,팔,상완,덤벨,,덤벨
qlZUaZ8,덤벨 인클라인 원 암 프레스 온 엑서사이즈 볼 위드 익스텐디드,,대흉근,어깨 | 삼두근,"Step:1 운동 볼에 앉아 한 손에 덤벨을 들고 발을 바닥에 평평하게 댑니다. | Step:2 발을 천천히 앞으로 걸어가면서 볼을 굴려 머리, 목, 등 위쪽이 볼에 지지되도록 합니다. 익스텐디드 강도로 수행합니다. | Step:3 덤벨을 어깨 높이에서 손바닥이 앞을 향하도록 잡습니다. | Step:4 팔이 완전히 펴질 때까지 덤벨을 위로 누릅니다. | Step:5 맨 위에서 잠시 멈춘 후, 천천히 덤벨을 시작 자세로 내립니다. | Step:6 원하는 횟수만큼 반복한 후 반대쪽 팔로 전환합니다.",,weight,5.0,가슴,,덤벨,,덤벨
qm9veZw,덤벨 라잉 와이드 컬,https://static.exercisedb.dev/media/qm9veZw.gif,이두근,전완근,Step:1 벤치에 등을 대고 누워 각 손에 덤벨을 들고 손바닥은 위를 향하게 하고 팔은 완전히 펴줍니다. | Step:2 팔 윗부분은 고정한 채로 숨을 내쉬면서 이두근을 수축시키면서 덤벨을 컬링합니다. | Step:3 이두근이 완전히 수축되고 덤벨이 어깨 높이에 올 때까지 덤벨을 들어 올립니다. | Step:4 이두근을 꽉 조이면서 수축된 자세를 잠시 유지합니다. | Step:5 숨을 들이쉬면서 천천히 덤벨을 시작 자세로 내리기 시작합니다. | Step:6 원하는 횟수만큼 반복합니다.,https://melo2026.s3.ap-northeast-2.amazonaws.com/workout-images/qm9veZw.webp,weight,5.0,팔,상완,덤벨,,덤벨
QOA0FD0,웨이티드 행잉 레그-힙 레이즈,https://static.exercisedb.dev/media/QOA0FD0.gif,복근,고관절 굴곡근 | lower back,"Step:1 풀업 바에 매달려 팔을 완전히 펴고 손바닥은 자신에게서 멀어지도록 합니다. | Step:2 코어에 힘을 주고 다리를 앞으로 들어 올리면서 곧게 유지합니다. | Step:3 다리가 바닥과 평행이 되거나 약간 더 높아질 때까지 들어 올립니다. | Step:4 맨 위에서 잠시 멈춘 후, 천천히 다리를 시작 자세로 내립니다. | Step:5 원하는 횟수만큼 반복합니다.",https://melo2026.s3.ap-northeast-2.amazonaws.com/workout-images/QOA0FD0.webp,weight,5.0,코어,허리 | 복부,기타,중량,중량
qOgPVf6,바벨 프리처 컬,https://static.exercisedb.dev/media/qOgPVf6.gif,이두근,전완근,Step:1 프리처 벤치에 앉아 팔 윗부분을 패드에 대고 가슴을 지지대에 댑니다. | Step:2 바벨을 언더핸드 그립으로 잡고 어깨너비보다 약간 넓게 벌립니다. | Step:3 팔 윗부분은 고정한 채로 숨을 내쉬면서 바벨을 어깨 쪽으로 컬링합니다. | Step:4 맨 위에서 잠시 멈추면서 이두근을 꽉 조입니다. | Step:5 숨을 들이쉬면서 천천히 바벨을 시작 자세로 내립니다. | Step:6 원하는 횟수만큼 반복합니다.,https://melo2026.s3.ap-northeast-2.amazonaws.com/workout-images/qOgPVf6.webp,weight,5.0,팔,상완,바벨,,바벨
QoHIhPl,비하인드 헤드 체스트 스트레치,https://static.exercisedb.dev/media/QoHIhPl.gif,대흉근,어깨 | 삼두근,Step:1 발을 어깨 너비로 벌리고 똑바로 섭니다. | Step:2 손가락을 머리 뒤에서 깍지 끼고 팔꿈치를 바깥쪽으로 향하게 합니다. | Step:3 천천히 어깨뼈를 모으고 가슴을 앞으로 밀어냅니다. | Step:4 15-30초 동안 스트레칭을 유지합니다. | Step:5 스트레칭을 풀고 원할 때까지 반복합니다.,https://melo2026.s3.ap-northeast-2.amazonaws.com/workout-images/QoHIhPl.webp,weight,2.5,가슴,,기타,보조 기구,보조 기구
qOKcgVP,스탠딩 카브스 카프 스트레치,https://static.exercisedb.dev/media/qOKcgVP.gif,종아리,햄스트링 | 둔근,"Step:1 벽이나 단단한 물체를 향해 서서 팔 길이 정도 떨어집니다. | Step:2 손을 어깨 높이에서 벽이나 물체에 댑니다. | Step:3 한 발을 뒤로 뻗고 발뒤꿈치를 바닥에 붙인 상태를 유지합니다. | Step:4 앞쪽 무릎을 살짝 구부리고 상체를 앞으로 기울이며, 뒷다리는 곧게 폅니다. | Step:5 종아리 근육에 스트레칭이 느껴져야 합니다. | Step:6 20-30초 동안 스트레칭을 유지합니다. | Step:7 반대쪽 다리로 반복합니다.",https://melo2026.s3.ap-northeast-2.amazonaws.com/workout-images/qOKcgVP.webp,weight,2.5,하체,종아리,맨몸,,맨몸
QoSZo2Y,케이블 원 암 인클라인 프레스 위드 리지드,,대흉근,deltoids | 삼두근,"Step:1 케이블 머신을 낮은 풀리 위치로 조절합니다. | Step:2 케이블 머신을 등지고 인클라인 벤치에 앉습니다. | Step:3 한 손으로 핸들을 잡고 어깨 높이까지 들어 올립니다. 단단한 제어를 강조합니다. | Step:4 발을 바닥에 단단히 고정하고 안정적인 자세를 유지합니다. | Step:5 핸들을 앞으로 위로 밀면서 팔을 완전히 뻗습니다. | Step:6 맨 위에서 잠시 멈춘 후, 천천히 핸들을 시작 위치로 되돌립니다. | Step:7 원하는 횟수만큼 반복한 후, 반대쪽으로 전환합니다.",,weight,5.0,가슴,,케이블 머신,,케이블
Qoujh3Q,윈드 스프린트,https://static.exercisedb.dev/media/Qoujh3Q.gif,복근,quadriceps | 햄스트링 | 종아리,Step:1 운동을 수행할 수 있는 넓은 공간이나 트랙을 찾습니다. | Step:2 발을 어깨 너비로 벌리고 서서 시작합니다. | Step:3 팔을 흔들고 무릎을 높이 올리면서 최대한 빨리 달리기를 시작합니다. | Step:4 특정 거리나 시간 동안 계속해서 스프린트합니다. | Step:5 휴식을 취하고 원하는 횟수만큼 반복합니다.,https://melo2026.s3.ap-northeast-2.amazonaws.com/workout-images/Qoujh3Q.webp,weight,3.5,코어,허리 | 복부,맨몸,,맨몸
qPEzJjA,파머스 워크,https://static.exercisedb.dev/media/qPEzJjA.gif,대퇴사두근,종아리 | 전완근 | 코어,Step:1 양손에 덤벨을 들고 손바닥이 옆을 향하도록 하여 똑바로 섭니다. | Step:2 등을 곧게 펴고 어깨를 뒤로 젖힙니다. | Step:3 똑바로 선 자세를 유지하며 작고 통제된 발걸음으로 앞으로 나아갑니다. | Step:4 원하는 거리나 시간 동안 계속 걷습니다. | Step:5 걷기를 멈추고 덤벨을 옆으로 조심스럽게 내립니다.,https://melo2026.s3.ap-northeast-2.amazonaws.com/workout-images/qPEzJjA.webp,weight,5.0,하체,허벅지,덤벨,,덤벨
QpXqiq8,서스펜디드 스플릿 스쿼트,https://static.exercisedb.dev/media/QpXqiq8.gif,대퇴사두근,둔근 | 햄스트링 | 종아리,"Step:1 서스펜션 트레이너를 등지고 발을 어깨 너비로 벌리고 섭니다. | Step:2 한쪽 다리를 앞으로 뻗고 발등을 서스펜션 트레이너의 발 고리에 넣습니다. | Step:3 서 있는 다리를 구부리고 가슴을 들고 무릎이 발가락과 일직선이 되도록 하면서 몸을 런지 자세로 내립니다. | Step:4 뒤꿈치를 밀어 시작 자세로 돌아옵니다. | Step:5 원하는 횟수만큼 반복한 후, 다리를 바꿔 반복합니다.",https://melo2026.s3.ap-northeast-2.amazonaws.com/workout-images/QpXqiq8.webp,weight,3.5,하체,허벅지,맨몸,,맨몸
Qqi7bko,와이드 그립 풀업,https://static.exercisedb.dev/media/Qqi7bko.gif,광배근,이두근 | 전완근,Step:1 손바닥이 몸 바깥쪽을 향하도록 하고 어깨 너비보다 넓게 풀업 바를 잡고 매달립니다. | Step:2 코어에 힘을 주고 어깨뼈를 함께 모읍니다. | Step:3 턱이 바 위로 올라올 때까지 몸을 바 쪽으로 당깁니다. | Step:4 통제하면서 몸을 시작 자세로 천천히 내립니다. | Step:5 원하는 횟수만큼 반복합니다.,https://melo2026.s3.ap-northeast-2.amazonaws.com/workout-images/Qqi7bko.webp,weight,3.5,등,,맨몸,,맨몸
QQwxa8g,인터미디에이트 스타일 덤벨 프레처 컬 오버 엑서사이즈 볼,,이두근,전완근,"Step:1 발을 바닥에 평평하게 대고 등을 곧게 편 상태로 엑서사이즈 볼에 앉습니다. | Step:2 한 손으로 덤벨을 언더핸드 그립으로 잡고 팔꿈치를 엑서사이즈 볼에 댑니다. | Step:3 (인터미디에이트 변형) 윗팔을 고정한 상태에서 숨을 내쉬며 덤벨을 어깨 쪽으로 컬업합니다. | Step:4 맨 위에서 잠시 멈춘 후, 숨을 들이쉬며 천천히 덤벨을 시작 자세로 되돌립니다. | Step:5 원하는 횟수만큼 반복한 후, 반대쪽 팔로 전환합니다.",,weight,5.0,팔,상완,덤벨,,덤벨
qRZ5S1N,케이블 원 암 트라이셉스 푸시다운,https://static.exercisedb.dev/media/qRZ5S1N.gif,삼두근,전완근,"Step:1 가슴 높이에 스트레이트 바가 부착된 케이블 머신을 향해 섭니다. | Step:2 오버핸드 그립으로 바를 잡고 뒤로 물러나 케이블에 장력을 만듭니다. | Step:3 발을 어깨 너비로 벌리고 무릎을 살짝 구부립니다. | Step:4 운동 내내 등을 곧게 펴고 코어를 유지합니다. | Step:5 팔을 완전히 뻗고 바닥과 수직이 되도록 시작합니다. | Step:6 윗팔을 고정한 상태에서 숨을 내쉬며 팔이 완전히 펴질 때까지 바를 아래로 누릅니다. | Step:7 잠시 멈춘 후, 숨을 들이쉬며 천천히 시작 자세로 돌아옵니다. | Step:8 원하는 횟수만큼 반복한 후, 반대쪽 팔로 전환합니다.",https://melo2026.s3.ap-northeast-2.amazonaws.com/workout-images/qRZ5S1N.webp,weight,5.0,팔,상완,케이블 머신,,케이블
QsSQWbf,밴드 싱글 레그 리버스 카프 레이즈,https://static.exercisedb.dev/media/QsSQWbf.gif,종아리,햄스트링 | 둔근,"Step:1 발을 엉덩이 너비로 벌리고 서서 발 앞부분에 밴드를 감습니다. | Step:2 균형을 잡기 위해 안정적인 물체를 잡습니다. | Step:3 천천히 발뒤꿈치를 바닥에서 들어 올려 발 앞부분으로 체중을 들어 올립니다. | Step:4 맨 위에서 잠시 멈춘 후, 천천히 발뒤꿈치를 시작 자세로 되돌립니다. | Step:5 원하는 횟수만큼 반복한 후, 반대쪽 다리로 전환합니다.",https://melo2026.s3.ap-northeast-2.amazonaws.com/workout-images/QsSQWbf.webp,weight,5.0,하체,종아리,밴드,,밴드
QT5Q0nK,덤벨 시티드 얼터네이트 프레스,https://static.exercisedb.dev/media/QT5Q0nK.gif,삼각근,삼두근 | 가슴,Step:1 벤치에 앉아 양손에 덤벨을 들고 손바닥이 앞을 향하도록 합니다. | Step:2 덤벨을 어깨 높이까지 들어 올리고 팔꿈치를 구부리고 손바닥이 앞을 향하도록 합니다. | Step:3 한쪽 덤벨을 머리 위로 밀어 올리면서 팔을 완전히 뻗습니다. | Step:4 덤벨을 어깨 높이까지 다시 내립니다. | Step:5 반대쪽 팔로 반복합니다. | Step:6 원하는 횟수만큼 팔을 번갈아 가며 계속합니다.,https://melo2026.s3.ap-northeast-2.amazonaws.com/workout-images/QT5Q0nK.webp,weight,5.0,어깨,,덤벨,,덤벨
QTXKWPh,케이블 풀다운 바이셉스 컬,https://static.exercisedb.dev/media/QTXKWPh.gif,이두근,전완근,Step:1 케이블 머신의 가장 높은 설정에 스트레이트 바를 연결합니다. | Step:2 머신을 향해 서서 발을 어깨 너비로 벌립니다. | Step:3 어깨 너비로 언더핸드 그립으로 바를 잡습니다. | Step:4 팔꿈치를 옆구리에 가깝게 유지하고 윗팔을 고정합니다. | Step:5 숨을 내쉬며 손목을 곧게 편 상태로 바를 허벅지 쪽으로 천천히 컬다운합니다. | Step:6 움직임의 맨 아래에서 잠시 멈추고 이두근을 쥐어짭니다. | Step:7 숨을 들이쉬며 팔을 완전히 펴면서 바를 시작 자세로 천천히 되돌립니다. | Step:8 원하는 횟수만큼 반복합니다.,https://melo2026.s3.ap-northeast-2.amazonaws.com/workout-images/QTXKWPh.webp,weight,5.0,팔,상완,케이블 머신,,케이블
qU8bYp7,러프 케이블 스탠딩 원 암 트라이셉스 익스텐션,,삼두근,어깨,"Step:1 케이블 머신을 향해 발을 어깨 너비로 벌리고 섭니다. | Step:2 오른손으로 케이블 핸들을 잡고 손바닥이 아래를 향하도록 하며, 팔을 완전히 뻗어 바닥과 평행이 되도록 위치시킵니다. | Step:3 팔꿈치를 고정하고 몸에 가깝게 유지합니다. | Step:4 팔꿈치를 천천히 구부려 케이블 핸들을 머리 뒤쪽으로 내립니다. | Step:5 움직임의 맨 아래에서 잠시 멈춘 후, 팔을 시작 자세로 되돌립니다. 러프한 움직임에 집중합니다. | Step:6 원하는 횟수만큼 반복한 후, 반대쪽으로 전환하여 왼팔로 운동을 수행합니다.",,weight,5.0,팔,상완,케이블 머신,,케이블
QUDd8WS,오블리크 크런치 플로어,https://static.exercisedb.dev/media/QUDd8WS.gif,복근,obliques,"Step:1 등을 대고 누워 무릎을 구부리고 발을 바닥에 평평하게 댑니다. | Step:2 손을 머리 뒤에 대거나 가슴 위에 교차합니다. | Step:3 복근에 힘을 주고 어깨뼈를 바닥에서 들어 올려 몸통을 한쪽으로 회전시킵니다. | Step:4 잠시 멈춘 후, 어깨뼈를 바닥으로 다시 내립니다. | Step:5 반대쪽으로 반복하며 각 반복마다 번갈아 가며 수행합니다.",https://melo2026.s3.ap-northeast-2.amazonaws.com/workout-images/QUDd8WS.webp,weight,3.5,코어,허리 | 복부,맨몸,,맨몸
qx4fgX7,덤벨 싱글 레그 스플릿 스쿼트,https://static.exercisedb.dev/media/qx4fgX7.gif,대퇴사두근,둔근 | 햄스트링 | 종아리,"Step:1 발을 어깨 너비로 벌리고 양손에 덤벨을 듭니다. | Step:2 한쪽 발을 앞으로 내딛고 앞발은 바닥에 평평하게, 뒷발은 벤치나 스텝에 올려놓도록 발을 위치시킵니다. | Step:3 앞쪽 무릎과 엉덩이를 구부려 몸을 내리고, 뒷쪽 무릎은 살짝 구부리고 뒷쪽 발뒤꿈치는 바닥에서 떨어뜨린 상태를 유지합니다. | Step:4 앞쪽 허벅지가 바닥과 평행이 될 때까지 계속 내린 후, 앞쪽 뒤꿈치를 밀어 시작 자세로 돌아옵니다. | Step:5 원하는 횟수만큼 반복한 후, 다리를 바꿔 반복합니다.",https://melo2026.s3.ap-northeast-2.amazonaws.com/workout-images/qx4fgX7.webp,weight,5.0,하체,허벅지,덤벨,,덤벨
qXTaZnJ,바벨 풀 스쿼트,https://static.exercisedb.dev/media/qXTaZnJ.gif,둔근,quadriceps | 햄스트링 | 종아리 | 코어,"Step:1 발을 어깨너비로 벌리고 발끝을 살짝 바깥쪽으로 향하게 서세요. | Step:2 바벨을 등 위쪽에 걸치고 승모근이나 후면 삼각근에 올려놓으세요. | Step:3 코어에 힘을 주고 가슴을 편 상태에서 몸을 낮추기 시작하세요. | Step:4 무릎과 엉덩이를 구부리며 의자에 앉는 것처럼 엉덩이를 뒤로, 아래로 미세요. | Step:5 허벅지가 바닥과 평행이 되거나 그보다 약간 아래가 될 때까지 몸을 낮추세요. | Step:6 무릎이 발끝과 일직선이 되도록 하고 발뒤꿈치에 체중을 유지하세요. | Step:7 발뒤꿈치로 밀어 다시 일어서면서 엉덩이와 무릎을 펴세요. | Step:8 원하는 횟수만큼 반복하세요.",https://melo2026.s3.ap-northeast-2.amazonaws.com/workout-images/qXTaZnJ.webp,weight,5.0,하체,허벅지,바벨,,바벨
QY39eBr,시티드 피리포르미스 스트레치,https://static.exercisedb.dev/media/QY39eBr.gif,둔근,햄스트링,Step:1 다리를 앞으로 뻗고 바닥에 앉으세요. | Step:2 오른쪽 무릎을 구부리고 오른쪽 발을 왼쪽 무릎 바깥쪽에 놓으세요. | Step:3 왼쪽 팔꿈치를 오른쪽 무릎 바깥쪽에 대고 몸통을 오른쪽으로 부드럽게 비틀세요. | Step:4 20-30초 동안 스트레칭을 유지한 다음 반대쪽으로 바꿔 반복하세요.,https://melo2026.s3.ap-northeast-2.amazonaws.com/workout-images/QY39eBr.webp,weight,2.5,하체,허벅지,맨몸,,맨몸
Qyk5J3p,덤벨 크로스 바디 해머 컬,https://static.exercisedb.dev/media/Qyk5J3p.gif,이두근,전완근,Step:1 덤벨을 각각 한 손에 들고 손바닥이 몸을 향하도록 똑바로 서세요. | Step:2 팔꿈치를 몸통 가까이에 두고 상완을 고정하세요. | Step:3 숨을 내쉬면서 이두근을 수축하며 덤벨을 반대쪽 어깨 쪽으로 몸을 가로질러 컬링하세요. | Step:4 이두근이 완전히 수축되고 덤벨이 어깨 높이에 올 때까지 덤벨을 계속 들어 올리세요. | Step:5 이두근을 쥐어짜면서 수축된 자세를 잠시 유지하세요. | Step:6 숨을 들이쉬면서 천천히 덤벨을 시작 자세로 되돌리세요. | Step:7 원하는 횟수만큼 반복하세요.,https://melo2026.s3.ap-northeast-2.amazonaws.com/workout-images/Qyk5J3p.webp,weight,5.0,팔,상완,덤벨,,덤벨
QyO6Uma,스미스 머신 리버스 덱클라인 클로즈 그립 벤치 프레스,https://static.exercisedb.dev/media/QyO6Uma.gif,대흉근,삼두근 | 어깨,Step:1 스미스 머신을 덱클라인(내리막) 자세로 조절하세요. | Step:2 발 패드 아래에 발을 고정하고 벤치에 누우세요. | Step:3 어깨너비보다 약간 좁게 바벨을 닫힌 그립으로 잡으세요. | Step:4 바벨을 언랙하고 팔꿈치를 몸에 가깝게 붙인 채 가슴 쪽으로 천천히 내리세요. | Step:5 바닥에서 잠시 멈춘 다음 바벨을 다시 시작 자세로 밀어 올리세요. | Step:6 원하는 횟수만큼 반복하세요.,https://melo2026.s3.ap-northeast-2.amazonaws.com/workout-images/QyO6Uma.webp,weight,5.0,가슴,,스미스 머신,,스미스 머신
QYysSLV,랜드마인 180,https://static.exercisedb.dev/media/QYysSLV.gif,복근,obliques | quadriceps,Step:1 발을 어깨너비로 벌리고 양손으로 바벨을 가슴 앞에서 잡으세요. | Step:2 무릎을 살짝 구부리고 몸통을 오른쪽으로 회전시키면서 바벨을 오른쪽 엉덩이 쪽으로 스윙하세요. | Step:3 동작의 가장 낮은 지점에 도달하면 빠르게 동작을 반대로 하여 몸통을 왼쪽으로 회전시키면서 바벨을 몸을 가로질러 왼쪽 어깨 쪽으로 스윙하세요. | Step:4 원하는 횟수만큼 이 비틀기 동작을 번갈아 가며 계속하세요.,https://melo2026.s3.ap-northeast-2.amazonaws.com/workout-images/QYysSLV.webp,weight,5.0,코어,허리 | 복부,바벨,,바벨
QZFv5ui,덤벨 원 암 프레스 온 엑서사이즈 볼,https://static.exercisedb.dev/media/QZFv5ui.gif,대흉근,어깨 | 삼두근 | 코어,Step:1 발을 바닥에 평평하게 대고 무릎을 90도 각도로 구부린 채 엑서사이즈 볼에 앉으세요. | Step:2 한 손에 덤벨을 들고 팔꿈치를 구부리고 손바닥이 앞을 향하도록 하여 어깨 높이에 위치시키세요. | Step:3 코어를 계속 사용하고 엑서사이즈 볼 위에서 균형을 유지하면서 팔이 완전히 펴질 때까지 덤벨을 위로 천천히 누르세요. | Step:4 위쪽에서 잠시 멈춘 다음 덤벨을 천천히 시작 자세로 되돌리세요. | Step:5 원하는 횟수만큼 반복한 다음 반대쪽 팔로 바꾸세요.,https://melo2026.s3.ap-northeast-2.amazonaws.com/workout-images/QZFv5ui.webp,weight,5.0,가슴,,덤벨,,덤벨
r0z6xzQ,바벨 펜들레이 로우,https://static.exercisedb.dev/media/r0z6xzQ.gif,상부 등,이두근 | 전완근,Step:1 발을 어깨너비로 벌리고 무릎을 살짝 구부리고 서세요. | Step:2 허리에서 앞으로 구부리면서 등을 곧게 펴고 가슴을 드세요. | Step:3 어깨너비보다 약간 넓게 오버핸드 그립으로 바벨을 잡으세요. | Step:4 어깨뼈를 함께 쥐어짜면서 바벨을 복부 위쪽으로 당기세요. | Step:5 바벨을 시작 자세로 다시 내리세요. | Step:6 원하는 횟수만큼 반복하세요.,https://melo2026.s3.ap-northeast-2.amazonaws.com/workout-images/r0z6xzQ.webp,weight,5.0,등,,바벨,,바벨
R1WYG5D,서스펜디드 리버스 크런치,https://static.exercisedb.dev/media/R1WYG5D.gif,복근,고관절 굴곡근,Step:1 팔을 완전히 펴고 손바닥이 자신을 향하도록 하여 풀업 바에 매달리세요. | Step:2 코어에 힘을 주고 골반을 갈비뼈 쪽으로 말아 올리면서 무릎을 가슴 쪽으로 들어 올리세요. | Step:3 위쪽에서 잠시 멈춘 다음 무릎을 천천히 시작 자세로 되돌리세요. | Step:4 원하는 횟수만큼 반복하세요.,https://melo2026.s3.ap-northeast-2.amazonaws.com/workout-images/R1WYG5D.webp,weight,3.5,코어,허리 | 복부,맨몸,,맨몸
r1XNRYB,밴드 어시스티드 풀업,https://static.exercisedb.dev/media/r1XNRYB.gif,광배근,이두근 | 전완근,"Step:1 풀업 바 또는 튼튼한 고정 지점에 밴드를 부착하세요. | Step:2 밴드 위로 발을 올리고 손바닥이 자신을 향하도록 바를 잡으세요. 손은 어깨너비보다 약간 넓게 벌리세요. | Step:3 팔을 완전히 펴고 매달린 상태에서 코어에 힘을 주고 어깨를 아래로, 뒤로 내리세요. | Step:4 어깨뼈를 함께 쥐어짜면서 팔꿈치를 엉덩이 쪽으로 내리면서 몸을 바 쪽으로 당기세요. | Step:5 턱이 바 위로 올라올 때까지 계속 당긴 다음 천천히 시작 자세로 내려가세요. | Step:6 원하는 횟수만큼 반복하세요.",https://melo2026.s3.ap-northeast-2.amazonaws.com/workout-images/r1XNRYB.webp,weight,3.5,등,,밴드,,밴드
r29jP7S,덤벨 시티드 카프 레이즈,https://static.exercisedb.dev/media/r29jP7S.gif,종아리,햄스트링,Step:1 벤치나 의자에 앉아 발을 바닥에 평평하게 대고 허벅지 위에 덤벨을 올려놓으세요. | Step:2 발 앞꿈치를 발판이나 블록과 같은 높은 표면에 대고 발뒤꿈치는 가장자리에 걸치세요. | Step:3 안정성을 위해 덤벨을 잡으세요. | Step:4 발 앞꿈치로 몸무게를 들어 올리면서 발뒤꿈치를 가능한 한 높이 올리세요. | Step:5 위쪽에서 잠시 멈춘 다음 발뒤꿈치를 천천히 시작 자세로 되돌리세요. | Step:6 원하는 횟수만큼 반복하세요.,https://melo2026.s3.ap-northeast-2.amazonaws.com/workout-images/r29jP7S.webp,weight,5.0,하체,종아리,덤벨,,덤벨
r4RZKpF,덤벨 원 암 플라이 온 엑서사이즈 볼 임프루브드,,대흉근,어깨 | 삼두근,Step:1 한 손에 덤벨을 들고 발을 바닥에 평평하게 댄 채 엑서사이즈 볼에 앉으세요. | Step:2 발을 앞으로 걷고 등 위쪽이 엑서사이즈 볼에 닿을 때까지 몸을 굴리세요. | Step:3 덤벨을 든 팔을 가슴 위로 곧게 뻗고 손바닥이 안쪽을 향하도록 하세요. | Step:4 팔꿈치를 살짝 구부린 채 덤벨을 옆으로 천천히 내리세요. | Step:5 잠시 멈춘 다음 가슴 근육을 쥐어짜서 덤벨을 시작 자세로 되돌리세요. | Step:6 원하는 횟수만큼 반복한 다음 팔을 바꾸세요. 개선된 움직임에 집중하세요.,,weight,5.0,가슴,,덤벨,,덤벨
r5DgrW9,덤벨 서포티드 스쿼트,https://static.exercisedb.dev/media/r5DgrW9.gif,대퇴사두근,둔근 | 햄스트링 | 종아리,Step:1 발을 어깨너비로 벌리고 양손에 덤벨을 옆구리에 들고 서세요. | Step:2 가슴을 펴고 코어에 힘을 준 상태에서 무릎을 구부리고 엉덩이를 뒤로 밀면서 몸을 천천히 낮추세요. | Step:3 허벅지가 바닥과 평행이 되거나 편안하게 갈 수 있는 만큼 낮아질 때까지 계속 낮추세요. | Step:4 바닥에서 잠시 멈춘 다음 발뒤꿈치로 밀어 시작 자세로 돌아가세요. | Step:5 원하는 횟수만큼 반복하세요.,https://melo2026.s3.ap-northeast-2.amazonaws.com/workout-images/r5DgrW9.webp,weight,5.0,하체,허벅지,덤벨,,덤벨
R5swFnc,캠버드 바 라잉 로우,https://static.exercisedb.dev/media/R5swFnc.gif,상부 등,이두근 | 전완근,Step:1 바닥에 바벨을 놓고 가슴이 가장자리에 살짝 걸치도록 벤치에 엎드리세요. | Step:2 아래로 뻗어 어깨너비보다 약간 넓게 오버핸드 그립으로 바벨을 잡으세요. | Step:3 다리를 곧게 펴고 발을 바닥에 댄 채 팔을 펴서 바벨을 바닥에서 들어 올리세요. | Step:4 어깨뼈를 함께 쥐어짜면서 바벨을 가슴 쪽으로 당기세요. | Step:5 바벨을 시작 자세로 되돌리고 원하는 횟수만큼 반복하세요.,https://melo2026.s3.ap-northeast-2.amazonaws.com/workout-images/R5swFnc.webp,weight,5.0,등,,바벨,,바벨
r7cT9YD,어시스티드 모션 러시안 트위스트,https://static.exercisedb.dev/media/r7cT9YD.gif,복근,obliques | lower back,Step:1 무릎을 구부리고 발을 바닥에 평평하게 댄 채 바닥에 앉으세요. | Step:2 메디신 볼을 양손으로 가슴 앞에서 잡으세요. | Step:3 복근에 힘을 주고 등을 곧게 편 상태에서 몸을 살짝 뒤로 기울이세요. | Step:4 메디신 볼을 몸의 오른쪽으로 가져가면서 몸통을 오른쪽으로 천천히 비틀세요. | Step:5 잠시 멈춘 다음 메디신 볼을 몸의 왼쪽으로 가져가면서 몸통을 왼쪽으로 비틀세요. | Step:6 원하는 횟수만큼 번갈아 가며 계속하세요.,https://melo2026.s3.ap-northeast-2.amazonaws.com/workout-images/r7cT9YD.webp,weight,5.0,코어,허리 | 복부,기타,메디신볼,메디신볼
RaflbWD,덤벨 인클라인 컬 v. 2,https://static.exercisedb.dev/media/RaflbWD.gif,이두근,전완근,Step:1 인클라인 벤치에 앉아 양손에 덤벨을 들고 손바닥이 앞을 향하도록 하고 팔을 완전히 뻗으세요. | Step:2 상완을 고정한 상태에서 숨을 내쉬면서 이두근을 수축하며 덤벨을 컬링하세요. | Step:3 이두근이 완전히 수축되고 덤벨이 어깨 높이에 올 때까지 덤벨을 계속 들어 올리세요. | Step:4 이두근을 쥐어짜면서 수축된 자세를 잠시 유지하세요. | Step:5 숨을 들이쉬면서 천천히 덤벨을 시작 자세로 되돌리세요. | Step:6 원하는 횟수만큼 반복하세요.,https://melo2026.s3.ap-northeast-2.amazonaws.com/workout-images/RaflbWD.webp,weight,5.0,팔,상완,덤벨,,덤벨
rbu5UUb,크로스 바디 크런치,https://static.exercisedb.dev/media/rbu5UUb.gif,복근,obliques,"Step:1 무릎을 구부리고 발을 바닥에 평평하게 댄 채 등을 대고 눕습니다. | Step:2 팔꿈치를 바깥쪽으로 향하게 하고 손을 머리 뒤에 댑니다. | Step:3 복근을 사용하여 상체를 바닥에서 들어 올리고 비틀어 오른쪽 팔꿈치를 왼쪽 무릎 쪽으로 가져옵니다. | Step:4 상단에서 잠시 멈춘 다음, 천천히 상체를 시작 자세로 다시 내립니다. | Step:5 반대쪽으로 반복하여 왼쪽 팔꿈치를 오른쪽 무릎 쪽으로 가져옵니다. | Step:6 원하는 횟수만큼 반복합니다.",https://melo2026.s3.ap-northeast-2.amazonaws.com/workout-images/rbu5UUb.webp,weight,3.5,코어,허리 | 복부,맨몸,,맨몸
rDAiRf9,덤벨 인클라인 원 암 프레스,https://static.exercisedb.dev/media/rDAiRf9.gif,대흉근,어깨 | 삼두근,"Step:1 한 손에 덤벨을 들고 허벅지에 댄 채 인클라인 벤치에 앉습니다. | Step:2 벤치에 누워 덤벨을 어깨 높이로 가져가고 손바닥은 앞을 향하게 합니다. | Step:3 팔을 완전히 펴면서 덤벨을 위쪽과 약간 안쪽으로 누릅니다. | Step:4 상단에서 잠시 멈춘 다음, 천천히 덤벨을 시작 자세로 다시 내립니다. | Step:5 원하는 횟수만큼 반복한 다음 다른 팔로 전환합니다.",https://melo2026.s3.ap-northeast-2.amazonaws.com/workout-images/rDAiRf9.webp,weight,5.0,가슴,,덤벨,,덤벨
reFHapa,덤벨 디클라인 트위스트 플라이,https://static.exercisedb.dev/media/reFHapa.gif,대흉근,어깨 | 삼두근,Step:1 머리가 엉덩이보다 낮게 내려가는 디클라인 벤치에 눕습니다. | Step:2 각 손에 덤벨을 들고 손바닥이 서로 마주보게 하고 팔을 가슴 위로 곧게 뻗습니다. | Step:3 가슴에서 스트레칭이 느껴질 때까지 덤벨을 넓은 호를 그리며 양옆으로 내립니다. | Step:4 덤벨을 내리면서 손목을 비틀어 움직임의 가장 낮은 지점에서 손바닥이 앞을 향하도록 합니다. | Step:5 동작을 반대로 하여 덤벨을 시작 자세로 다시 올리고 상단에서 가슴 근육을 쥐어짭니다. | Step:6 원하는 횟수만큼 반복합니다.,https://melo2026.s3.ap-northeast-2.amazonaws.com/workout-images/reFHapa.webp,weight,2.5,가슴,,덤벨,,덤벨
REGM1dE,덤벨 원 암 디클라인 체스트 프레스,https://static.exercisedb.dev/media/REGM1dE.gif,대흉근,삼두근 | 어깨,"Step:1 한 손에 덤벨을 들고 가슴에 댄 채 디클라인 벤치에 눕습니다. | Step:2 발을 바닥에 평평하게 대고 등을 벤치에 밀착시킵니다. | Step:3 팔을 펴고 팔꿈치를 완전히 펴면서 덤벨을 천장 쪽으로 밀어 올립니다. | Step:4 상단에서 잠시 멈춘 다음, 천천히 덤벨을 시작 자세로 다시 내립니다. | Step:5 원하는 횟수만큼 반복한 다음 다른 팔로 전환합니다.",https://melo2026.s3.ap-northeast-2.amazonaws.com/workout-images/REGM1dE.webp,weight,5.0,가슴,,덤벨,,덤벨
rEhi2o5,덤벨 라잉 수피네이션 온 플로어,https://static.exercisedb.dev/media/rEhi2o5.gif,전완근,이두근 | 어깨,"Step:1 바닥에 등을 대고 누워 다리를 펴고 팔을 옆구리에 댄 채 각 손에 덤벨을 듭니다. | Step:2 팔꿈치를 옆구리에 가깝게 붙인 채 손바닥이 위를 향하도록 돌립니다. | Step:3 팔뚝을 쥐어짜면서 천천히 덤벨을 어깨 쪽으로 컬링합니다. | Step:4 상단에서 잠시 멈춘 다음, 천천히 덤벨을 시작 자세로 다시 내립니다. | Step:5 원하는 횟수만큼 반복합니다.",https://melo2026.s3.ap-northeast-2.amazonaws.com/workout-images/rEhi2o5.webp,weight,5.0,팔,전완,덤벨,,덤벨
REXmfVC,슬레지 해머,https://static.exercisedb.dev/media/REXmfVC.gif,복근,전완근 | 어깨,Step:1 발을 어깨너비로 벌리고 서서 양손으로 슬레지 해머를 잡습니다. | Step:2 코어에 힘을 주고 등을 곧게 폅니다. | Step:3 코어와 상체 힘을 사용하여 슬레지 해머를 땅을 향해 아래로 휘두릅니다. | Step:4 아래로 휘두르면서 엉덩이를 돌리고 힘을 해머로 전달합니다. | Step:5 원하는 횟수만큼 반복합니다.,https://melo2026.s3.ap-northeast-2.amazonaws.com/workout-images/REXmfVC.webp,weight,5.0,코어,허리 | 복부,기타,해머,hammer
rg59QCH,케틀벨 원 암 플로어 프레스,https://static.exercisedb.dev/media/rg59QCH.gif,대흉근,삼두근 | 어깨,"Step:1 무릎을 구부리고 발을 바닥에 평평하게 댄 채 바닥에 등을 대고 눕습니다. | Step:2 한 손에 케틀벨을 들고 손바닥이 발 쪽을 향하게 하고 팔을 천장으로 곧게 뻗습니다. | Step:3 팔꿈치를 몸에 가깝게 붙인 채 팔꿈치를 구부려 케틀벨을 가슴 쪽으로 천천히 내립니다. | Step:4 케틀벨이 가슴 바로 위에 오면 잠시 멈춘 다음, 팔꿈치를 펴서 케틀벨을 시작 자세로 다시 밀어 올립니다. | Step:5 원하는 횟수만큼 반복한 다음 다른 팔로 전환합니다.",https://melo2026.s3.ap-northeast-2.amazonaws.com/workout-images/rg59QCH.webp,weight,5.0,가슴,,케틀벨,,케틀벨
RgJDRR1,바벨 와이드 그립 업라이트 로우,https://static.exercisedb.dev/media/RgJDRR1.gif,삼각근,승모근 | 이두근,"Step:1 발을 어깨너비로 벌리고 서서 어깨너비보다 넓게 손을 벌려 오버핸드 그립으로 바벨을 잡습니다. | Step:2 팔을 완전히 펴서 바벨이 허벅지 앞에 걸리도록 합니다. | Step:3 등을 곧게 펴고 숨을 내쉬면서 팔꿈치를 리드하여 바벨을 턱 쪽으로 곧게 들어 올립니다. | Step:4 상단에서 잠시 멈춘 다음, 숨을 들이쉬면서 천천히 바벨을 시작 자세로 다시 내립니다. | Step:5 원하는 횟수만큼 반복합니다.",https://melo2026.s3.ap-northeast-2.amazonaws.com/workout-images/RgJDRR1.webp,weight,5.0,어깨,,바벨,,바벨
RGLscZM,스미스 로우 바 스쿼트,https://static.exercisedb.dev/media/RGLscZM.gif,둔근,quadriceps | 햄스트링 | 종아리,"Step:1 스미스 머신을 바벨이 상부 등 위에 편안하게 놓일 수 있는 높이로 설정합니다. | Step:2 발을 어깨너비로 벌리고 발끝을 약간 바깥쪽으로 향하게 합니다. | Step:3 바 밑으로 들어가 바를 상부 등 위, 승모근 위에 놓습니다. | Step:4 손을 어깨너비보다 약간 넓게 벌려 바를 잡습니다. | Step:5 다리를 펴고 랙에서 뒤로 물러나 바를 언랙합니다. | Step:6 심호흡을 하고 코어에 힘을 줍니다. | Step:7 엉덩이를 뒤로 밀고 무릎을 구부려 스쿼트를 시작합니다. | Step:8 허벅지가 바닥과 평행하거나 약간 아래가 될 때까지 몸을 낮춥니다. | Step:9 동작 내내 가슴을 펴고 등을 곧게 유지합니다. | Step:10 발뒤꿈치를 통해 밀어 엉덩이와 무릎을 펴면서 다시 일어섭니다. | Step:11 원하는 횟수만큼 반복합니다.",https://melo2026.s3.ap-northeast-2.amazonaws.com/workout-images/RGLscZM.webp,weight,5.0,하체,허벅지,스미스 머신,,스미스 머신
rGwhJ5o,바벨 스탠딩 레그 카프 레이즈,https://static.exercisedb.dev/media/rGwhJ5o.gif,종아리,햄스트링 | 둔근,"Step:1 발을 어깨너비로 벌리고 서서 바벨을 상부 등 위에 올립니다. | Step:2 종아리를 사용하여 발뒤꿈치를 가능한 한 높이 들어 올립니다. | Step:3 상단에서 잠시 멈춘 다음, 천천히 발뒤꿈치를 시작 자세로 다시 내립니다. | Step:4 원하는 횟수만큼 반복합니다.",https://melo2026.s3.ap-northeast-2.amazonaws.com/workout-images/rGwhJ5o.webp,weight,5.0,하체,종아리,바벨,,바벨
RJa4tCo,배틀링 로프,https://static.exercisedb.dev/media/RJa4tCo.gif,삼각근,전완근 | 코어,Step:1 발을 어깨너비로 벌리고 무릎을 약간 구부립니다. | Step:2 각 손에 로프의 한쪽 끝을 잡고 손바닥이 서로 마주보게 합니다. | Step:3 팔꿈치를 약간 구부린 채 팔을 어깨 높이로 들어 올립니다. | Step:4 각 팔을 빠르게 올리고 내리면서 로프를 번갈아 웨이브 만들기 시작합니다. | Step:5 원하는 시간 또는 횟수만큼 계속합니다.,https://melo2026.s3.ap-northeast-2.amazonaws.com/workout-images/RJa4tCo.webp,weight,3.5,어깨,,기타,로프,로프
RJgzwny,마운틴 클라이머,https://static.exercisedb.dev/media/RJgzwny.gif,심폐 지구력,코어 | 어깨 | 삼두근,Step:1 손이 어깨 바로 아래에 있고 몸이 일직선이 되도록 하이 플랭크 자세로 시작합니다. | Step:2 코어에 힘을 주고 오른쪽 무릎을 가슴 쪽으로 가져온 다음 빠르게 전환하여 왼쪽 무릎을 가슴 쪽으로 가져옵니다. | Step:3 엉덩이를 낮게 유지하고 코어에 힘을 준 채 달리기 동작으로 다리를 계속 번갈아 움직입니다. | Step:4 운동 내내 꾸준한 속도를 유지하고 고르게 호흡합니다. | Step:5 원하는 횟수만큼 반복합니다.,https://melo2026.s3.ap-northeast-2.amazonaws.com/workout-images/RJgzwny.webp,cardio,3.5,유산소,,맨몸,,맨몸
rjiM4L3,워킹 온 인클라인 트레드밀,https://static.exercisedb.dev/media/rjiM4L3.gif,심폐 지구력,quadriceps | 햄스트링 | 종아리,Step:1 트레드밀의 경사도를 원하는 강도로 조절합니다. | Step:2 발을 어깨너비로 벌리고 트레드밀 위에 섭니다. | Step:3 올바른 자세를 유지하면서 편안한 속도로 걷기 시작합니다. | Step:4 운동 내내 코어 근육에 힘을 주고 등을 곧게 유지합니다. | Step:5 원하는 유산소 운동 시간 동안 경사 트레드밀 위에서 계속 걷습니다. | Step:6 멈추기 전에 경사도와 속도를 점차 줄여 쿨다운합니다.,https://melo2026.s3.ap-northeast-2.amazonaws.com/workout-images/rjiM4L3.webp,cardio,5.0,유산소,,머신,레버리지 머신,레버리지 머신
rjtuP6X,워크 일립티컬 크로스트레이너,https://static.exercisedb.dev/media/rjtuP6X.gif,심폐 지구력,quadriceps | 햄스트링 | 둔근 | 종아리,Step:1 일립티컬 머신의 저항 레벨과 경사도를 원하는 설정으로 조절합니다. | Step:2 머신의 페달 위로 올라서서 손잡이를 가볍게 잡습니다. | Step:3 발을 아래로 누르고 손잡이를 몸 쪽으로 당기면서 시작합니다. | Step:4 걷거나 달리는 동작을 시뮬레이션하기 위해 밀고 당기는 동작을 번갈아 계속합니다. | Step:5 꾸준한 속도를 유지하고 운동 내내 코어에 힘을 줍니다. | Step:6 원하는 유산소 운동 시간 동안 계속합니다. | Step:7 내리기 전에 기계의 강도와 속도를 점차 줄입니다.,https://melo2026.s3.ap-northeast-2.amazonaws.com/workout-images/rjtuP6X.webp,cardio,3.5,유산소,,머신,일립티컬 머신,일립티컬 머신
rkg41Fb,트윈 핸들 패러렐 그립 랫 풀다운,https://static.exercisedb.dev/media/rkg41Fb.gif,광배근,이두근 | rhomboids | rear deltoids,Step:1 시트 높이를 조절하고 케이블 머신을 향해 자세를 잡습니다. | Step:2 손을 어깨너비로 벌려 오버핸드 그립으로 손잡이를 잡습니다. | Step:3 앉아서 허벅지 패드 아래에 허벅지를 위치시키고 발을 바닥에 평평하게 댑니다. | Step:4 약간 뒤로 기울이고 가슴을 들어 올리며 척추를 중립으로 유지합니다. | Step:5 손잡이를 위쪽 가슴 쪽으로 당기면서 어깨뼈를 함께 쥐어짭니다. | Step:6 동작의 가장 낮은 지점에서 잠시 멈추고 광배근의 수축을 느낍니다. | Step:7 천천히 손잡이를 놓고 시작 자세로 돌아갑니다. | Step:8 원하는 횟수만큼 반복합니다.,https://melo2026.s3.ap-northeast-2.amazonaws.com/workout-images/rkg41Fb.webp,weight,5.0,등,,케이블 머신,,케이블
RKjH6Lt,사이드 브릿지 v. 2,https://static.exercisedb.dev/media/RKjH6Lt.gif,복근,obliques | 둔근,Step:1 다리를 펴고 서로 위에 쌓아 옆으로 눕습니다. | Step:2 어깨 바로 아래 바닥에 팔뚝을 대고 팔꿈치를 90도 각도로 구부립니다. | Step:3 코어에 힘을 주고 엉덩이를 바닥에서 들어 올려 머리부터 발끝까지 일직선을 만듭니다. | Step:4 원하는 시간 동안 이 자세를 유지합니다. | Step:5 엉덩이를 시작 자세로 다시 내립니다. | Step:6 반대쪽도 반복합니다.,https://melo2026.s3.ap-northeast-2.amazonaws.com/workout-images/RKjH6Lt.webp,weight,3.5,코어,허리 | 복부,맨몸,,맨몸
rmEukuS,싱글 레그 브릿지 위드 아웃스트레치드 레그,https://static.exercisedb.dev/media/rmEukuS.gif,둔근,햄스트링 | quadriceps,Step:1 무릎을 구부리고 발을 바닥에 평평하게 대고 등을 대고 눕습니다. | Step:2 한쪽 다리를 앞으로 쭉 뻗습니다. | Step:3 둔근에 힘을 주고 엉덩이를 바닥에서 들어 올려 무릎부터 어깨까지 일직선을 만듭니다. | Step:4 위에서 잠시 멈춘 다음 엉덩이를 시작 자세로 천천히 내립니다. | Step:5 원하는 횟수만큼 반복한 다음 다리를 바꿉니다.,https://melo2026.s3.ap-northeast-2.amazonaws.com/workout-images/rmEukuS.webp,weight,2.5,하체,허벅지,맨몸,,맨몸
RoV1Rfa,어시스티드 시티드 펙토랄리스 메이저 스트레치 위드 스테빌리티 볼,https://static.exercisedb.dev/media/RoV1Rfa.gif,대흉근,어깨 | 삼두근,Step:1 발을 바닥에 평평하게 대고 등을 곧게 펴고 안정성 볼에 앉습니다. | Step:2 양손으로 안정성 볼을 잡고 팔을 앞으로 쭉 뻗습니다. | Step:3 안정성 볼을 가슴 쪽으로 천천히 내리면서 가슴 근육의 스트레칭을 느낍니다. | Step:4 스트레칭을 몇 초 동안 유지한 다음 시작 자세로 천천히 돌아갑니다. | Step:5 원하는 횟수만큼 반복합니다.,https://melo2026.s3.ap-northeast-2.amazonaws.com/workout-images/RoV1Rfa.webp,weight,2.5,가슴,,기타,보조 기구,보조 기구
rQhGcin,프로그 플란체,https://static.exercisedb.dev/media/rQhGcin.gif,복근,어깨 | 가슴 | 삼두근,Step:1 손을 어깨 너비로 벌리고 발을 모은 푸시업 자세로 시작합니다. | Step:2 팔꿈치를 구부리고 등을 곧게 편 상태로 몸을 바닥 쪽으로 내립니다. | Step:3 몸을 내리면서 발을 바닥에서 떼고 무릎을 가슴 쪽으로 가져옵니다. | Step:4 이 자세를 몇 초 동안 유지한 다음 다리를 다시 뻗고 시작 자세로 밀어 올립니다. | Step:5 원하는 횟수만큼 반복합니다.,https://melo2026.s3.ap-northeast-2.amazonaws.com/workout-images/rQhGcin.webp,weight,3.5,코어,허리 | 복부,맨몸,,맨몸
RQNVT10,어시스티드 라잉 글루티우스 앤 피리포르미스 스트레치,https://static.exercisedb.dev/media/RQNVT10.gif,둔근,햄스트링,Step:1 다리를 펴고 등을 대고 눕습니다. | Step:2 오른쪽 무릎을 구부리고 오른쪽 발목을 왼쪽 허벅지 위쪽 무릎 바로 위에 놓습니다. | Step:3 양손으로 왼쪽 허벅지를 잡고 가슴 쪽으로 부드럽게 당깁니다. | Step:4 스트레칭을 20-30초 동안 유지합니다. | Step:5 스트레칭을 풀고 반대쪽도 반복합니다.,https://melo2026.s3.ap-northeast-2.amazonaws.com/workout-images/RQNVT10.webp,weight,2.5,하체,허벅지,기타,보조 기구,보조 기구
RqOtqD7,케이블 리버스 크런치,https://static.exercisedb.dev/media/RqOtqD7.gif,복근,고관절 굴곡근,Step:1 로우 풀리에 케이블을 연결하고 매트 위에 등을 대고 눕습니다. | Step:2 양손으로 케이블을 잡고 팔을 천장으로 쭉 뻗습니다. | Step:3 무릎을 구부리고 다리를 들어 올려 허벅지를 가슴 쪽으로 가져옵니다. | Step:4 상체를 안정적으로 유지하면서 골반을 가슴 쪽으로 말아 올려 매트에서 엉덩이를 들어 올립니다. | Step:5 위에서 잠시 멈춘 다음 엉덩이를 시작 자세로 천천히 내립니다. | Step:6 원하는 횟수만큼 반복합니다.,https://melo2026.s3.ap-northeast-2.amazonaws.com/workout-images/RqOtqD7.webp,weight,5.0,코어,허리 | 복부,케이블 머신,,케이블
rQxwMxO,핸드스탠드 푸시업,https://static.exercisedb.dev/media/rQxwMxO.gif,삼두근,어깨 | 가슴 | 코어,Step:1 벽을 찾아 벽에서 몇 피트 떨어진 곳에 서서 벽을 등지고 섭니다. | Step:2 손을 어깨 너비로 벌려 바닥에 대고 발을 벽에 차서 물구나무서기 자세를 취합니다. | Step:3 팔꿈치를 구부리고 몸을 일직선으로 유지하면서 머리를 바닥 쪽으로 내립니다. | Step:4 손으로 밀어 팔을 펴서 시작 자세로 돌아갑니다. | Step:5 원하는 횟수만큼 반복합니다.,https://melo2026.s3.ap-northeast-2.amazonaws.com/workout-images/rQxwMxO.webp,weight,3.5,팔,상완,맨몸,,맨몸
rR0LJzx,덤벨 루마니안 데드리프트,https://static.exercisedb.dev/media/rR0LJzx.gif,둔근,햄스트링 | lower back,Step:1 발을 어깨 너비로 벌리고 양손에 덤벨을 오버핸드 그립으로 잡습니다. | Step:2 등을 곧게 펴고 코어에 힘을 준 상태에서 엉덩이를 힌지하여 무릎을 약간 구부리면서 덤벨을 바닥 쪽으로 내립니다. | Step:3 햄스트링에 스트레칭이 느껴질 때까지 덤벨을 내린 다음 발뒤꿈치로 밀고 둔근을 사용하여 시작 자세로 돌아갑니다. | Step:4 원하는 횟수만큼 반복합니다.,https://melo2026.s3.ap-northeast-2.amazonaws.com/workout-images/rR0LJzx.webp,weight,2.5,하체,허벅지,덤벨,,덤벨
Rr7S3yg,덤벨 프론트 레이즈 v. 2,https://static.exercisedb.dev/media/Rr7S3yg.gif,삼각근,trapezius | 이두근,Step:1 발을 어깨 너비로 벌리고 양손에 덤벨을 잡고 손바닥이 허벅지를 향하도록 합니다. | Step:2 등을 곧게 펴고 코어에 힘을 줍니다. | Step:3 팔을 곧게 편 상태로 덤벨을 어깨 높이까지 앞으로 천천히 들어 올립니다. | Step:4 위에서 잠시 멈춘 다음 덤벨을 시작 자세로 천천히 내립니다. | Step:5 원하는 횟수만큼 반복합니다.,https://melo2026.s3.ap-northeast-2.amazonaws.com/workout-images/Rr7S3yg.webp,weight,5.0,어깨,,덤벨,,덤벨
RrLske5,벤치 딥 (무릎 구부림),https://static.exercisedb.dev/media/RrLske5.gif,삼두근,가슴 | 어깨,Step:1 벤치나 의자 가장자리에 앉아 손으로 엉덩이 옆 가장자리를 잡습니다. | Step:2 엉덩이를 벤치에서 미끄러뜨리고 발뒤꿈치를 땅에 대고 다리를 앞으로 뻗습니다. | Step:3 팔꿈치를 구부리고 등을 벤치에 가깝게 유지하면서 몸을 바닥 쪽으로 내립니다. | Step:4 아래에서 잠시 멈춘 다음 시작 자세로 다시 밀어 올립니다. | Step:5 원하는 횟수만큼 반복합니다.,https://melo2026.s3.ap-northeast-2.amazonaws.com/workout-images/RrLske5.webp,weight,3.5,팔,상완,맨몸,,맨몸
RRWFUcw,덤벨 런지,https://static.exercisedb.dev/media/RRWFUcw.gif,둔근,quadriceps | 햄스트링 | 종아리,Step:1 발을 어깨 너비로 벌리고 양손에 덤벨을 듭니다. | Step:2 오른쪽 발을 앞으로 내딛으며 런지 자세로 몸을 낮춥니다. | Step:3 몸을 낮추면서 등을 곧게 펴고 가슴을 들어 올립니다. | Step:4 오른쪽 발뒤꿈치로 밀어 시작 자세로 돌아갑니다. | Step:5 왼쪽 다리로 반복합니다. | Step:6 원하는 횟수만큼 다리를 번갈아 가며 반복합니다.,https://melo2026.s3.ap-northeast-2.amazonaws.com/workout-images/RRWFUcw.webp,weight,5.0,하체,허벅지,덤벨,,덤벨
rseLfH3,케틀벨 익스텐디드 레인지 원 암 프레스 온 플로어,https://static.exercisedb.dev/media/rseLfH3.gif,대흉근,삼두근 | 어깨,Step:1 무릎을 구부리고 발을 바닥에 평평하게 대고 등을 대고 바닥에 눕습니다. | Step:2 한 손으로 케틀벨을 잡고 손바닥이 발 쪽을 향하도록 합니다. | Step:3 팔꿈치를 잠그고 손목을 곧게 편 상태로 팔을 천장으로 쭉 뻗습니다. | Step:4 움직이는 동안 제어력을 유지하면서 케틀벨을 시작 자세로 천천히 내립니다. | Step:5 원하는 횟수만큼 반복한 다음 다른 팔로 바꿉니다.,https://melo2026.s3.ap-northeast-2.amazonaws.com/workout-images/rseLfH3.webp,weight,5.0,가슴,,케틀벨,,케틀벨
RSOsp5d,덤벨 스탠딩 어라운드 월드,https://static.exercisedb.dev/media/RSOsp5d.gif,삼각근,삼두근 | 전완근,Step:1 발을 어깨 너비로 벌리고 서서 양손에 덤벨을 잡습니다. | Step:2 팔을 어깨 높이로 옆으로 쭉 뻗고 손바닥이 아래를 향하도록 합니다. | Step:3 팔을 곧게 편 상태로 덤벨을 몸 앞쪽으로 가져간 다음 머리 위로 가져가는 원형 동작을 천천히 수행합니다. | Step:4 원형 동작을 계속하여 덤벨을 시작 자세로 다시 내립니다. | Step:5 원하는 횟수만큼 반복합니다.,https://melo2026.s3.ap-northeast-2.amazonaws.com/workout-images/RSOsp5d.webp,weight,5.0,어깨,,덤벨,,덤벨
Rsxr3xl,원 암 어게인스트 월 컴프레스트,,광배근,어깨 | 삼두근,Step:1 벽을 마주보고 발을 어깨 너비로 벌리고 섭니다. | Step:2 한 팔을 앞으로 쭉 뻗고 손바닥을 벽에 댑니다. | Step:3 코어에 힘을 주고 팔을 곧게 펴고 등을 평평하게 유지하면서 몸을 앞으로 기울입니다. 압축된 자세를 계속 유지합니다. | Step:4 손바닥으로 벽을 부드럽게 밀어 광배근을 활성화합니다. | Step:5 자세를 몇 초 동안 유지한 다음 풀고 반대쪽도 반복합니다.,,weight,3.5,등,,맨몸,,맨몸
rTbyBYV,엑서사이즈 볼 라잉 사이드 랫 스트레치,https://static.exercisedb.dev/media/rTbyBYV.gif,광배근,어깨 | 삼두근,Step:1 다리를 펴고 옆으로 누워 머리를 안정성 볼로 지지합니다. | Step:2 안정성을 위해 위쪽 팔을 볼 위에 올립니다. | Step:3 위쪽 팔을 머리 위로 뻗고 몸통을 약간 회전시킵니다. | Step:4 몸 옆쪽의 광배근 스트레칭을 느낍니다. | Step:5 스트레칭을 20-30초 동안 유지한 다음 반대쪽으로 바꿔 반복합니다.,https://melo2026.s3.ap-northeast-2.amazonaws.com/workout-images/rTbyBYV.webp,weight,2.5,등,,기타,짐볼,짐볼
RtyAsy1,암스 어파트 서큘러 토 터치 (남성),https://static.exercisedb.dev/media/RtyAsy1.gif,둔근,햄스트링 | quadriceps | 종아리,Step:1 발을 어깨 너비로 벌리고 팔을 옆으로 뻗은 상태로 섭니다. | Step:2 다리를 곧게 펴고 허리를 숙여 오른손으로 발가락 쪽으로 내려갑니다. | Step:3 내려가는 동시에 균형을 잡으면서 왼 다리를 곧게 펴서 뒤로 들어 올립니다. | Step:4 시작 자세로 돌아와서 왼손으로 발가락 쪽으로 내려가고 오른 다리를 뒤로 들어 올리는 동작을 반복합니다. | Step:5 원하는 횟수만큼 번갈아 가며 반복합니다.,https://melo2026.s3.ap-northeast-2.amazonaws.com/workout-images/RtyAsy1.webp,weight,3.5,하체,허벅지,맨몸,,맨몸
rUXfn3R,레버 백 익스텐션,https://static.exercisedb.dev/media/rUXfn3R.gif,척추,둔근 | 햄스트링,Step:1 기계를 신체 크기와 가동 범위에 맞게 조절합니다. | Step:2 패드에 등을 대고 발을 고정한 상태로 기계에 앉습니다. | Step:3 손잡이나 그립 바를 잡습니다. | Step:4 코어에 힘을 주고 천천히 앞으로 숙이면서 등을 약간 둥글게 만듭니다. | Step:5 맨 아래 지점에서 잠시 멈추고 허리 하부에 스트레칭을 느낍니다. | Step:6 등 근육을 사용하여 천천히 상체를 시작 자세로 들어 올립니다. | Step:7 원하는 횟수만큼 반복합니다.,https://melo2026.s3.ap-northeast-2.amazonaws.com/workout-images/rUXfn3R.webp,weight,2.5,등,,머신,레버리지 머신,레버리지 머신
RVwzP10,케이블 풀다운,https://static.exercisedb.dev/media/RVwzP10.gif,광배근,이두근 | 전완근,Step:1 시트 높이가 편안하고 무릎 패드가 고정되도록 케이블 풀다운 기계를 조절합니다. | Step:2 등을 곧게 펴고 발을 바닥에 평평하게 댄 상태로 시트에 앉습니다. | Step:3 어깨 너비보다 약간 넓게 오버핸드 그립으로 케이블 바를 잡습니다. | Step:4 약간 뒤로 기울이고 코어에 힘을 줍니다. | Step:5 케이블 바를 가슴 쪽으로 당기면서 어깨뼈를 함께 조입니다. | Step:6 동작의 맨 아래에서 잠시 멈춘 다음 천천히 바를 시작 자세로 되돌립니다. | Step:7 원하는 횟수만큼 반복합니다.,https://melo2026.s3.ap-northeast-2.amazonaws.com/workout-images/RVwzP10.webp,weight,5.0,등,,케이블 머신,,케이블
rWoBmi5,코리안 딥스,https://static.exercisedb.dev/media/rWoBmi5.gif,대흉근,삼두근 | 어깨,Step:1 두 개의 평행 바 사이에 서서 팔을 뻗어 몸무게를 지탱합니다. | Step:2 팔꿈치를 구부려 상완이 바닥과 평행이 될 때까지 몸을 내립니다. | Step:3 잠시 멈춘 다음 팔을 펴서 시작 자세로 밀어 올립니다. | Step:4 원하는 횟수만큼 반복합니다.,https://melo2026.s3.ap-northeast-2.amazonaws.com/workout-images/rWoBmi5.webp,weight,3.5,가슴,,맨몸,,맨몸
RxayqAZ,덤벨 클로즈 그립 프레스,https://static.exercisedb.dev/media/RxayqAZ.gif,삼두근,가슴 | 어깨,Step:1 각 손에 덤벨을 들고 허벅지에 올려놓은 상태로 플랫 벤치에 앉습니다. | Step:2 허벅지를 사용하여 덤벨을 들어 올리면서 한 번에 하나씩 덤벨을 어깨 너비 앞에서 잡을 수 있도록 들어 올립니다. | Step:3 어깨 너비에 도달하면 손목을 앞으로 돌려 손바닥이 자신을 향하도록 합니다. 이것이 시작 자세입니다. | Step:4 숨을 들이쉬면서 덤벨을 옆으로 천천히 내려 가슴 높이까지 가져옵니다. | Step:5 숨을 내쉬면서 삼두근을 사용하여 덤벨을 시작 자세로 다시 들어 올립니다. | Step:6 원하는 횟수만큼 반복합니다.,https://melo2026.s3.ap-northeast-2.amazonaws.com/workout-images/RxayqAZ.webp,weight,5.0,팔,상완,덤벨,,덤벨
RYcV1kH,바벨 스쿼트 점프 스텝 리버스 런지,https://static.exercisedb.dev/media/RYcV1kH.gif,대퇴사두근,둔근 | 햄스트링 | 종아리,Step:1 발을 어깨 너비로 벌리고 서서 상부 등 뒤에 바벨을 댑니다. | Step:2 무릎을 구부리고 엉덩이를 뒤로 밀면서 몸을 스쿼트 자세로 낮춥니다. | Step:3 위로 폭발적으로 점프하여 최대한 높이 땅에서 뛰어오릅니다. | Step:4 발로 부드럽게 착지하고 즉시 한 다리를 뒤로 뻗어 리버스 런지 자세를 취합니다. | Step:5 앞 허벅지가 바닥과 평행이 될 때까지 몸을 낮추고 등을 곧게 폅니다. | Step:6 앞 발뒤꿈치로 밀어 시작 자세로 돌아옵니다. | Step:7 반대쪽 다리로 점프와 런지 시퀀스를 반복합니다. | Step:8 원하는 횟수만큼 번갈아 가며 반복합니다.,https://melo2026.s3.ap-northeast-2.amazonaws.com/workout-images/RYcV1kH.webp,weight,5.0,하체,허벅지,바벨,,바벨
rZ80Gbp,케이블 시티드 원 암 컨센트레이션 컬,https://static.exercisedb.dev/media/rZ80Gbp.gif,이두근,전완근,Step:1 발을 바닥에 평평하게 대고 등을 곧게 편 상태로 벤치에 앉습니다. | Step:2 한 손으로 케이블 핸들을 잡고 팔꿈치를 무릎 바로 위 허벅지 안쪽에 댑니다. | Step:3 윗팔을 고정한 상태로 숨을 내쉬면서 케이블 핸들을 어깨 쪽으로 컬합니다. | Step:4 동작의 맨 위에서 잠시 멈추고 이두근을 쥐어짭니다. | Step:5 숨을 들이쉬면서 케이블 핸들을 천천히 시작 자세로 되돌립니다. | Step:6 원하는 횟수만큼 반복한 다음 팔을 바꿉니다.,https://melo2026.s3.ap-northeast-2.amazonaws.com/workout-images/rZ80Gbp.webp,weight,5.0,팔,상완,케이블 머신,,케이블
s0HKO2I,바디웨이트 니링 트라이셉스 익스텐션,https://static.exercisedb.dev/media/s0HKO2I.gif,삼두근,어깨 | 가슴,Step:1 무릎을 엉덩이 너비로 벌리고 바닥에 무릎을 꿇습니다. | Step:2 손을 앞에 어깨 너비로 벌리고 손가락을 앞으로 향하게 합니다. | Step:3 다리를 뒤로 곧게 뻗고 발끝과 손으로 균형을 잡으며 머리부터 발뒤꿈치까지 일직선을 만듭니다. | Step:4 팔꿈치를 구부리고 팔꿈치를 옆구리에 가깝게 유지하면서 상체를 바닥 쪽으로 내립니다. | Step:5 맨 아래에서 잠시 멈춘 다음 손으로 밀어 팔을 펴고 시작 자세로 돌아옵니다. | Step:6 원하는 횟수만큼 반복합니다.,https://melo2026.s3.ap-northeast-2.amazonaws.com/workout-images/s0HKO2I.webp,weight,3.5,팔,상완,맨몸,,맨몸
S1JXDAG,밴드 시티드 트위스트,https://static.exercisedb.dev/media/S1JXDAG.gif,복근,obliques,Step:1 다리를 앞으로 뻗고 등을 곧게 편 상태로 바닥에 앉습니다. | Step:2 밴드를 허리에 감고 양손으로 끝을 잡습니다. | Step:3 복근에 힘을 주고 등을 곧게 펴고 발을 바닥에 댄 상태로 몸통을 천천히 한쪽으로 비틉니다. | Step:4 비트는 동작의 끝에서 잠시 멈춘 다음 천천히 시작 자세로 돌아옵니다. | Step:5 반대쪽으로 비트는 동작을 반복합니다. | Step:6 원하는 횟수만큼 번갈아 가며 반복합니다.,https://melo2026.s3.ap-northeast-2.amazonaws.com/workout-images/S1JXDAG.webp,weight,3.5,코어,허리 | 복부,밴드,,밴드
s34Y4LR,웨이티드 시티드 트위스트 (안정성 볼 위),https://static.exercisedb.dev/media/s34Y4LR.gif,복근,obliques | lower back,Step:1 발을 바닥에 평평하게 대고 무릎을 90도 각도로 구부린 상태로 안정성 볼에 앉습니다. | Step:2 가슴 가까이에 웨이트 플레이트나 덤벨을 양손으로 잡습니다. | Step:3 코어에 힘을 주고 엉덩이를 안정적으로 유지하면서 몸통을 천천히 한쪽으로 회전시킵니다. | Step:4 회전의 끝에서 잠시 멈춘 다음 천천히 시작 자세로 돌아옵니다. | Step:5 반대쪽으로 회전을 반복합니다. | Step:6 원하는 횟수만큼 번갈아 가며 반복합니다.,https://melo2026.s3.ap-northeast-2.amazonaws.com/workout-images/s34Y4LR.webp,weight,5.0,코어,허리 | 복부,기타,중량,중량
S37C94C,케틀벨 원 암 저크,https://static.exercisedb.dev/media/S37C94C.gif,삼각근,삼두근 | 코어,Step:1 발을 어깨 너비로 벌리고 한 손으로 케틀벨을 어깨 높이로 잡고 섭니다. | Step:2 무릎을 약간 구부리고 코어에 힘을 줍니다. | Step:3 케틀벨을 직선으로 머리 위로 밀어 팔을 완전히 폅니다. | Step:4 케틀벨을 머리 위로 밀면서 동시에 무릎을 구부렸다가 빠르게 펴서 추진력을 얻습니다. | Step:5 케틀벨이 가장 높은 지점에 도달하면 무릎과 엉덩이를 구부려 빠르게 아래로 내려갑니다. | Step:6 무릎과 엉덩이를 약간 구부리고 팔을 머리 위로 완전히 편 상태로 케틀벨을 잡습니다. | Step:7 무릎과 엉덩이를 완전히 펴고 똑바로 서서 머리 위로 케틀벨을 안정시킵니다. | Step:8 무릎과 엉덩이를 구부려 케틀벨을 시작 자세로 내리고 원하는 횟수만큼 반복합니다.,https://melo2026.s3.ap-northeast-2.amazonaws.com/workout-images/S37C94C.webp,weight,5.0,어깨,,케틀벨,,케틀벨
S4pwGlc,덤벨 플라이오 스쿼트,https://static.exercisedb.dev/media/S4pwGlc.gif,둔근,quadriceps | 햄스트링 | 종아리,Step:1 발을 어깨 너비로 벌리고 각 손에 덤벨을 들고 옆구리에 둡니다. | Step:2 무릎을 구부리고 엉덩이를 뒤로 밀면서 몸을 스쿼트 자세로 낮춥니다. | Step:3 스쿼트 맨 아래 지점에 도달하면 위로 폭발적으로 점프합니다. | Step:4 공중에서 빠르게 발 위치를 바꾸고 반대쪽 발이 앞으로 오도록 착지합니다. | Step:5 즉시 몸을 다시 스쿼트 자세로 낮추고 발을 다시 바꾸면서 점프를 반복합니다. | Step:6 원하는 횟수만큼 각 점프마다 발 위치를 번갈아 가며 반복합니다.,https://melo2026.s3.ap-northeast-2.amazonaws.com/workout-images/S4pwGlc.webp,weight,5.0,하체,허벅지,덤벨,,덤벨
s5PdDyY,덤벨 테이트 프레스,https://static.exercisedb.dev/media/s5PdDyY.gif,삼두근,어깨,Step:1 각 손에 덤벨을 들고 손바닥이 서로 마주보도록 플랫 벤치에 앉습니다. | Step:2 덤벨을 어깨 높이까지 들어 올린 다음 손바닥이 자신을 향하도록 손목을 돌립니다. | Step:3 팔이 완전히 펴질 때까지 덤벨을 위로 밀어 올린 다음 어깨 높이로 다시 내립니다. | Step:4 손목을 시작 자세로 되돌리고 원하는 횟수만큼 반복합니다.,https://melo2026.s3.ap-northeast-2.amazonaws.com/workout-images/s5PdDyY.webp,weight,5.0,팔,상완,덤벨,,덤벨
s7HX1BY,바벨 와이드 스쿼트,https://static.exercisedb.dev/media/s7HX1BY.gif,대퇴사두근,둔근 | 햄스트링 | 종아리,Step:1 발을 어깨 너비보다 넓게 벌리고 발끝을 약간 바깥쪽으로 향하게 섭니다. | Step:2 바벨을 상부 등 뒤에 대고 승모근이나 후면 삼각근에 걸칩니다. | Step:3 코어에 힘을 주고 가슴을 편 상태로 엉덩이를 뒤로 밀고 무릎을 구부리면서 몸을 스쿼트 자세로 낮춥니다. | Step:4 허벅지가 바닥과 평행이 될 때까지 또는 편안하게 내려갈 수 있는 만큼 낮춥니다. | Step:5 맨 아래에서 잠시 멈춘 다음 뒤꿈치로 밀어 시작 자세로 돌아옵니다. | Step:6 원하는 횟수만큼 반복합니다.,https://melo2026.s3.ap-northeast-2.amazonaws.com/workout-images/s7HX1BY.webp,weight,5.0,하체,허벅지,바벨,,바벨
S8mo30S,바벨 스탠딩 프론트 레이즈 오버 헤드,https://static.exercisedb.dev/media/S8mo30S.gif,삼각근,삼두근 | 상부 등,Step:1 발을 어깨 너비로 벌리고 허벅지 앞에 바벨을 오버핸드 그립으로 잡고 섭니다. | Step:2 등을 곧게 펴고 코어에 힘을 줍니다. | Step:3 팔을 곧게 펴고 손바닥이 아래를 향하도록 하면서 바벨을 앞으로 천천히 들어 올립니다. | Step:4 바벨이 어깨 높이보다 약간 위로 올라갈 때까지 계속 들어 올립니다. | Step:5 맨 위에서 잠시 멈춘 다음 바벨을 천천히 시작 자세로 내립니다. | Step:6 원하는 횟수만큼 반복합니다.,https://melo2026.s3.ap-northeast-2.amazonaws.com/workout-images/S8mo30S.webp,weight,5.0,어깨,,바벨,,바벨
s8nrDXF,웨이티드 크런치,https://static.exercisedb.dev/media/s8nrDXF.gif,복근,obliques,"Step:1 등을 대고 바닥에 눕고 무릎을 구부리고 발을 바닥에 평평하게 둡니다. | Step:2 가슴에 웨이트 플레이트나 덤벨을 듭니다. | Step:3 복근을 사용하여 상체를 바닥에서 들어 올리고 어깨뼈가 바닥에서 떨어질 때까지 앞으로 말아 올립니다. | Step:4 맨 위에서 잠시 멈춘 다음, 천천히 상체를 시작 자세로 되돌립니다. | Step:5 원하는 횟수만큼 반복합니다.",https://melo2026.s3.ap-northeast-2.amazonaws.com/workout-images/s8nrDXF.webp,weight,5.0,코어,허리 | 복부,기타,중량,중량
S93zLTG,레지스탕스 밴드 시티드 숄더 프레스,https://static.exercisedb.dev/media/S93zLTG.gif,삼각근,삼두근 | 상부 등,"Step:1 의자나 벤치에 앉아 등을 곧게 펴고 발을 바닥에 평평하게 둡니다. | Step:2 양손으로 레지스탕스 밴드를 잡고 손바닥을 앞으로 향하게 한 다음 어깨 높이까지 올립니다. | Step:3 밴드를 머리 위로 밀어 팔을 완전히 뻗습니다. | Step:4 맨 위에서 잠시 멈춘 다음, 천천히 밴드를 어깨 높이로 되돌립니다. | Step:5 원하는 횟수만큼 반복합니다.",https://melo2026.s3.ap-northeast-2.amazonaws.com/workout-images/S93zLTG.webp,weight,5.0,어깨,,밴드,,저항 밴드
s999Hdo,덤벨 원 암 시티드 바이셉스 컬 온 엑서사이즈 볼,https://static.exercisedb.dev/media/s999Hdo.gif,이두근,전완근,"Step:1 발을 바닥에 평평하게 딛고 등을 곧게 편 채로 엑서사이즈 볼에 앉습니다. | Step:2 한 손에 덤벨을 잡고 손바닥을 위로 향하게 하며 팔을 완전히 뻗습니다. | Step:3 윗팔을 고정한 상태에서 이두근을 수축하여 덤벨을 어깨 쪽으로 컬합니다. | Step:4 맨 위에서 잠시 멈춘 다음, 천천히 덤벨을 시작 자세로 되돌립니다. | Step:5 원하는 횟수만큼 반복한 다음 팔을 바꿉니다.",https://melo2026.s3.ap-northeast-2.amazonaws.com/workout-images/s999Hdo.webp,weight,5.0,팔,상완,덤벨,,덤벨
S9zHIvU,바벨 리어 델트 로우,https://static.exercisedb.dev/media/S9zHIvU.gif,삼각근,trapezius | rhomboids | 이두근,"Step:1 발을 어깨너비로 벌리고 무릎을 살짝 구부리고 섭니다. | Step:2 손을 어깨너비보다 약간 넓게 오버핸드 그립으로 바벨을 잡습니다. | Step:3 등을 곧게 펴고 가슴을 들어 올린 상태에서 엉덩이에서 앞으로 구부립니다. | Step:4 바벨을 가슴 쪽으로 당기면서 어깨뼈를 함께 조입니다. | Step:5 맨 위에서 잠시 멈춘 다음, 천천히 바벨을 시작 자세로 되돌립니다. | Step:6 원하는 횟수만큼 반복합니다.",https://melo2026.s3.ap-northeast-2.amazonaws.com/workout-images/S9zHIvU.webp,weight,5.0,어깨,,바벨,,바벨
Sa8mzWc,행잉 파이크 위크,,복근,고관절 굴곡근 | 어깨,"Step:1 팔을 완전히 뻗고 손바닥을 몸에서 멀리 향하게 하여 풀업 바에 매달립니다. | Step:2 코어에 힘을 주고 다리를 곧게 편 채로 바 쪽으로 들어 올립니다. | Step:3 다리가 지면과 평행이 되도록 몸이 'V'자 모양을 이룰 때까지 계속 들어 올립니다. 약한 제어를 강조합니다. | Step:4 자세를 잠시 유지한 다음, 천천히 다리를 시작 자세로 되돌립니다. | Step:5 원하는 횟수만큼 반복합니다.",,weight,3.5,코어,허리 | 복부,맨몸,,맨몸
SaDOwk7,백워드 점프,https://static.exercisedb.dev/media/SaDOwk7.gif,대퇴사두근,햄스트링 | 둔근 | 종아리,Step:1 발을 어깨너비로 벌리고 섭니다. | Step:2 무릎을 살짝 구부리고 양발로 밀면서 뒤로 점프합니다. | Step:3 발 앞꿈치로 부드럽게 착지하고 무릎을 구부려 충격을 흡수합니다. | Step:4 원하는 횟수만큼 반복합니다.,https://melo2026.s3.ap-northeast-2.amazonaws.com/workout-images/SaDOwk7.webp,weight,3.5,하체,허벅지,맨몸,,맨몸
Ser9eQp,레버 트라이셉스 익스텐션,https://static.exercisedb.dev/media/Ser9eQp.gif,삼두근,어깨,"Step:1 좌석 높이를 조절하고 패드에 등을 대고 기계에 앉습니다. | Step:2 손잡이를 오버핸드 그립으로 잡고 팔을 앞으로 완전히 뻗습니다. | Step:3 윗팔을 고정한 상태에서 팔꿈치를 구부려 손잡이를 이마 쪽으로 천천히 내립니다. | Step:4 맨 아래에서 잠시 멈춘 다음, 팔을 뻗어 손잡이를 시작 자세로 다시 밀어 올립니다. | Step:5 원하는 횟수만큼 반복합니다.",https://melo2026.s3.ap-northeast-2.amazonaws.com/workout-images/Ser9eQp.webp,weight,5.0,팔,상완,머신,레버리지 머신,레버리지 머신
SGY8Zui,바벨 클린 앤 프레스,https://static.exercisedb.dev/media/SGY8Zui.gif,대퇴사두근,햄스트링 | 둔근 | 어깨 | 삼두근,Step:1 발을 어깨너비로 벌리고 서서 바벨을 앞에 둡니다. | Step:2 무릎을 구부리고 엉덩이에서 힌지하여 오버핸드 그립으로 바벨을 잡습니다. 손은 어깨너비보다 약간 넓게 잡습니다. | Step:3 발뒤꿈치로 밀어 엉덩이와 무릎을 펴면서 바벨을 몸에 가깝게 유지하며 바닥에서 들어 올립니다. | Step:4 바벨이 허벅지에 닿으면 엉덩이를 폭발적으로 펴고 어깨를 으쓱하며 바벨을 가슴 쪽으로 당깁니다. | Step:5 바벨이 가슴 높이에 닿으면 빠르게 아래로 내려가 어깨 높이에서 잡습니다. 이때 팔꿈치는 앞으로 향하고 손바닥은 위를 향합니다. | Step:6 잡은 자세에서 팔을 펴면서 바벨을 머리 위로 밀어 올립니다. | Step:7 바벨을 시작 자세로 되돌리고 원하는 횟수만큼 반복합니다.,https://melo2026.s3.ap-northeast-2.amazonaws.com/workout-images/SGY8Zui.webp,weight,5.0,하체,허벅지,바벨,,바벨
SHUMp5H,덤벨 디클라인 원 암 해머 프레스,https://static.exercisedb.dev/media/SHUMp5H.gif,삼두근,가슴 | 어깨,Step:1 덤벨을 한 손에 들고 디클라인 벤치에 누워 가슴 위에 둡니다. | Step:2 팔꿈치를 살짝 구부린 상태로 팔을 위로 곧게 뻗습니다. | Step:3 팔꿈치를 몸에 가깝게 유지하면서 덤벨을 어깨 쪽으로 내립니다. | Step:4 덤벨을 시작 자세로 다시 밀어 올립니다. | Step:5 원하는 횟수만큼 반복한 다음 팔을 바꿉니다.,https://melo2026.s3.ap-northeast-2.amazonaws.com/workout-images/SHUMp5H.webp,weight,5.0,팔,상완,덤벨,,덤벨
SiWCcTN,파워 클린,https://static.exercisedb.dev/media/SiWCcTN.gif,햄스트링,둔근 | quadriceps | 종아리,Step:1 발을 어깨너비로 벌리고 바벨을 앞에 두고 시작합니다. | Step:2 몸을 숙여 오버핸드 그립으로 바벨을 잡습니다. 손은 어깨너비보다 약간 넓게 잡습니다. | Step:3 등을 곧게 펴고 가슴을 들어 올린 상태에서 엉덩이와 무릎을 펴면서 바벨을 바닥에서 들어 올립니다. | Step:4 바벨이 허벅지 중간에 닿으면 어깨를 으쓱하며 팔꿈치를 높고 옆으로 당기면서 바벨을 위로 폭발적으로 당깁니다. | Step:5 바벨이 가장 높은 지점에 닿으면 빠르게 아래로 내려가 팔꿈치를 돌리면서 프론트 스쿼트 자세로 어깨에서 바벨을 잡습니다. | Step:6 바벨을 들고 엉덩이와 무릎을 완전히 폅니다. | Step:7 바벨을 시작 자세로 되돌리고 동작 내내 무게를 제어합니다. | Step:8 원하는 횟수만큼 반복합니다.,https://melo2026.s3.ap-northeast-2.amazonaws.com/workout-images/SiWCcTN.webp,weight,5.0,하체,허벅지,바벨,,바벨
SJAA2IQ,바벨 팜스 업 리스트 컬 오버 어 벤치,https://static.exercisedb.dev/media/SJAA2IQ.gif,전완근,이두근 | 어깨,"Step:1 발을 바닥에 평평하게 딛고 벤치에 앉아 언더핸드 그립으로 바벨을 잡습니다. 손바닥은 위를 향합니다. | Step:2 팔뚝을 벤치에 올려놓고 손목이 가장자리에 걸리도록 합니다. | Step:3 팔뚝을 고정한 상태에서 숨을 내쉬며 손목을 가능한 한 위로 컬합니다. | Step:4 수축된 자세를 잠시 유지한 다음, 숨을 들이쉬면서 바벨을 천천히 시작 자세로 되돌립니다. | Step:5 원하는 횟수만큼 반복합니다.",https://melo2026.s3.ap-northeast-2.amazonaws.com/workout-images/SJAA2IQ.webp,weight,5.0,팔,전완,바벨,,바벨
sJElUUI,덤벨 인클라인 원 암 프레스 온 엑서사이즈 볼 모디파이드,,대흉근,어깨 | 삼두근,"Step:1 엑서사이즈 볼에 앉아 한 손에 덤벨을 들고 발을 바닥에 평평하게 둡니다. | Step:2 발을 천천히 앞으로 옮겨 공을 굴려 머리, 목, 등 윗부분이 공에 지지되도록 합니다. | Step:3 손바닥을 앞으로 향하게 하여 덤벨을 어깨 높이로 듭니다. | Step:4 팔이 완전히 펴질 때까지 덤벨을 위로 밀어 올립니다. | Step:5 맨 위에서 잠시 멈춘 다음, 천천히 덤벨을 시작 자세로 되돌립니다. 수정된 제어를 강조합니다. | Step:6 원하는 횟수만큼 반복한 다음 다른 팔로 바꿉니다.",,weight,5.0,가슴,,덤벨,,덤벨
sJFIDIp,바이셉스 레그 컨센트레이션 컬,https://static.exercisedb.dev/media/sJFIDIp.gif,이두근,전완근,"Step:1 다리를 벌리고 발을 바닥에 평평하게 딛고 벤치에 앉습니다. | Step:2 한 손에 덤벨을 들고 팔꿈치를 무릎 바로 위 허벅지 안쪽에 댑니다. | Step:3 손바닥을 위로 향하게 하고 윗팔을 고정한 상태에서 덤벨을 어깨 쪽으로 컬합니다. | Step:4 동작의 맨 위에서 이두근을 쥐어짠 다음, 천천히 덤벨을 시작 자세로 되돌립니다. | Step:5 원하는 횟수만큼 반복한 다음 팔을 바꿉니다.",https://melo2026.s3.ap-northeast-2.amazonaws.com/workout-images/sJFIDIp.webp,weight,3.5,팔,상완,맨몸,,맨몸
SJqRxOt,케이블 로프 시티드 로우,https://static.exercisedb.dev/media/SJqRxOt.gif,상부 등,이두근 | 전완근,"Step:1 발을 발 받침대에 평평하게 딛고 무릎을 살짝 구부린 채 로잉 머신에 앉습니다. | Step:2 케이블 로프를 오버핸드 그립으로 잡고 손바닥이 서로 마주보게 합니다. | Step:3 등을 곧게 펴고 팔꿈치를 살짝 구부린 상태를 유지하며 약간 앞으로 기울입니다. | Step:4 케이블 로프를 몸 쪽으로 당기면서 어깨뼈를 함께 조입니다. | Step:5 동작의 정점에서 잠시 멈춘 다음, 천천히 긴장을 풀고 시작 자세로 돌아갑니다. | Step:6 원하는 횟수만큼 반복합니다.",https://melo2026.s3.ap-northeast-2.amazonaws.com/workout-images/SJqRxOt.webp,weight,5.0,등,,케이블 머신,,케이블
SKXQAx3,롤러 리버스 크런치,https://static.exercisedb.dev/media/SKXQAx3.gif,복근,고관절 굴곡근,"Step:1 등을 대고 바닥에 눕고 팔을 머리 위로 곧게 뻗고 다리를 앞으로 곧게 폅니다. | Step:2 발 사이에 롤러를 놓고 발가락으로 잡습니다. | Step:3 복근을 사용하여 다리를 바닥에서 들어 올리고 무릎을 가슴 쪽으로 컬하면서 롤러를 몸 쪽으로 굴립니다. | Step:4 맨 위에서 잠시 멈춘 다음, 천천히 다리를 시작 자세로 되돌리면서 롤러를 몸에서 멀리 굴립니다. | Step:5 원하는 횟수만큼 반복합니다.",https://melo2026.s3.ap-northeast-2.amazonaws.com/workout-images/SKXQAx3.webp,weight,3.5,코어,허리 | 복부,폼롤러,,롤러
slDvUAU,덤벨 해머 컬,https://static.exercisedb.dev/media/slDvUAU.gif,이두근,전완근,Step:1 덤벨을 각각 한 손에 들고 손바닥이 몸통을 향하도록 하여 똑바로 섭니다. | Step:2 팔꿈치를 몸통 가까이에 두고 손바닥이 앞을 향하도록 돌립니다. | Step:3 이것이 시작 자세입니다. | Step:4 이제 윗팔을 고정한 상태에서 숨을 내쉬며 이두근을 수축하면서 무게를 들어 올립니다. | Step:5 이두근이 완전히 수축되고 덤벨이 어깨 높이에 올 때까지 무게를 계속 들어 올립니다. | Step:6 이두근을 쥐어짜면서 수축된 자세를 잠시 유지합니다. | Step:7 그런 다음 숨을 들이쉬면서 천천히 덤벨을 시작 자세로 되돌립니다. | Step:8 권장 횟수만큼 반복합니다.,https://melo2026.s3.ap-northeast-2.amazonaws.com/workout-images/slDvUAU.webp,weight,5.0,팔,상완,덤벨,,덤벨
SLKj2pX,코쿤,https://static.exercisedb.dev/media/SLKj2pX.gif,복근,고관절 굴곡근 | lower back,Step:1 무릎을 구부리고 발바닥을 바닥에 대고 똑바로 눕습니다. | Step:2 손을 머리 뒤에 대고 팔꿈치를 바깥쪽으로 향하게 합니다. | Step:3 복근을 사용하여 상체를 천천히 들어 올리고 몸통이 45도 각도가 될 때까지 앞으로 구부립니다. | Step:4 맨 위에서 잠시 멈춘 다음 상체를 천천히 시작 자세로 되돌립니다. | Step:5 원하는 횟수만큼 반복합니다.,https://melo2026.s3.ap-northeast-2.amazonaws.com/workout-images/SLKj2pX.webp,weight,3.5,코어,허리 | 복부,맨몸,,맨몸
sM84pE4,운동 볼 랫 스트레치,https://static.exercisedb.dev/media/sM84pE4.gif,광배근,어깨 | 삼두근,Step:1 발바닥을 바닥에 대고 등을 곧게 편 상태로 안정성 볼에 앉습니다. | Step:2 한 손에 덤벨을 들고 팔을 머리 위로 곧게 뻗습니다. | Step:3 반대쪽으로 천천히 기울여 광배근의 스트레칭을 느낍니다. | Step:4 20-30초 동안 스트레칭을 유지한 다음 시작 자세로 돌아갑니다. | Step:5 반대쪽도 반복합니다.,https://melo2026.s3.ap-northeast-2.amazonaws.com/workout-images/sM84pE4.webp,weight,2.5,등,,기타,짐볼,짐볼
Sn8wxAI,"크런치 (안정성 볼 위, 팔 곧게)",https://static.exercisedb.dev/media/Sn8wxAI.gif,복근,고관절 굴곡근,Step:1 발바닥을 바닥에 대고 무릎을 90도 각도로 구부린 상태로 안정성 볼에 앉습니다. | Step:2 허리가 지지되고 상체가 바닥과 평행이 될 때까지 볼 위로 뒤로 눕습니다. | Step:3 손을 머리 뒤에 대거나 가슴 위에 교차합니다. | Step:4 복근을 사용하여 상체를 볼에서 들어 올리고 어깨를 엉덩이 쪽으로 구부립니다. | Step:5 맨 위에서 잠시 멈춘 다음 상체를 천천히 시작 자세로 되돌립니다. | Step:6 원하는 횟수만큼 반복합니다.,https://melo2026.s3.ap-northeast-2.amazonaws.com/workout-images/Sn8wxAI.webp,weight,3.5,코어,허리 | 복부,기타,짐볼,짐볼
SNFfUff,바벨 라잉 리프팅 (엉덩이),https://static.exercisedb.dev/media/SNFfUff.gif,둔근,햄스트링 | quadriceps,Step:1 발바닥을 바닥에 대고 무릎을 구부린 상태로 벤치에 똑바로 눕습니다. | Step:2 오버핸드 그립으로 바벨을 잡고 엉덩이에 위치시킵니다. | Step:3 둔근을 사용하여 엉덩이를 벤치에서 들어 올려 무릎부터 어깨까지 몸이 직선을 이루도록 합니다. | Step:4 맨 위에서 잠시 멈춘 다음 엉덩이를 천천히 시작 자세로 되돌립니다. | Step:5 원하는 횟수만큼 반복합니다.,https://melo2026.s3.ap-northeast-2.amazonaws.com/workout-images/SNFfUff.webp,weight,5.0,하체,허벅지,바벨,,바벨
Snj1wSv,플라이오 푸시업,https://static.exercisedb.dev/media/Snj1wSv.gif,대흉근,삼두근 | 어깨 | 코어,Step:1 손을 어깨너비보다 약간 넓게 벌린 하이 플랭크 자세로 시작합니다. | Step:2 팔꿈치를 구부려 몸을 직선으로 유지하면서 가슴을 바닥 쪽으로 내립니다. | Step:3 가슴 근육을 사용하여 폭발적으로 바닥에서 밀어 올려 상체를 들어 올립니다. | Step:4 시작 자세로 손을 되돌리면서 부드럽게 착지합니다. | Step:5 원하는 횟수만큼 반복합니다.,https://melo2026.s3.ap-northeast-2.amazonaws.com/workout-images/Snj1wSv.webp,weight,3.5,가슴,,맨몸,,맨몸
soIB2rj,다이아몬드 푸시업,https://static.exercisedb.dev/media/soIB2rj.gif,삼두근,가슴 | 어깨,Step:1 손을 가깝게 모아 엄지와 검지로 다이아몬드 모양을 만드는 하이 플랭크 자세로 시작합니다. | Step:2 코어와 둔근을 사용하여 머리부터 발끝까지 몸을 직선으로 유지합니다. | Step:3 팔꿈치를 몸에 가깝게 유지하면서 가슴을 손으로 만든 다이아몬드 모양 쪽으로 내립니다. | Step:4 맨 아래에서 잠시 멈춘 다음 시작 자세로 다시 밀어 올립니다. | Step:5 원하는 횟수만큼 반복합니다.,https://melo2026.s3.ap-northeast-2.amazonaws.com/workout-images/soIB2rj.webp,weight,3.5,팔,상완,맨몸,,맨몸
SP3hUez,스위머 킥 v. 2 (남성),https://static.exercisedb.dev/media/SP3hUez.gif,둔근,햄스트링 | quadriceps | 종아리,Step:1 팔을 머리 위로 뻗은 상태로 매트 위에 엎드립니다. | Step:2 코어를 사용하여 가슴과 다리를 동시에 바닥에서 들어 올립니다. | Step:3 수영하는 것처럼 다리를 위아래로 빠르게 움직입니다. | Step:4 원하는 횟수만큼 계속해서 킥합니다. | Step:5 가슴과 다리를 시작 자세로 되돌립니다.,https://melo2026.s3.ap-northeast-2.amazonaws.com/workout-images/SP3hUez.webp,weight,3.5,하체,허벅지,맨몸,,맨몸
SpsOSXk,케이블 리어 풀다운,https://static.exercisedb.dev/media/SpsOSXk.gif,광배근,이두근 | rhomboids | rear deltoids,Step:1 케이블 머신의 풀리가 가장 높은 위치에 오도록 조정합니다. | Step:2 발바닥을 바닥에 대고 무릎을 약간 구부린 상태로 머신을 마주보고 앉습니다. | Step:3 손을 어깨너비보다 약간 넓게 벌려 케이블 부착물을 잡습니다. | Step:4 등을 곧게 펴고 가슴을 들어 올린 상태에서 약간 뒤로 기울입니다. | Step:5 케이블 부착물을 가슴 쪽으로 당기면서 견갑골을 함께 조입니다. | Step:6 동작의 맨 아래에서 잠시 멈춘 다음 케이블을 천천히 시작 자세로 되돌립니다. | Step:7 원하는 횟수만큼 반복합니다.,https://melo2026.s3.ap-northeast-2.amazonaws.com/workout-images/SpsOSXk.webp,weight,5.0,등,,케이블 머신,,케이블
SpYC0Kp,덤벨 벤치 프레스,https://static.exercisedb.dev/media/SpYC0Kp.gif,대흉근,삼두근 | 어깨,Step:1 발바닥을 바닥에 대고 등을 벤치에 대고 벤치에 똑바로 눕습니다. | Step:2 덤벨을 각각 한 손에 들고 손바닥이 앞을 향하도록 하며 팔을 가슴 위로 뻗습니다. | Step:3 팔꿈치를 90도 각도로 유지하면서 덤벨을 가슴 옆으로 천천히 내립니다. | Step:4 잠시 멈춘 다음 팔을 완전히 뻗어 덤벨을 시작 자세로 다시 밀어 올립니다. | Step:5 원하는 횟수만큼 반복합니다.,https://melo2026.s3.ap-northeast-2.amazonaws.com/workout-images/SpYC0Kp.webp,weight,5.0,가슴,,덤벨,,덤벨
SSsBDwB,덤벨 리버스 런지,https://static.exercisedb.dev/media/SSsBDwB.gif,둔근,quadriceps | 햄스트링 | 종아리,Step:1 발을 어깨너비로 벌리고 각 손에 덤벨을 든 상태로 섭니다. | Step:2 오른쪽 발을 뒤로 내딛으며 런지 자세로 몸을 낮춥니다. | Step:3 왼쪽 무릎을 구부리고 왼쪽 허벅지가 바닥과 평행이 될 때까지 몸을 낮춥니다. | Step:4 잠시 멈춘 다음 왼쪽 발뒤꿈치를 밀어 시작 자세로 돌아갑니다. | Step:5 왼쪽 발을 뒤로 내딛으며 반대쪽도 반복합니다.,https://melo2026.s3.ap-northeast-2.amazonaws.com/workout-images/SSsBDwB.webp,weight,5.0,하체,허벅지,덤벨,,덤벨
sTfvVsG,밴드 리버스 플라이,https://static.exercisedb.dev/media/sTfvVsG.gif,삼각근,상부 등 | trapezius,Step:1 밴드를 가슴 높이의 고정된 물체에 부착합니다. | Step:2 발을 어깨너비로 벌리고 양손으로 밴드를 앞에 잡고 섭니다. | Step:3 팔을 곧게 펴고 바닥과 평행이 될 때까지 옆으로 들어 올립니다. | Step:4 동작의 맨 위에서 견갑골을 함께 조입니다. | Step:5 팔을 천천히 시작 자세로 되돌립니다. | Step:6 원하는 횟수만큼 반복합니다.,https://melo2026.s3.ap-northeast-2.amazonaws.com/workout-images/sTfvVsG.webp,weight,3.5,어깨,,밴드,,밴드
sTg7iys,밴드 프론트 레터럴 레이즈,https://static.exercisedb.dev/media/sTg7iys.gif,삼각근,승모근 | 상부 등,Step:1 발을 어깨너비로 벌리고 손바닥이 아래를 향하도록 허벅지 앞에 밴드를 잡고 섭니다. | Step:2 팔을 곧게 펴고 팔이 바닥과 평행이 될 때까지 앞에서 밴드를 들어 올립니다. | Step:3 맨 위에서 잠시 멈춘 다음 밴드를 천천히 시작 자세로 되돌립니다. | Step:4 원하는 횟수만큼 반복합니다.,https://melo2026.s3.ap-northeast-2.amazonaws.com/workout-images/sTg7iys.webp,weight,5.0,어깨,,밴드,,밴드
sU5BrfP,레그 업 햄스트링 스트레치,https://static.exercisedb.dev/media/sU5BrfP.gif,햄스트링,둔근,Step:1 다리를 뻗은 상태로 똑바로 눕습니다. | Step:2 한쪽 무릎을 구부려 허벅지나 정강이를 잡고 가슴 쪽으로 당깁니다. | Step:3 다리를 들어 올린 상태를 유지하면서 가능한 한 곧게 폅니다. | Step:4 20-30초 동안 스트레칭을 유지합니다. | Step:5 반대쪽 다리로 반복합니다.,https://melo2026.s3.ap-northeast-2.amazonaws.com/workout-images/sU5BrfP.webp,weight,2.5,하체,허벅지,맨몸,,맨몸
sVQCCeG,마치 싯 (벽),https://static.exercisedb.dev/media/sVQCCeG.gif,둔근,quadriceps | 햄스트링 | 종아리,Step:1 등을 벽에 대고 발을 골반 너비로 벌리고 섭니다. | Step:2 무릎이 90도 각도로 구부러질 때까지 등을 벽을 따라 천천히 미끄러뜨립니다. | Step:3 오른쪽 발을 바닥에서 들어 올려 무릎을 가슴 쪽으로 당깁니다. | Step:4 오른쪽 발을 다시 내리고 왼쪽 발을 들어 올려 무릎을 가슴 쪽으로 당깁니다. | Step:5 원하는 횟수만큼 오른쪽과 왼쪽 발을 번갈아 들어 올립니다.,https://melo2026.s3.ap-northeast-2.amazonaws.com/workout-images/sVQCCeG.webp,weight,3.5,하체,허벅지,맨몸,,맨몸
sVvXT5J,엑서사이즈 볼 파이크 푸시업,https://static.exercisedb.dev/media/sVvXT5J.gif,대흉근,어깨 | 삼두근 | 코어,Step:1 손을 바닥에 대고 정강이를 안정성 볼 위에 올려놓은 푸시업 자세로 시작합니다. | Step:2 코어에 힘을 주고 엉덩이를 천장 쪽으로 들어 올리면서 볼을 손 쪽으로 굴립니다. | Step:3 다리를 곧게 펴고 몸을 파이크 자세로 만들어 역V자 모양을 만듭니다. | Step:4 팔꿈치를 구부리고 머리가 손과 같은 선상에 있도록 하면서 상체를 바닥 쪽으로 내립니다. | Step:5 손으로 밀어 팔을 펴서 시작 자세로 돌아옵니다. | Step:6 원하는 횟수만큼 반복합니다.,https://melo2026.s3.ap-northeast-2.amazonaws.com/workout-images/sVvXT5J.webp,weight,3.5,가슴,,기타,짐볼,짐볼
SxHteRW,덤벨 스탠딩 얼터네이트 레이즈,https://static.exercisedb.dev/media/SxHteRW.gif,삼각근,승모근 | 전완근,"Step:1 발을 어깨너비로 벌리고 서서 각 손에 덤벨을 잡고 손바닥이 몸을 향하도록 합니다. | Step:2 등을 곧게 펴고 코어에 힘을 줍니다. | Step:3 팔을 곧게 펴고 손바닥이 아래를 향하도록 하면서 한쪽 덤벨을 옆으로 들어 올립니다. | Step:4 팔이 바닥과 평행이 될 때까지 계속 들어 올립니다. | Step:5 맨 위에서 잠시 멈춘 후, 천천히 덤벨을 시작 자세로 내립니다. | Step:6 다른 팔로 반복합니다. | Step:7 원하는 횟수만큼 팔을 번갈아 가며 반복합니다.",https://melo2026.s3.ap-northeast-2.amazonaws.com/workout-images/SxHteRW.webp,weight,5.0,어깨,,덤벨,,덤벨
sxY5Biu,덤벨 원 암 조트만 프리처 컬,https://static.exercisedb.dev/media/sxY5Biu.gif,이두근,전완근,Step:1 프리처 컬 벤치에 앉아 한 손으로 덤벨을 언더핸드 그립으로 잡습니다. | Step:2 팔꿈치를 완전히 펴서 팔 윗부분을 프리처 벤치 패드에 댑니다. | Step:3 팔 윗부분을 고정한 상태에서 덤벨을 어깨 쪽으로 컬링합니다. | Step:4 컬의 맨 위에서 손목을 돌려 손바닥이 위를 향하도록 합니다. | Step:5 손목을 시작 자세로 돌리면서 천천히 덤벨을 시작 자세로 내립니다. | Step:6 원하는 횟수만큼 반복한 후 팔을 바꿉니다.,https://melo2026.s3.ap-northeast-2.amazonaws.com/workout-images/sxY5Biu.webp,weight,5.0,팔,상완,덤벨,,덤벨
sYCcnon,케이블 스탠딩 원 암 트라이셉스 익스텐션,https://static.exercisedb.dev/media/sYCcnon.gif,삼두근,어깨,"Step:1 발을 어깨너비로 벌리고 케이블 머신을 향해 섭니다. | Step:2 오른손으로 케이블 핸들을 잡고 손바닥이 아래를 향하도록 하며, 팔을 완전히 펴서 바닥과 평행이 되도록 합니다. | Step:3 팔꿈치를 고정하고 몸에 가깝게 유지합니다. | Step:4 팔꿈치를 천천히 구부려 케이블 핸들을 머리 뒤쪽으로 내립니다. | Step:5 동작의 맨 아래에서 잠시 멈춘 후, 팔을 펴서 시작 자세로 돌아옵니다. | Step:6 원하는 횟수만큼 반복한 후 반대쪽으로 바꿔 왼팔로 운동을 수행합니다.",https://melo2026.s3.ap-northeast-2.amazonaws.com/workout-images/sYCcnon.webp,weight,5.0,팔,상완,케이블 머신,,케이블
SYJ4Bkt,바벨 라잉 프리처 컬,https://static.exercisedb.dev/media/SYJ4Bkt.gif,이두근,전완근,Step:1 가슴을 패드에 대고 프리처 벤치에 앉아 팔을 가장자리 위로 뻗고 언더핸드 그립으로 바벨을 잡습니다. | Step:2 팔 윗부분을 고정한 상태에서 숨을 내쉬며 이두근을 수축하면서 바벨을 컬링합니다. | Step:3 이두근이 완전히 수축되고 바벨이 어깨 높이에 올 때까지 계속 들어 올립니다. | Step:4 이두근을 쥐어짜면서 수축된 자세를 잠시 유지합니다. | Step:5 숨을 들이쉬면서 천천히 바벨을 시작 자세로 내리기 시작합니다. | Step:6 원하는 횟수만큼 반복합니다.,https://melo2026.s3.ap-northeast-2.amazonaws.com/workout-images/SYJ4Bkt.webp,weight,5.0,팔,상완,바벨,,바벨
syUwUKY,로테이티드 덤벨 프로네이트 그립 트라이셉스 익스텐션,,삼두근,전완근,"Step:1 벤치나 의자에 앉아 등을 곧게 펴고 발을 바닥에 평평하게 댑니다. | Step:2 양손으로 덤벨을 잡고 손바닥이 아래를 향하도록 하며, 팔을 머리 위로 곧게 뻗습니다. | Step:3 팔 윗부분을 머리에 가깝게 유지하고 팔꿈치를 앞으로 향하게 하면서, 팔꿈치를 구부려 덤벨을 머리 뒤로 천천히 내립니다. | Step:4 잠시 멈춘 후, 팔을 펴서 시작 자세로 돌아옵니다. | Step:5 원하는 횟수만큼 반복합니다. 로테이티드 동작에 집중합니다.",,weight,5.0,팔,상완,덤벨,,덤벨
szIn2UK,네거티브 크런치,https://static.exercisedb.dev/media/szIn2UK.gif,복근,고관절 굴곡근,"Step:1 무릎을 구부리고 발을 바닥에 평평하게 댄 상태로 등을 대고 눕습니다. | Step:2 팔꿈치를 바깥쪽으로 향하게 하여 손을 머리 뒤에 댑니다. | Step:3 복근에 힘을 주면서 상체를 천천히 바닥에서 들어 올리고, 몸통이 45도 각도가 될 때까지 앞으로 컬링합니다. | Step:4 맨 위에서 잠시 멈춘 후, 상체를 천천히 시작 자세로 내립니다. | Step:5 원하는 횟수만큼 반복합니다.",https://melo2026.s3.ap-northeast-2.amazonaws.com/workout-images/szIn2UK.webp,weight,3.5,코어,허리 | 복부,맨몸,,맨몸
sZOR9EV,레버 니링 트위스트,https://static.exercisedb.dev/media/sZOR9EV.gif,복근,obliques | lower back,"Step:1 좌석 높이를 조절하고 무릎을 패드에 대고 상체가 앞을 향하도록 하여 기구에 앉습니다. | Step:2 안정성을 위해 손잡이나 기구 측면을 잡습니다. | Step:3 코어에 힘을 주고 몸통을 편안하게 가능한 한쪽으로 비틉니다. | Step:4 잠시 멈춘 후, 천천히 시작 자세로 돌아옵니다. | Step:5 반대쪽으로 비트는 것을 반복합니다. | Step:6 원하는 횟수만큼 번갈아 가며 계속 반복합니다.",https://melo2026.s3.ap-northeast-2.amazonaws.com/workout-images/sZOR9EV.webp,weight,5.0,코어,허리 | 복부,머신,레버리지 머신,레버리지 머신
SzX3uzM,바벨 리버스 그립 벤트 오버 로우,https://static.exercisedb.dev/media/SzX3uzM.gif,상부 등,이두근 | 전완근,"Step:1 발을 어깨너비로 벌리고 무릎을 살짝 구부리고 섭니다. | Step:2 손바닥이 아래를 향하도록 하고 손을 어깨너비보다 약간 넓게 벌려 오버핸드 그립으로 바벨을 잡습니다. | Step:3 등을 곧게 펴고 가슴을 들어 올린 상태에서 엉덩이에서 앞으로 구부려 몸통이 바닥과 거의 평행이 될 때까지 내려갑니다. | Step:4 바벨을 아랫가슴 쪽으로 당기면서 어깨뼈를 함께 쥐어짭니다. | Step:5 맨 위에서 잠시 멈춘 후, 천천히 바벨을 시작 자세로 내립니다. | Step:6 원하는 횟수만큼 반복합니다.",https://melo2026.s3.ap-northeast-2.amazonaws.com/workout-images/SzX3uzM.webp,weight,5.0,등,,바벨,,바벨
T0yTjgW,레버 체스트 프레스,https://static.exercisedb.dev/media/T0yTjgW.gif,대흉근,삼두근 | 어깨,"Step:1 좌석 높이를 조절하고 등을 패드에 평평하게 대고 기구에 앉습니다. | Step:2 오버핸드 그립으로 손잡이를 잡고 팔꿈치를 90도 각도로 위치시킵니다. | Step:3 팔이 완전히 펴질 때까지 손잡이를 앞으로 밀면서 동작 중에 숨을 내쉽니다. | Step:4 동작 끝에서 잠시 멈춘 후, 숨을 들이쉬면서 천천히 시작 자세로 돌아옵니다. | Step:5 원하는 횟수만큼 반복합니다.",https://melo2026.s3.ap-northeast-2.amazonaws.com/workout-images/T0yTjgW.webp,weight,5.0,가슴,,머신,레버리지 머신,레버리지 머신
T2fA5Ir,보수 볼 스쿼트,https://static.exercisedb.dev/media/T2fA5Ir.gif,대퇴사두근,둔근 | 햄스트링 | 종아리,"Step:1 보수 볼을 평평한 면이 위로 향하도록 바닥에 놓습니다. | Step:2 발을 어깨너비로 벌리고 보수 볼 위에 섭니다. | Step:3 의자에 앉는 것처럼 무릎과 엉덩이를 구부려 몸을 아래로 내립니다. | Step:4 가슴을 들어 올리고 발뒤꿈치에 체중을 싣습니다. | Step:5 허벅지가 바닥과 평행이 될 때까지 몸을 내립니다. | Step:6 잠시 멈춘 후, 발뒤꿈치로 밀어 시작 자세로 돌아옵니다. | Step:7 원하는 횟수만큼 반복합니다.",https://melo2026.s3.ap-northeast-2.amazonaws.com/workout-images/T2fA5Ir.webp,weight,5.0,하체,허벅지,기타,보수볼,보수볼
T2mxWqc,친업,https://static.exercisedb.dev/media/T2mxWqc.gif,광배근,이두근 | 전완근,"Step:1 손바닥이 자신을 향하도록 하고 손을 어깨너비로 벌려 풀업 바에 매달립니다. | Step:2 코어에 힘을 주고 가슴을 리드하며 몸을 바 쪽으로 당깁니다. | Step:3 턱이 바 위로 올라올 때까지 계속 당깁니다. | Step:4 맨 위에서 잠시 멈춘 후, 천천히 몸을 시작 자세로 내립니다. | Step:5 원하는 횟수만큼 반복합니다.",https://melo2026.s3.ap-northeast-2.amazonaws.com/workout-images/T2mxWqc.webp,weight,3.5,등,,맨몸,,맨몸
t8iSghb,바벨 런지,https://static.exercisedb.dev/media/t8iSghb.gif,둔근,quadriceps | 햄스트링 | 종아리,"Step:1 발을 어깨너비로 벌리고 서서 바벨을 등 위쪽에 올려놓습니다. | Step:2 몸통을 똑바로 유지하면서 오른발로 앞으로 한 걸음 내딛습니다. | Step:3 허벅지가 바닥과 평행이 될 때까지 오른쪽 무릎을 구부려 몸을 내립니다. | Step:4 오른쪽 발뒤꿈치로 밀어 시작 자세로 돌아옵니다. | Step:5 왼쪽 다리로 반복하고, 원하는 횟수만큼 다리를 번갈아 가며 반복합니다.",https://melo2026.s3.ap-northeast-2.amazonaws.com/workout-images/t8iSghb.webp,weight,5.0,하체,허벅지,바벨,,바벨
T8UpLkb,믹스드 그립 친업,https://static.exercisedb.dev/media/T8UpLkb.gif,광배근,이두근 | 전완근,"Step:1 언더핸드 그립(손바닥이 자신을 향하도록)으로 풀업 바를 잡고 손을 어깨너비보다 약간 넓게 벌립니다. | Step:2 팔을 완전히 펴고 발이 바닥에서 떨어진 상태로 바에 매달립니다. | Step:3 등 근육에 힘을 주고 가슴을 리드하며 몸을 바 쪽으로 당깁니다. | Step:4 턱이 바 위로 올라올 때까지 계속 당깁니다. | Step:5 맨 위에서 잠시 멈춘 후, 통제하면서 천천히 몸을 시작 자세로 내립니다. | Step:6 원하는 횟수만큼 반복합니다.",https://melo2026.s3.ap-northeast-2.amazonaws.com/workout-images/T8UpLkb.webp,weight,3.5,등,,맨몸,,맨몸
TBNaSNs,이지 바벨 디클라인 클로즈 그립 페이스 프레스 - 미니 변형,,삼두근,가슴 | 어깨,"Step:1 머리가 발보다 낮은 상태로 디클라인 벤치에 눕습니다. | Step:2 클로즈 그립으로 이지 바벨을 잡고 손바닥이 서로 마주보도록 합니다. | Step:3 팔꿈치를 몸에 가깝게 유지하면서 팔을 가슴 위로 곧게 뻗습니다. | Step:4 팔꿈치를 구부려 이지 바벨을 이마 쪽으로 내립니다. | Step:5 잠시 멈춘 후, 바벨을 다시 시작 자세로 밀어 올립니다. 미니 컨트롤을 강조합니다. | Step:6 원하는 횟수만큼 반복합니다.",,weight,5.0,팔,상완,바벨,,EZ 바벨
tBWXbIT,케이블 인클라인 플라이,https://static.exercisedb.dev/media/tBWXbIT.gif,대흉근,deltoids | 삼두근,Step:1 케이블 머신을 낮은 위치로 조절하고 핸들을 부착합니다. | Step:2 경사진 벤치에 등을 패드에 대고 발을 바닥에 평평하게 댑니다. | Step:3 핸들을 오버핸드 그립으로 잡고 팔을 앞으로 쭉 뻗습니다. | Step:4 팔꿈치를 살짝 구부린 상태를 유지하면서 팔을 옆으로 통제된 동작으로 벌립니다. | Step:5 완전히 뻗은 자세에서 잠시 멈춘 후 천천히 시작 자세로 돌아옵니다. | Step:6 원하는 횟수만큼 반복합니다.,https://melo2026.s3.ap-northeast-2.amazonaws.com/workout-images/tBWXbIT.webp,weight,5.0,가슴,,케이블 머신,,케이블
tc5dYrf,밴드 스탠딩 리어 델트 로우,https://static.exercisedb.dev/media/tc5dYrf.gif,삼각근,trapezius | rhomboids | 이두근,Step:1 발을 어깨너비로 벌리고 서서 발밑에 밴드를 둡니다. | Step:2 손바닥이 서로 마주보게 핸들을 잡고 팔을 앞으로 쭉 뻗습니다. | Step:3 무릎을 살짝 구부리고 등을 곧게 편 상태에서 엉덩이를 뒤로 접습니다. | Step:4 밴드를 가슴 쪽으로 당기면서 견갑골을 함께 조입니다. | Step:5 위쪽에서 잠시 멈춘 후 천천히 긴장을 풀고 시작 자세로 돌아옵니다. | Step:6 원하는 횟수만큼 반복합니다.,https://melo2026.s3.ap-northeast-2.amazonaws.com/workout-images/tc5dYrf.webp,weight,5.0,어깨,,밴드,,밴드
TDYiji6,점프 스쿼트 v. 2,https://static.exercisedb.dev/media/TDYiji6.gif,둔근,quadriceps | 햄스트링 | 종아리,Step:1 발을 어깨너비로 벌리고 섭니다. | Step:2 무릎을 구부리고 엉덩이를 뒤로 밀면서 몸을 스쿼트 자세로 낮춥니다. | Step:3 엉덩이와 무릎을 완전히 펴면서 폭발적으로 점프합니다. | Step:4 발 앞꿈치로 부드럽게 착지하고 즉시 몸을 다시 스쿼트 자세로 낮춥니다. | Step:5 원하는 횟수만큼 반복합니다.,https://melo2026.s3.ap-northeast-2.amazonaws.com/workout-images/TDYiji6.webp,weight,3.5,하체,허벅지,맨몸,,맨몸
TFA88iB,밴드 프론트 레이즈,https://static.exercisedb.dev/media/TFA88iB.gif,삼각근,삼두근 | 상부 등,Step:1 발을 어깨너비로 벌리고 서서 손바닥이 아래를 향하게 허벅지 앞쪽에 밴드를 잡습니다. | Step:2 팔을 곧게 편 상태를 유지하면서 땅과 평행이 될 때까지 앞으로 천천히 들어 올립니다. | Step:3 위쪽에서 잠시 멈춘 후 팔을 천천히 시작 자세로 내립니다. | Step:4 원하는 횟수만큼 반복합니다.,https://melo2026.s3.ap-northeast-2.amazonaws.com/workout-images/TFA88iB.webp,weight,5.0,어깨,,밴드,,밴드
tFGKm99,인터미디에이트 힙 플렉서 앤 쿼드 스트레치,https://static.exercisedb.dev/media/tFGKm99.gif,대퇴사두근,햄스트링 | 둔근,Step:1 똑바로 서서 발을 어깨너비로 벌립니다. | Step:2 지지할 수 있는 안정적인 물체를 잡습니다. | Step:3 오른쪽 무릎을 구부리고 오른쪽 발을 엉덩이 쪽으로 가져오면서 오른손으로 로프를 잡습니다. | Step:4 오른쪽 허벅지 앞쪽에서 스트레칭을 느끼면서 오른쪽 발을 엉덩이 쪽으로 천천히 당깁니다. | Step:5 20-30초 동안 스트레칭을 유지합니다. | Step:6 스트레칭을 풀고 왼쪽도 반복합니다.,https://melo2026.s3.ap-northeast-2.amazonaws.com/workout-images/tFGKm99.webp,weight,2.5,하체,허벅지,기타,로프,로프
TFqbd8t,크런치 플로어,https://static.exercisedb.dev/media/TFqbd8t.gif,복근,고관절 굴곡근,Step:1 등을 대고 바닥에 평평하게 누워 무릎을 구부리고 발을 바닥에 평평하게 댑니다. | Step:2 손을 머리 뒤에 대고 팔꿈치를 바깥쪽으로 향하게 합니다. | Step:3 복근에 힘을 주고 어깨를 바닥에서 들어 올려 무릎 쪽으로 말아 올립니다. | Step:4 위쪽에서 잠시 멈춘 후 어깨를 천천히 시작 자세로 내립니다. | Step:5 원하는 횟수만큼 반복합니다.,https://melo2026.s3.ap-northeast-2.amazonaws.com/workout-images/TFqbd8t.webp,weight,3.5,코어,허리 | 복부,맨몸,,맨몸
tFToB7l,리버스 플랭크 위드 레그 리프트,https://static.exercisedb.dev/media/tFToB7l.gif,복근,둔근 | 햄스트링 | 어깨,Step:1 다리를 앞으로 뻗고 바닥에 앉아 손을 등 뒤 바닥에 대고 손가락이 발 쪽을 향하게 합니다. | Step:2 손으로 바닥을 밀고 엉덩이를 들어 올려 리버스 플랭크 자세를 취합니다. | Step:3 코어에 힘을 주고 한쪽 다리를 들어 올려 천장을 향해 똑바로 뻗습니다. | Step:4 잠시 멈춘 후 다리를 다시 내립니다. | Step:5 다른 쪽 다리로 반복합니다. | Step:6 원하는 횟수만큼 다리를 번갈아 가며 반복합니다.,https://melo2026.s3.ap-northeast-2.amazonaws.com/workout-images/tFToB7l.webp,weight,3.5,코어,허리 | 복부,맨몸,,맨몸
tgryw5Y,푸시업 (온 스테빌리티 볼),https://static.exercisedb.dev/media/tgryw5Y.gif,대흉근,삼두근 | 어깨 | 코어,Step:1 안정성 볼을 바닥에 놓고 손을 어깨너비로 벌려 볼 위에 엎드립니다. | Step:2 다리를 똑바로 뒤로 뻗어 발끝으로 균형을 잡습니다. | Step:3 코어에 힘을 주고 팔꿈치를 구부려 가슴을 볼 쪽으로 내리면서 몸을 일직선으로 유지합니다. | Step:4 아래쪽에서 잠시 멈춘 후 팔을 펴서 시작 자세로 밀어 올립니다. | Step:5 원하는 횟수만큼 반복합니다.,https://melo2026.s3.ap-northeast-2.amazonaws.com/workout-images/tgryw5Y.webp,weight,3.5,가슴,,기타,짐볼,짐볼
ThKP69G,케이블 리버스 그립 트라이셉스 푸시다운 (sz-바) (암 블래스터 포함),https://static.exercisedb.dev/media/ThKP69G.gif,삼두근,전완근,Step:1 케이블 머신의 가장 높은 설정에 스트레이트 바를 부착합니다. | Step:2 케이블 머신을 향해 발을 어깨너비로 벌리고 섭니다. | Step:3 손바닥이 위를 향하게 언더핸드 그립으로 바를 잡고 손은 어깨너비로 벌립니다. | Step:4 팔꿈치를 옆구리에 가깝게 유지하고 팔 윗부분은 운동 내내 고정합니다. | Step:5 삼두근에 힘을 주고 팔이 완전히 펴질 때까지 바를 천천히 아래로 누릅니다. | Step:6 아래쪽에서 잠시 멈춘 후 천천히 바를 시작 자세로 돌아옵니다. | Step:7 원하는 횟수만큼 반복합니다.,https://melo2026.s3.ap-northeast-2.amazonaws.com/workout-images/ThKP69G.webp,weight,5.0,팔,상완,케이블 머신,,케이블
TiaZTxx,덤벨 시티드 컬,https://static.exercisedb.dev/media/TiaZTxx.gif,이두근,전완근,Step:1 벤치에 앉아 발을 바닥에 평평하게 대고 각 손에 덤벨을 잡고 손바닥을 앞으로 향하게 합니다. | Step:2 등을 곧게 펴고 팔꿈치를 몸통에 가깝게 유지합니다. | Step:3 숨을 내쉬면서 이두근을 수축시키면서 덤벨을 어깨 쪽으로 컬링합니다. | Step:4 위쪽에서 잠시 멈춘 후 숨을 들이쉬면서 덤벨을 천천히 시작 자세로 내립니다. | Step:5 원하는 횟수만큼 반복합니다.,https://melo2026.s3.ap-northeast-2.amazonaws.com/workout-images/TiaZTxx.webp,weight,5.0,팔,상완,덤벨,,덤벨
tig3PXb,바디웨이트 스탠딩 클로즈 그립 로우,https://static.exercisedb.dev/media/tig3PXb.gif,상부 등,이두근 | 전완근,Step:1 발을 어깨너비로 벌리고 무릎을 살짝 구부리고 섭니다. | Step:2 등을 곧게 펴고 코어를 고정한 상태에서 허리에서 앞으로 구부립니다. | Step:3 팔을 앞으로 똑바로 뻗고 바 또는 핸들을 좁은 그립으로 잡습니다. | Step:4 바 또는 핸들을 몸 쪽으로 당기면서 견갑골을 함께 조입니다. | Step:5 동작의 위쪽에서 잠시 멈춘 후 천천히 풀고 시작 자세로 돌아옵니다. | Step:6 원하는 횟수만큼 반복합니다.,https://melo2026.s3.ap-northeast-2.amazonaws.com/workout-images/tig3PXb.webp,weight,3.5,등,,맨몸,,맨몸
tj41Nu6,슬레드 45도 레그 와이드 프레스,https://static.exercisedb.dev/media/tj41Nu6.gif,둔근,quadriceps | 햄스트링 | 종아리,Step:1 슬레드 머신을 45도 각도로 조절합니다. | Step:2 슬레드 머신에 앉아 등을 패드에 대고 발을 발판에 댑니다. | Step:3 발을 어깨너비보다 넓게 벌립니다. | Step:4 발판을 밀어 다리를 펴고 무릎을 곧게 폅니다. | Step:5 동작 끝에서 잠시 멈춘 후 무릎을 천천히 구부려 시작 자세로 돌아옵니다. | Step:6 원하는 횟수만큼 반복합니다.,https://melo2026.s3.ap-northeast-2.amazonaws.com/workout-images/tj41Nu6.webp,weight,5.0,하체,허벅지,머신,슬레드 머신,슬레드 머신
tJ5nYqo,이지바 바이셉스 컬 (암 블래스터 포함),https://static.exercisedb.dev/media/tJ5nYqo.gif,이두근,전완근,Step:1 똑바로 서서 발을 어깨너비로 벌리고 이지 바벨을 언더핸드 그립으로 잡고 손바닥을 위로 향하게 합니다. | Step:2 팔 윗부분을 암 블래스터에 대고 운동 내내 고정합니다. | Step:3 팔꿈치를 몸에 가깝게 유지하면서 숨을 내쉬고 바벨을 어깨 쪽으로 컬링합니다. | Step:4 위쪽에서 잠시 멈추면서 이두근을 짭니다. | Step:5 숨을 들이쉬면서 바벨을 천천히 시작 자세로 내리고 팔을 완전히 폅니다. | Step:6 원하는 횟수만큼 반복합니다.,https://melo2026.s3.ap-northeast-2.amazonaws.com/workout-images/tJ5nYqo.webp,weight,5.0,팔,상완,바벨,,EZ 바벨
tnaj0mT,스윙 360,https://static.exercisedb.dev/media/tnaj0mT.gif,심폐 지구력,어깨 | 코어,Step:1 발을 어깨너비로 벌리고 무릎을 살짝 구부리고 섭니다. | Step:2 팔을 땅과 평행하게 앞으로 쭉 뻗습니다. | Step:3 코어에 힘을 주고 팔을 원형으로 흔들면서 몸통을 회전시킵니다. | Step:4 원하는 횟수만큼 팔을 흔들고 몸통을 회전시키면서 원형 동작을 계속합니다. | Step:5 운동 내내 호흡하는 것을 잊지 마세요.,https://melo2026.s3.ap-northeast-2.amazonaws.com/workout-images/tnaj0mT.webp,cardio,3.5,유산소,,맨몸,,맨몸
Tq6gbK6,케이블 스트레이트 백 시티드 로우,https://static.exercisedb.dev/media/Tq6gbK6.gif,상부 등,이두근 | 전완근 | 어깨,Step:1 발을 발판에 평평하게 대고 무릎을 살짝 구부린 상태로 케이블 로우 머신에 앉습니다. | Step:2 손바닥이 아래를 향하게 오버핸드 그립으로 케이블 핸들을 잡습니다. | Step:3 등을 곧게 펴고 엉덩이에서 약간 앞으로 기울입니다. | Step:4 케이블 핸들을 몸 쪽으로 당기면서 견갑골을 함께 조입니다. | Step:5 동작의 정점에서 잠시 멈춘 후 핸들을 천천히 풀고 시작 자세로 돌아옵니다. | Step:6 원하는 횟수만큼 반복합니다.,https://melo2026.s3.ap-northeast-2.amazonaws.com/workout-images/Tq6gbK6.webp,weight,5.0,등,,케이블 머신,,케이블
trmte8s,밴드 슈러그,https://static.exercisedb.dev/media/trmte8s.gif,승모근,어깨,"Step:1 발을 어깨 너비로 벌리고 서서 밴드를 발 아래에 놓고 손으로 끝을 잡습니다. | Step:2 팔을 곧게 펴고 편안하게 유지하며, 밴드를 허벅지 앞에 늘어뜨립니다. | Step:3 어깨를 위로 으쓱하며 밴드를 최대한 높이 들어 올려 승모근을 사용합니다. | Step:4 잠시 수축을 유지한 후, 천천히 어깨를 시작 자세로 되돌립니다. | Step:5 원하는 횟수만큼 반복합니다.",https://melo2026.s3.ap-northeast-2.amazonaws.com/workout-images/trmte8s.webp,weight,3.5,코어,목,밴드,,밴드
trqKQv2,스미스 벤치 프레스,https://static.exercisedb.dev/media/trqKQv2.gif,대흉근,삼두근 | 어깨,Step:1 스미스 머신 바의 높이를 가슴 높이로 조절합니다. | Step:2 발을 땅에 단단히 고정하고 벤치에 평평하게 눕습니다. | Step:3 어깨 너비보다 약간 넓게 오버핸드 그립으로 바를 잡습니다. | Step:4 바를 언랙하고 팔꿈치를 몸에 붙인 채 가슴 쪽으로 내립니다. | Step:5 바가 가슴에 닿으면 잠시 멈춥니다. | Step:6 팔을 완전히 펴서 바를 시작 자세로 다시 밀어 올립니다. | Step:7 원하는 횟수만큼 반복합니다.,https://melo2026.s3.ap-northeast-2.amazonaws.com/workout-images/trqKQv2.webp,weight,5.0,가슴,,스미스 머신,,스미스 머신
tTuZSDT,레버 원 암 레터럴 와이드 풀다운,https://static.exercisedb.dev/media/tTuZSDT.gif,광배근,이두근 | rhomboids | rear deltoids,Step:1 시트 높이를 조절하고 패드에 가슴을 대고 발을 바닥에 평평하게 댄 상태로 머신에 앉습니다. | Step:2 손잡이를 오버핸드 그립으로 잡고 팔꿈치를 살짝 구부린 채 팔을 완전히 뻗습니다. | Step:3 손잡이를 몸쪽으로 당겨 반대쪽 엉덩이 쪽으로 가져오면서 동작 하단에서 광배근을 수축합니다. | Step:4 팔을 완전히 펴면서 천천히 손잡이를 시작 자세로 되돌립니다. | Step:5 원하는 횟수만큼 반복한 후 반대쪽으로 전환합니다.,https://melo2026.s3.ap-northeast-2.amazonaws.com/workout-images/tTuZSDT.webp,weight,5.0,등,,머신,레버리지 머신,레버리지 머신
tuIZFDt,인터미디에이트 스타일 니링 플랭크 탭 숄더 (남성),,복근,어깨 | 삼두근,Step:1 무릎을 꿇고 손을 바닥에 어깨 너비로 댑니다. | Step:2 다리를 뒤로 뻗어 발끝으로 몸을 지탱하고 플랭크 자세로 몸을 들어 올립니다. | Step:3 (인터미디에이트 변형) 코어를 유지하고 엉덩이를 안정시킨 상태에서 한 손을 바닥에서 떼어 반대쪽 어깨를 탭합니다. | Step:4 손을 바닥으로 되돌리고 다른 손으로 반복합니다. | Step:5 원하는 횟수만큼 번갈아 가며 반복합니다.,,weight,3.5,코어,허리 | 복부,맨몸,,맨몸
TUZLh71,밴드 스쿼트,https://static.exercisedb.dev/media/TUZLh71.gif,둔근,quadriceps | 햄스트링 | 종아리,"Step:1 발을 어깨 너비로 벌리고 서서 밴드를 무릎 바로 위쪽에 놓습니다. | Step:2 가슴을 펴고 코어를 유지하면서 엉덩이를 뒤로 밀고 무릎을 구부려 스쿼트 자세로 내려갑니다. | Step:3 무릎이 발가락을 향하도록 하고 체중이 뒤꿈치에 실리도록 합니다. | Step:4 하단에서 잠시 멈춘 후, 뒤꿈치로 밀어 시작 자세로 돌아옵니다. | Step:5 원하는 횟수만큼 반복합니다.",https://melo2026.s3.ap-northeast-2.amazonaws.com/workout-images/TUZLh71.webp,weight,5.0,하체,허벅지,밴드,,밴드
TV87DNB,인치웜 v. 2,https://static.exercisedb.dev/media/TV87DNB.gif,복근,어깨 | 햄스트링,"Step:1 발을 골반 너비로 벌리고 서서 시작합니다. | Step:2 허리에서 앞으로 구부려 손을 앞쪽 바닥에 댑니다. | Step:3 손을 앞으로 걸어가 하이 플랭크 자세를 취하고, 머리부터 발끝까지 몸이 일직선이 되도록 합니다. | Step:4 다리를 곧게 편 상태로 발을 손 쪽으로 걸어와 엉덩이를 천장 쪽으로 들어 올립니다. | Step:5 원하는 횟수만큼 반복하며 손을 앞으로 계속 걸어갑니다.",https://melo2026.s3.ap-northeast-2.amazonaws.com/workout-images/TV87DNB.webp,weight,3.5,코어,허리 | 복부,맨몸,,맨몸
TVdivgY,덤벨 인클라인 얼터네이트 프레스,https://static.exercisedb.dev/media/TVdivgY.gif,대흉근,어깨 | 삼두근,Step:1 덤벨을 하나씩 허벅지 위에 올려놓고 인클라인 벤치에 앉습니다. | Step:2 벤치에 뒤로 기대어 허벅지를 사용하여 덤벨을 어깨 높이까지 들어 올립니다. 손바닥은 앞을 향하도록 합니다. | Step:3 어깨 높이에 도달하면 손목을 돌려 손바닥이 앞을 향하도록 합니다. | Step:4 가슴과 어깨로 덤벨을 밀어 올려 팔을 완전히 뻗습니다. | Step:5 팔꿈치를 살짝 구부린 채 덤벨을 시작 자세로 다시 내립니다. | Step:6 원하는 횟수만큼 반복하며 팔을 번갈아 사용합니다.,https://melo2026.s3.ap-northeast-2.amazonaws.com/workout-images/TVdivgY.webp,weight,5.0,가슴,,덤벨,,덤벨
TXtXc84,케이블 턱 리버스 크런치,https://static.exercisedb.dev/media/TXtXc84.gif,복근,고관절 굴곡근,"Step:1 로우 풀리에 케이블을 연결하고 매트 위에 등을 대고 눕습니다. | Step:2 양손으로 케이블을 잡고 팔을 가슴 위로 곧게 뻗습니다. | Step:3 무릎을 구부리고 다리를 들어 올려 무릎을 가슴 쪽으로 가져옵니다. | Step:4 동시에 골반을 가슴 쪽으로 말아 올려 엉덩이를 바닥에서 뗍니다. | Step:5 상단에서 잠시 멈춘 후, 천천히 다리와 엉덩이를 시작 자세로 되돌립니다. | Step:6 원하는 횟수만큼 반복합니다.",https://melo2026.s3.ap-northeast-2.amazonaws.com/workout-images/TXtXc84.webp,weight,5.0,코어,허리 | 복부,케이블 머신,,케이블
tZkGYZ9,밴드 바이시클 크런치,https://static.exercisedb.dev/media/tZkGYZ9.gif,복근,고관절 굴곡근 | obliques,Step:1 등을 대고 누워 손을 머리 뒤에 대고 무릎을 구부립니다. | Step:2 발을 바닥에서 떼고 오른쪽 무릎을 가슴 쪽으로 가져오면서 동시에 몸통을 비틀어 왼쪽 팔꿈치를 오른쪽 무릎 쪽으로 가져옵니다. | Step:3 오른쪽 다리를 펴면서 왼쪽 무릎을 가슴 쪽으로 가져오고 몸통을 비틀어 오른쪽 팔꿈치를 왼쪽 무릎 쪽으로 가져옵니다. | Step:4 코어를 계속 사용하면서 자전거 페달을 밟는 것처럼 비트는 동작을 번갈아 가며 반복합니다. | Step:5 원하는 횟수만큼 반복합니다.,https://melo2026.s3.ap-northeast-2.amazonaws.com/workout-images/tZkGYZ9.webp,weight,3.5,코어,허리 | 복부,밴드,,밴드
tznL2Ad,케틀벨 더블 저크,https://static.exercisedb.dev/media/tznL2Ad.gif,삼각근,삼두근 | 코어,Step:1 발을 어깨 너비로 벌리고 서서 양손에 케틀벨을 어깨 높이로 잡습니다. | Step:2 무릎을 살짝 구부리고 코어를 사용합니다. | Step:3 케틀벨을 머리 위로 밀어 올려 팔을 완전히 뻗습니다. | Step:4 무릎을 구부리고 빠르게 부분 스쿼트 자세로 내려갑니다. | Step:5 엉덩이와 무릎을 폭발적으로 펴면서 케틀벨을 머리 위로 밀어 올립니다. | Step:6 팔을 잠그고 무릎을 살짝 구부린 채 케틀벨을 머리 위로 잡습니다. | Step:7 똑바로 서서 시작 자세로 돌아옵니다. | Step:8 원하는 횟수만큼 반복합니다.,https://melo2026.s3.ap-northeast-2.amazonaws.com/workout-images/tznL2Ad.webp,weight,5.0,어깨,,케틀벨,,케틀벨
u0cNiij,로우 글루트 브릿지 온 플로어,https://static.exercisedb.dev/media/u0cNiij.gif,둔근,햄스트링 | 코어,"Step:1 무릎을 구부리고 발을 바닥에 평평하게 댄 상태로 등을 대고 눕습니다. | Step:2 팔을 옆에 두고 손바닥은 아래를 향하게 합니다. | Step:3 엉덩이와 코어를 사용한 후, 엉덩이를 바닥에서 들어 올려 무릎부터 어깨까지 몸이 일직선이 되도록 합니다. | Step:4 상단에서 잠시 멈추고 엉덩이를 수축합니다. | Step:5 천천히 엉덩이를 시작 자세로 되돌립니다. | Step:6 원하는 횟수만큼 반복합니다.",https://melo2026.s3.ap-northeast-2.amazonaws.com/workout-images/u0cNiij.webp,weight,3.5,하체,허벅지,맨몸,,맨몸
u0pLNgz,레그 프레스 머신에서 슬레드 원 레그 카프 프레스,https://static.exercisedb.dev/media/u0pLNgz.gif,종아리,햄스트링 | 둔근,"Step:1 발이 슬레드에 있을 때 무릎이 살짝 구부러지도록 레그 프레스 머신의 시트를 조절합니다. | Step:2 등받이에 등을 대고 앉아 발을 어깨 너비로 벌려 슬레드에 댑니다. | Step:3 발가락과 발 앞부분을 슬레드에 대고 뒤꿈치는 떼고 있습니다. | Step:4 무릎을 살짝 구부린 채 발목을 펴서 슬레드를 앞으로 밉니다. | Step:5 상단에서 잠시 멈춘 후, 발목을 구부려 슬레드를 천천히 다시 내립니다. | Step:6 원하는 횟수만큼 반복합니다.",https://melo2026.s3.ap-northeast-2.amazonaws.com/workout-images/u0pLNgz.webp,weight,5.0,하체,종아리,머신,슬레드 머신,슬레드 머신
u1iHcoD,프론 덤벨 업라이트 숄더 익스터널 로테이션,,삼각근,rotator cuff | trapezius,"Step:1 발을 어깨 너비로 벌리고 서서 양손에 덤벨을 잡고 손바닥이 몸을 향하도록 합니다. | Step:2 팔꿈치를 살짝 구부린 채 팔을 옆으로 들어 올려 바닥과 평행이 되도록 합니다. 프론트 컨트롤을 강조합니다. | Step:3 팔꿈치는 같은 위치에 유지하면서 덤벨을 머리 쪽으로 들어 올려 팔을 바깥쪽으로 회전시킵니다. | Step:4 상단에서 잠시 멈춘 후, 천천히 덤벨을 시작 자세로 되돌립니다. | Step:5 원하는 횟수만큼 반복합니다.",,weight,5.0,어깨,,덤벨,,덤벨
u27Kcdz,벤치 힙 익스텐션,https://static.exercisedb.dev/media/u27Kcdz.gif,둔근,햄스트링,"Step:1 벤치에 앉아 등을 벤치에 대고 발을 바닥에 평평하게 댑니다. | Step:2 지지를 위해 손을 벤치에 댑니다. | Step:3 엉덩이와 햄스트링을 사용한 후, 엉덩이를 벤치에서 들어 올려 무릎부터 어깨까지 몸이 일직선이 되도록 합니다. | Step:4 상단에서 잠시 멈춘 후, 천천히 엉덩이를 시작 자세로 되돌립니다. | Step:5 원하는 횟수만큼 반복합니다.",https://melo2026.s3.ap-northeast-2.amazonaws.com/workout-images/u27Kcdz.webp,weight,3.5,하체,허벅지,맨몸,,맨몸
u2X71Np,케이블 프론트 레이즈,https://static.exercisedb.dev/media/u2X71Np.gif,삼각근,삼두근 | 전완근,"Step:1 발을 어깨 너비로 벌리고 서서 케이블 손잡이를 오버핸드 그립으로 잡습니다. | Step:2 등을 곧게 펴고 코어를 유지합니다. | Step:3 팔을 곧게 펴고 손바닥이 아래를 향하도록 케이블 손잡이를 앞으로 들어 올립니다. | Step:4 팔이 바닥과 평행이 될 때까지 계속 들어 올립니다. | Step:5 상단에서 잠시 멈춘 후, 천천히 케이블 손잡이를 시작 자세로 되돌립니다. | Step:6 원하는 횟수만큼 반복합니다.",https://melo2026.s3.ap-northeast-2.amazonaws.com/workout-images/u2X71Np.webp,weight,5.0,어깨,,케이블 머신,,케이블
U3ffHlY,케이블 로프 라잉 온 플로어 트라이셉스 익스텐션,https://static.exercisedb.dev/media/U3ffHlY.gif,삼두근,어깨,Step:1 케이블 머신에 로프를 부착하고 가장 낮은 위치로 설정합니다. | Step:2 케이블 머신을 향해 머리를 두고 바닥에 눕습니다. | Step:3 양손으로 로프를 잡고 손바닥이 서로 마주보게 한 후 팔을 천장으로 곧게 뻗습니다. | Step:4 윗팔은 고정한 채 팔꿈치를 구부려 로프를 이마 쪽으로 천천히 내립니다. | Step:5 잠시 멈춘 후 팔을 다시 시작 위치로 뻗습니다. | Step:6 원하는 횟수만큼 반복합니다.,https://melo2026.s3.ap-northeast-2.amazonaws.com/workout-images/U3ffHlY.webp,weight,5.0,팔,상완,케이블 머신,,케이블
u3UuCZu,인텐스 케틀벨 투 암 로우,,상부 등,이두근 | 전완근,Step:1 발을 어깨너비로 벌리고 무릎을 살짝 구부린 후 양손에 케틀벨을 잡고 손바닥이 몸을 향하게 합니다. | Step:2 등을 곧게 펴고 코어를 고정한 채 엉덩이에서 앞으로 구부립니다. | Step:3 케틀벨을 가슴 쪽으로 당기면서 날개뼈를 함께 조입니다. | Step:4 위쪽에서 잠시 멈춘 후 케틀벨을 시작 위치로 천천히 내립니다. | Step:5 원하는 횟수만큼 반복합니다. 전체 동작 내내 강렬한 자세를 유지합니다.,,weight,5.0,등,,케틀벨,,케틀벨
u4bAmKp,밴드 트위스팅 오버헤드 프레스,https://static.exercisedb.dev/media/u4bAmKp.gif,삼각근,삼두근 | 상부 등,Step:1 발을 어깨너비로 벌리고 발밑에 밴드를 놓습니다. | Step:2 손바닥이 앞을 향하게 하여 어깨 높이에서 밴드 핸들을 잡습니다. | Step:3 코어를 고정하고 팔을 완전히 뻗어 밴드를 머리 위로 누릅니다. | Step:4 누르면서 엉덩이를 고정한 채 몸통을 한쪽으로 비틉니다. | Step:5 위쪽에서 잠시 멈춘 후 시작 위치로 돌아옵니다. | Step:6 반대쪽에서 누르기와 비틀기 동작을 반복합니다. | Step:7 원하는 횟수만큼 계속 번갈아 가며 반복합니다.,https://melo2026.s3.ap-northeast-2.amazonaws.com/workout-images/u4bAmKp.webp,weight,5.0,어깨,,밴드,,밴드
u5ESqzH,돈키 카프 레이즈,https://static.exercisedb.dev/media/u5ESqzH.gif,종아리,햄스트링 | 둔근,Step:1 발끝을 계단이나 블록과 같은 높은 표면에 댑니다. | Step:2 균형을 잡기 위해 벽이나 난간과 같은 안정적인 지지대에 손을 댑니다. | Step:3 발뒤꿈치를 최대한 높이 들어 올려 발 앞꿈치로 몸무게를 지탱합니다. | Step:4 위쪽에서 잠시 멈춘 후 발뒤꿈치를 시작 위치로 천천히 내립니다. | Step:5 원하는 횟수만큼 반복합니다.,https://melo2026.s3.ap-northeast-2.amazonaws.com/workout-images/u5ESqzH.webp,weight,3.5,하체,종아리,맨몸,,맨몸
U5INZY6,케이블 원 암 풀다운,https://static.exercisedb.dev/media/U5INZY6.gif,광배근,이두근 | 전완근,Step:1 높은 도르래 케이블 머신에 싱글 핸들을 부착합니다. | Step:2 발을 어깨너비로 벌리고 머신을 향해 섭니다. | Step:3 오버핸드 그립으로 핸들을 잡고 팔을 완전히 뻗습니다. | Step:4 등을 곧게 펴고 코어를 고정합니다. | Step:5 팔꿈치를 몸에 가깝게 붙인 채 핸들을 옆구리 쪽으로 당깁니다. | Step:6 동작 하단에서 잠시 멈추면서 광배근을 조입니다. | Step:7 핸들을 천천히 시작 위치로 되돌립니다. | Step:8 원하는 횟수만큼 반복합니다. | Step:9 반대쪽으로 바꿔 다른 팔로 운동을 반복합니다.,https://melo2026.s3.ap-northeast-2.amazonaws.com/workout-images/U5INZY6.webp,weight,5.0,등,,케이블 머신,,케이블
U6G2gk9,바디업,https://static.exercisedb.dev/media/U6G2gk9.gif,삼두근,가슴 | 어깨,Step:1 손바닥이 아래를 향하고 손가락이 앞을 향하도록 벤치나 평행봉과 같은 높은 지지대에 손을 댑니다. | Step:2 발뒤꿈치를 땅에 대고 몸을 곧게 편 채 다리를 앞으로 뻗습니다. | Step:3 팔꿈치를 옆구리에 가깝게 붙여 구부리면서 몸을 내립니다. 윗팔이 바닥과 평행이 될 때까지 내립니다. | Step:4 잠시 멈춘 후 손바닥으로 밀어 팔을 펴고 몸을 시작 위치로 다시 들어 올립니다. | Step:5 원하는 횟수만큼 반복합니다.,https://melo2026.s3.ap-northeast-2.amazonaws.com/workout-images/U6G2gk9.webp,weight,3.5,팔,상완,맨몸,,맨몸
U7D9Fx3,덤벨 인클라인 투 암 익스텐션,https://static.exercisedb.dev/media/U7D9Fx3.gif,삼두근,어깨,Step:1 허벅지에 덤벨을 각각 하나씩 올려놓고 인클라인 벤치에 앉습니다. | Step:2 덤벨을 가슴 가까이 붙인 채 벤치에 천천히 눕습니다. | Step:3 완전히 누운 후 팔꿈치를 살짝 구부린 채 팔을 천장으로 곧게 뻗습니다. | Step:4 위쪽에서 잠시 멈춘 후 덤벨을 시작 위치로 천천히 내립니다. | Step:5 원하는 횟수만큼 반복합니다.,https://melo2026.s3.ap-northeast-2.amazonaws.com/workout-images/U7D9Fx3.webp,weight,5.0,팔,상완,덤벨,,덤벨
UDlhcO8,바벨 업라이트 로우,https://static.exercisedb.dev/media/UDlhcO8.gif,삼각근,승모근 | 이두근,Step:1 발을 어깨너비로 벌리고 어깨너비보다 약간 넓게 오버핸드 그립으로 바벨을 잡습니다. | Step:2 팔을 완전히 뻗은 채 바벨을 허벅지 앞에 늘어뜨립니다. | Step:3 등을 곧게 펴고 코어를 고정한 채 숨을 내쉬면서 팔꿈치를 먼저 들어 올려 턱 쪽으로 바벨을 곧게 당깁니다. | Step:4 위쪽에서 잠시 멈춘 후 숨을 들이쉬면서 바벨을 시작 위치로 천천히 내립니다. | Step:5 원하는 횟수만큼 반복합니다.,https://melo2026.s3.ap-northeast-2.amazonaws.com/workout-images/UDlhcO8.webp,weight,5.0,어깨,,바벨,,바벨
UDm6cGl,케틀벨 시소 프레스,https://static.exercisedb.dev/media/UDm6cGl.gif,삼각근,삼두근 | 코어,Step:1 발을 어깨너비로 벌리고 양손에 케틀벨을 어깨 높이로 잡습니다. | Step:2 다른 케틀벨은 어깨 높이에 둔 채 한쪽 케틀벨을 머리 위로 누릅니다. | Step:3 누른 케틀벨을 어깨 높이로 내리면서 동시에 다른 케틀벨을 머리 위로 누릅니다. | Step:4 시소처럼 움직이며 누르는 동작을 계속 번갈아 가며 반복합니다. | Step:5 원하는 횟수만큼 반복합니다.,https://melo2026.s3.ap-northeast-2.amazonaws.com/workout-images/UDm6cGl.webp,weight,5.0,어깨,,케틀벨,,케틀벨
UEjSrKI,케이블 시티드 트위스트,https://static.exercisedb.dev/media/UEjSrKI.gif,복근,obliques,Step:1 발을 바닥에 대고 무릎을 살짝 구부린 채 케이블 머신에 앉습니다. | Step:2 양손으로 케이블 핸들을 잡고 팔을 앞으로 곧게 뻗습니다. | Step:3 코어를 고정한 채 몸통을 천천히 한쪽으로 회전시키면서 케이블을 몸을 가로질러 당깁니다. | Step:4 동작 범위 끝에서 잠시 멈춘 후 시작 위치로 천천히 회전합니다. | Step:5 반대쪽에서 반복합니다. | Step:6 원하는 횟수만큼 계속 번갈아 가며 반복합니다.,https://melo2026.s3.ap-northeast-2.amazonaws.com/workout-images/UEjSrKI.webp,weight,5.0,코어,허리 | 복부,케이블 머신,,케이블
ufaxB52,밴드 클로즈 그립 푸시업,https://static.exercisedb.dev/media/ufaxB52.gif,삼두근,가슴 | 어깨,Step:1 팔꿈치 바로 위쪽 상완에 밴드를 두릅니다. | Step:2 손을 어깨 바로 아래에 두고 머리부터 발뒤꿈치까지 몸을 일직선으로 유지하는 푸시업 자세를 취합니다. | Step:3 팔꿈치를 구부려 가슴을 바닥 쪽으로 내립니다. 팔꿈치를 옆구리에 가깝게 붙입니다. | Step:4 손바닥으로 밀어 팔을 펴고 시작 위치로 돌아옵니다. | Step:5 원하는 횟수만큼 반복합니다.,https://melo2026.s3.ap-northeast-2.amazonaws.com/workout-images/ufaxB52.webp,weight,3.5,팔,상완,밴드,,밴드
UfePqpx,스미스 데드리프트,https://static.exercisedb.dev/media/UfePqpx.gif,둔근,햄스트링 | quadriceps | lower back,Step:1 스미스 머신을 엉덩이 높이로 바를 설정합니다. | Step:2 발을 어깨너비로 벌리고 발끝을 약간 바깥쪽으로 향하게 합니다. | Step:3 등을 곧게 펴고 가슴을 들어 올린 채 엉덩이와 무릎에서 구부리고 어깨너비보다 약간 넓게 오버핸드 그립으로 바를 잡습니다. | Step:4 코어를 고정하고 엉덩이와 무릎을 펴서 바를 몸에 가깝게 붙여 들어 올립니다. | Step:5 엉덩이와 무릎을 완전히 펴서 똑바로 섭니다. | Step:6 엉덩이와 무릎에서 구부려 바를 천천히 내립니다. 통제력을 유지하고 등을 곧게 폅니다. | Step:7 원하는 횟수만큼 반복합니다.,https://melo2026.s3.ap-northeast-2.amazonaws.com/workout-images/UfePqpx.webp,weight,5.0,하체,허벅지,스미스 머신,,스미스 머신
UFGF6gk,케이블 로프 크로스오버 시티드 로우,https://static.exercisedb.dev/media/UFGF6gk.gif,상부 등,이두근 | 전완근,Step:1 발판에 발을 대고 무릎을 살짝 구부린 채 로잉 머신에 앉습니다. | Step:2 손바닥이 서로 마주보게 하는 오버핸드 그립으로 케이블 로프를 잡습니다. | Step:3 등을 곧게 펴고 코어를 고정한 채 약간 뒤로 기울입니다. | Step:4 케이블 로프를 가슴 쪽으로 당기면서 날개뼈를 함께 조입니다. | Step:5 동작 정점에서 잠시 멈춘 후 긴장을 천천히 풀고 시작 위치로 돌아옵니다. | Step:6 원하는 횟수만큼 반복합니다.,https://melo2026.s3.ap-northeast-2.amazonaws.com/workout-images/UFGF6gk.webp,weight,5.0,등,,케이블 머신,,케이블
UgDm3oy,니링 점프 스쿼트,https://static.exercisedb.dev/media/UgDm3oy.gif,둔근,quadriceps | 햄스트링 | 종아리,"Step:1 발을 엉덩이 너비로 벌리고 발끝을 앞으로 향하게 하여 땅에 무릎을 꿇고 시작합니다. | Step:2 바벨을 등 위쪽으로 어깨에 올려놓습니다. | Step:3 코어와 엉덩이를 고정한 후 폭발적으로 공중으로 뛰어올라 엉덩이와 무릎을 폅니다. | Step:4 점프하면서 발끝으로 밀어 발목, 무릎, 엉덩이를 완전히 폅니다. | Step:5 무릎을 구부려 충격을 흡수하면서 부드럽게 땅에 착지합니다. | Step:6 즉시 다음 반복으로 들어가 점프 스쿼트 동작을 반복합니다.",https://melo2026.s3.ap-northeast-2.amazonaws.com/workout-images/UgDm3oy.webp,weight,5.0,하체,허벅지,바벨,,바벨
UGhRD1A,어시스티드 라잉 레그 레이즈 위드 레터럴 스로우 다운,https://static.exercisedb.dev/media/UGhRD1A.gif,복근,고관절 굴곡근 | obliques,Step:1 다리를 펴고 팔을 옆구리에 둔 채 바닥에 평평하게 눕습니다. | Step:2 지지를 위해 손을 엉덩이 아래에 둡니다. | Step:3 복근을 고정하고 다리를 곧게 편 채 땅에서 들어 올립니다. | Step:4 다리를 모은 채 땅에서 몇 인치 떨어진 지점까지 한쪽 옆으로 내립니다. | Step:5 잠시 멈춘 후 다리를 시작 위치로 다시 들어 올립니다. | Step:6 반대쪽으로 움직임을 반복합니다. | Step:7 원하는 횟수만큼 계속 번갈아 가며 반복합니다.,https://melo2026.s3.ap-northeast-2.amazonaws.com/workout-images/UGhRD1A.webp,weight,5.0,코어,허리 | 복부,기타,보조 기구,보조 기구
UHJlbu3,케틀벨 스윙,https://static.exercisedb.dev/media/UHJlbu3.gif,둔근,햄스트링 | 코어,Step:1 발을 어깨 너비로 벌리고 발끝을 약간 바깥쪽으로 향하게 서세요. | Step:2 양손으로 몸 앞쪽에서 케틀벨을 잡고 팔을 뻗으세요. | Step:3 무릎을 약간 구부리고 엉덩이를 뒤로 빼면서 힙힌지 하세요. | Step:4 팔을 곧게 펴고 허리를 편 상태를 유지하면서 케틀벨을 다리 사이로 뒤로 스윙하세요. | Step:5 엉덩이로 생성된 추진력을 사용하여 엉덩이를 앞으로 밀면서 케틀벨을 어깨 높이까지 스윙하세요. | Step:6 케틀벨이 다리 사이로 다시 내려가도록 하고 원하는 횟수만큼 반복하세요.,https://melo2026.s3.ap-northeast-2.amazonaws.com/workout-images/UHJlbu3.webp,weight,5.0,하체,허벅지,케틀벨,,케틀벨
UI81amT,슈파인 스타일 밴드 얼터네이팅 브이업,,복근,고관절 굴곡근,Step:1 등을 대고 바닥에 누워 다리를 곧게 펴고 팔을 머리 위로 뻗어 밴드를 잡으세요. | Step:2 복근에 힘을 주고 다리와 상체를 동시에 들어 올리면서 손을 발끝 쪽으로 뻗으세요. | Step:3 다리와 상체를 다시 내리면서 다리의 위치를 바꿔 한쪽 다리를 다른 쪽 다리 위로 교차하세요. 슈파인 동작에 집중하세요. | Step:4 반복할 때마다 다리 위치를 번갈아 가며 동작을 반복하세요. | Step:5 원하는 횟수만큼 계속하세요.,,weight,3.5,코어,허리 | 복부,밴드,,밴드
UIbGx6H,덤벨 리버스 벤치 프레스,https://static.exercisedb.dev/media/UIbGx6H.gif,대흉근,삼두근 | 어깨,Step:1 발을 바닥에 대고 무릎을 구부린 채 벤치에 등을 대고 눕습니다. | Step:2 양손으로 오버핸드 그립으로 덤벨을 잡고 손바닥은 발 쪽을 향하게 합니다. | Step:3 팔꿈치를 약간 구부린 상태를 유지하면서 팔을 천장 위로 곧게 뻗습니다. | Step:4 덤벨을 가슴 쪽으로 천천히 내리면서 팔꿈치가 옆으로 벌어지도록 합니다. | Step:5 바닥에서 잠시 멈춘 후 덤벨을 다시 시작 위치로 밀어 올립니다. | Step:6 원하는 횟수만큼 반복합니다.,https://melo2026.s3.ap-northeast-2.amazonaws.com/workout-images/UIbGx6H.webp,weight,5.0,가슴,,덤벨,,덤벨
UilDHSs,덤벨 스탠딩 팜스 인 프레스,https://static.exercisedb.dev/media/UilDHSs.gif,삼각근,삼두근 | 가슴,Step:1 발을 어깨 너비로 벌리고 서서 양손으로 덤벨을 어깨 높이에서 잡고 손바닥은 안쪽을 향하게 합니다. | Step:2 코어를 고정하고 등을 곧게 편 상태를 유지하면서 팔이 머리 위로 완전히 펴질 때까지 덤벨을 위로 누릅니다. | Step:3 맨 위에서 잠시 멈춘 후 덤벨을 천천히 시작 위치로 내립니다. | Step:4 원하는 횟수만큼 반복합니다.,https://melo2026.s3.ap-northeast-2.amazonaws.com/workout-images/UilDHSs.webp,weight,5.0,어깨,,덤벨,,덤벨
uJmK7Z1,덤벨 시티드 뉴트럴 리스트 컬,https://static.exercisedb.dev/media/uJmK7Z1.gif,이두근,전완근,Step:1 발을 바닥에 대고 벤치에 앉아 양손으로 덤벨을 잡고 손바닥은 서로 마주보게 합니다. | Step:2 팔뚝을 허벅지 위에 올려 덤벨이 아래로 늘어지게 합니다. | Step:3 손목을 중립 위치에 유지하면서 덤벨을 어깨 쪽으로 컬업합니다. | Step:4 맨 위에서 잠시 멈춘 후 덤벨을 천천히 시작 위치로 내립니다. | Step:5 원하는 횟수만큼 반복합니다.,https://melo2026.s3.ap-northeast-2.amazonaws.com/workout-images/uJmK7Z1.webp,weight,5.0,팔,상완,덤벨,,덤벨
UKWTJWR,케이블 스탠딩 업 스트레이트 크로스오버,https://static.exercisedb.dev/media/UKWTJWR.gif,대흉근,deltoids | 삼두근,Step:1 발을 어깨 너비로 벌리고 케이블 머신 중앙에 섭니다. | Step:2 손바닥이 아래를 향하게 하고 팔을 옆으로 곧게 뻗은 상태에서 케이블 핸들을 잡습니다. | Step:3 팔을 곧게 편 상태를 유지하면서 손을 몸 앞쪽으로 가져와 서로 교차시킵니다. | Step:4 잠시 멈춘 후 팔을 곧게 편 상태를 유지하면서 천천히 시작 위치로 돌아갑니다. | Step:5 원하는 횟수만큼 반복합니다.,https://melo2026.s3.ap-northeast-2.amazonaws.com/workout-images/UKWTJWR.webp,weight,5.0,가슴,,케이블 머신,,케이블
uKyN64F,바벨 원 레그 스쿼트,https://static.exercisedb.dev/media/uKyN64F.gif,대퇴사두근,둔근 | 햄스트링 | 종아리,Step:1 발을 어깨 너비로 벌리고 서서 바벨을 등 위쪽에 올립니다. | Step:2 한쪽 발을 땅에서 떼어 앞으로 뻗고 바닥과 평행하게 유지합니다. | Step:3 서 있는 다리를 구부리고 의자에 앉는 것처럼 몸을 아래로 내리면서 가슴을 펴고 등을 곧게 유지합니다. | Step:4 허벅지가 바닥과 평행이 될 때까지 몸을 내린 다음 뒤꿈치를 밀어 시작 위치로 돌아갑니다. | Step:5 원하는 횟수만큼 반복한 후 다리를 바꿔 반복합니다.,https://melo2026.s3.ap-northeast-2.amazonaws.com/workout-images/uKyN64F.webp,weight,5.0,하체,허벅지,바벨,,바벨
Ul5OFSV,저항 밴드 레그 익스텐션 디클라인드,,대퇴사두근,햄스트링,Step:1 저항 밴드를 튼튼한 고정 지점에 부착하고 발목 주위에 고정합니다. | Step:2 고정 지점을 향해 발을 어깨 너비로 벌리고 섭니다. | Step:3 코어를 고정하고 상체를 안정시킨 상태를 유지하면서 다리를 앞으로 곧게 뻗습니다. | Step:4 맨 위에서 잠시 멈춘 후 다리를 천천히 시작 위치로 되돌립니다. 디클라인드 동작에 집중하세요. | Step:5 원하는 횟수만큼 반복한 후 다리를 바꿉니다.,,weight,5.0,하체,허벅지,밴드,,저항 밴드
uL9CsKm,발목 서클,https://static.exercisedb.dev/media/uL9CsKm.gif,종아리,ankle stabilizers,Step:1 다리를 앞으로 뻗고 바닥에 앉습니다. | Step:2 한쪽 다리를 들어 올리고 발목을 원형으로 돌립니다. | Step:3 한 방향으로 원하는 횟수만큼 원을 그린 후 다른 방향으로 바꿉니다. | Step:4 다른 쪽 다리로 반복합니다.,https://melo2026.s3.ap-northeast-2.amazonaws.com/workout-images/uL9CsKm.webp,weight,3.5,하체,종아리,맨몸,,맨몸
UM8mgyG,케틀벨 아놀드 프레스,https://static.exercisedb.dev/media/UM8mgyG.gif,삼각근,삼두근 | 상부 등,Step:1 발을 어깨 너비로 벌리고 서서 양손으로 케틀벨을 어깨 높이에서 잡고 손바닥은 자신을 향하게 합니다. | Step:2 코어를 고정하고 케틀벨을 머리 위로 누르면서 팔을 뻗을 때 손바닥을 앞으로 돌립니다. | Step:3 동작의 맨 위에서 잠시 멈춘 후 케틀벨을 천천히 시작 위치로 내립니다. | Step:4 원하는 횟수만큼 반복합니다.,https://melo2026.s3.ap-northeast-2.amazonaws.com/workout-images/UM8mgyG.webp,weight,5.0,어깨,,케틀벨,,케틀벨
Um8xUAc,바벨 프론 인클라인 컬 위드 인텐시브,,이두근,전완근,Step:1 인클라인 벤치를 45도 각도로 설정합니다. | Step:2 가슴과 배를 벤치에 대고 엎드립니다. | Step:3 언더핸드 그립으로 바벨을 어깨 너비로 잡습니다. | Step:4 팔을 완전히 뻗어 바벨이 바닥으로 늘어지게 합니다. | Step:5 윗팔을 고정한 상태를 유지하면서 숨을 내쉬고 이두근을 수축하면서 바벨을 컬업합니다. | Step:6 이두근이 완전히 수축되고 바가 어깨 높이에 올 때까지 바벨을 계속 들어 올립니다. | Step:7 (인텐시브 변형) 이두근을 쥐어짜면서 수축된 자세를 잠시 유지합니다. | Step:8 숨을 들이쉬면서 바벨을 천천히 시작 위치로 되돌립니다. | Step:9 원하는 횟수만큼 반복합니다.,,weight,5.0,팔,상완,바벨,,바벨
UmpPAAe,덤벨 스탠딩 킥백,https://static.exercisedb.dev/media/UmpPAAe.gif,삼두근,어깨,Step:1 발을 어깨 너비로 벌리고 서서 양손으로 덤벨을 잡습니다. | Step:2 무릎을 약간 구부리고 등을 곧게 편 상태를 유지하면서 엉덩이에서 앞으로 힌지합니다. | Step:3 팔을 뒤로 곧게 뻗으면서 동작의 맨 위에서 삼두근을 쥐어짭니다. | Step:4 잠시 멈춘 후 덤벨을 천천히 시작 위치로 되돌립니다. | Step:5 원하는 횟수만큼 반복합니다.,https://melo2026.s3.ap-northeast-2.amazonaws.com/workout-images/UmpPAAe.webp,weight,5.0,팔,상완,덤벨,,덤벨
UNAB8ak,밴드 원 암 오버헤드 바이셉스 컬,https://static.exercisedb.dev/media/UNAB8ak.gif,이두근,전완근 | 어깨,Step:1 발을 어깨 너비로 벌리고 서서 밴드의 한쪽 끝을 발 아래에 둡니다. | Step:2 다른 쪽 끝을 잡고 팔을 머리 위로 완전히 뻗고 손바닥은 앞을 향하게 합니다. | Step:3 윗팔을 고정한 상태를 유지하면서 팔뚝을 어깨 쪽으로 컬업하면서 이두근을 쥐어짭니다. | Step:4 맨 위에서 잠시 멈춘 후 팔뚝을 천천히 시작 위치로 되돌립니다. | Step:5 원하는 횟수만큼 반복한 후 팔을 바꿉니다.,https://melo2026.s3.ap-northeast-2.amazonaws.com/workout-images/UNAB8ak.webp,weight,5.0,팔,상완,밴드,,밴드
UOphC6N,케이블 사이드 벤드 스무스,,복근,obliques,Step:1 발을 어깨 너비로 벌리고 서서 한 손으로 케이블 핸들을 잡습니다. | Step:2 등을 곧게 펴고 코어를 고정합니다. | Step:3 허리에서 옆으로 천천히 구부리면서 케이블 핸들을 무릎 쪽으로 내립니다. | Step:4 잠시 멈춘 후 시작 위치로 돌아갑니다. 스무스한 동작에 집중하세요. | Step:5 반대쪽도 반복합니다. | Step:6 원하는 횟수만큼 양쪽을 번갈아 가며 반복합니다.,,weight,5.0,코어,허리 | 복부,케이블 머신,,케이블
uOV3Itw,삼두근 스트레칭,https://static.exercisedb.dev/media/uOV3Itw.gif,삼두근,어깨,Step:1 똑바로 서거나 앉아서 등을 곧게 폅니다. | Step:2 한쪽 팔을 머리 위로 뻗어 팔꿈치를 구부립니다. | Step:3 반대쪽 손으로 구부린 팔꿈치를 잡고 머리 쪽으로 부드럽게 당깁니다. | Step:4 15-30초 동안 스트레칭을 유지하면서 삼두근에 부드러운 스트레칭을 느낍니다. | Step:5 스트레칭을 풀고 다른 쪽 팔로 반복합니다.,https://melo2026.s3.ap-northeast-2.amazonaws.com/workout-images/uOV3Itw.webp,weight,2.5,팔,상완,맨몸,,맨몸
UoX77uR,덤벨 시티드 원 레그 카프 레이즈 - 해머 그립 딥,,종아리,햄스트링 | 둔근,"Step:1 벤치나 의자에 앉아 발을 바닥에 평평하게 대고 허벅지 위에 덤벨을 올려놓습니다. | Step:2 한쪽 발을 발판이나 블록과 같이 튀어나온 표면에 올리고 발뒤꿈치가 가장자리에 걸쳐지도록 합니다. | Step:3 덤벨을 해머 그립으로 잡습니다. 즉, 손바닥이 서로 마주보고 손가락으로 손잡이를 감싸 잡습니다. | Step:4 코어에 힘을 주고 등을 곧게 편 상태에서 발 앞부분으로 밀어 발뒤꿈치를 가능한 한 높이 천천히 들어 올립니다. | Step:5 맨 위에서 잠시 멈춘 다음, 발뒤꿈치를 천천히 시작 위치로 다시 내립니다. | Step:6 (딥 변형) 원하는 횟수만큼 반복한 다음 다른 쪽 다리로 전환합니다.",,weight,5.0,하체,종아리,덤벨,,덤벨
UpAlold,리어 디클라인 브릿지,https://static.exercisedb.dev/media/UpAlold.gif,둔근,햄스트링 | lower back,"Step:1 등을 대고 누워 발을 바닥에 평평하게 대고 무릎을 구부립니다. | Step:2 팔을 옆구리에 놓고 손바닥이 아래를 향하도록 합니다. | Step:3 엉덩이와 햄스트링에 힘을 주고 무릎부터 어깨까지 몸이 일직선이 될 때까지 엉덩이를 바닥에서 들어 올립니다. | Step:4 이 자세를 몇 초간 유지한 다음, 엉덩이를 천천히 시작 위치로 다시 내립니다. | Step:5 원하는 횟수만큼 반복합니다.",https://melo2026.s3.ap-northeast-2.amazonaws.com/workout-images/UpAlold.webp,weight,3.5,하체,허벅지,맨몸,,맨몸
UpWmA5E,L-싯 온 플로어,https://static.exercisedb.dev/media/UpWmA5E.gif,복근,고관절 굴곡근,Step:1 바닥에 앉아 다리를 앞으로 쭉 뻗습니다. | Step:2 손을 엉덩이 옆 바닥에 놓고 손가락이 앞을 향하도록 합니다. | Step:3 코어에 힘을 주고 다리를 곧게 편 상태로 바닥에서 들어 올립니다. | Step:4 다리를 바닥과 평행이 되도록 하여 몸으로 'L'자 모양을 만듭니다. | Step:5 가능한 한 오래 이 자세를 유지합니다. | Step:6 다리를 천천히 시작 위치로 다시 내립니다. | Step:7 원하는 횟수만큼 반복합니다.,https://melo2026.s3.ap-northeast-2.amazonaws.com/workout-images/UpWmA5E.webp,weight,3.5,코어,허리 | 복부,맨몸,,맨몸
UQr48Oi,풀인 (온 스태빌리티 볼),https://static.exercisedb.dev/media/UQr48Oi.gif,복근,고관절 굴곡근,"Step:1 스태빌리티 볼에 앉아 발을 바닥에 평평하게 대고 무릎을 90도 각도로 구부린 상태에서 시작합니다. | Step:2 지지를 위해 손을 스태빌리티 볼 옆면에 댑니다. | Step:3 복근에 힘을 주고 엉덩이를 천천히 앞으로 굴려 무릎을 가슴 쪽으로 가져옵니다. | Step:4 동작의 맨 위에서 잠시 멈춘 다음, 다리를 천천히 시작 위치로 다시 뻗습니다. | Step:5 원하는 횟수만큼 반복합니다.",https://melo2026.s3.ap-northeast-2.amazonaws.com/workout-images/UQr48Oi.webp,weight,3.5,코어,허리 | 복부,기타,짐볼,짐볼
uSkDMYl,덤벨 바이셉스 컬 위드 스토크 스탠스,https://static.exercisedb.dev/media/uSkDMYl.gif,이두근,전완근,Step:1 발을 어깨너비로 벌리고 서서 각 손에 덤벨을 잡고 손바닥이 앞을 향하도록 합니다. | Step:2 한쪽 다리를 뒤로 뻗어 해당 발가락으로 균형을 잡습니다. | Step:3 윗팔을 고정한 상태에서 숨을 내쉬며 이두근을 수축하면서 덤벨을 컬링합니다. | Step:4 덤벨이 어깨 높이에 올 때까지 덤벨을 들어 올리면서 이두근이 완전히 수축되도록 합니다. | Step:5 이두근을 쥐어짜면서 수축된 자세를 잠시 유지합니다. | Step:6 숨을 들이쉬면서 덤벨을 천천히 시작 위치로 다시 내리기 시작합니다. | Step:7 원하는 횟수만큼 반복한 다음 다리를 바꾸고 반복합니다.,https://melo2026.s3.ap-northeast-2.amazonaws.com/workout-images/uSkDMYl.webp,weight,5.0,팔,상완,덤벨,,덤벨
uTBt1HV,견갑 풀업,https://static.exercisedb.dev/media/uTBt1HV.gif,승모근,이두근 | rhomboids | rear deltoids,"Step:1 풀업 바에 매달려 손바닥이 몸에서 멀어지도록 하고 팔을 완전히 뻗은 상태에서 시작합니다. | Step:2 날개뼈를 아래와 뒤로 당겨 견갑골을 후인합니다. | Step:3 등 근육에 힘을 주고 날개뼈를 함께 쥐어짜면서 몸을 바 쪽으로 당겨 올립니다. | Step:4 동작의 맨 위에서 잠시 멈춘 다음, 몸을 천천히 시작 위치로 다시 내립니다. | Step:5 원하는 횟수만큼 반복합니다.",https://melo2026.s3.ap-northeast-2.amazonaws.com/workout-images/uTBt1HV.webp,weight,3.5,등,,맨몸,,맨몸
UtmIqcI,사이드 손목 당김 스트레칭,https://static.exercisedb.dev/media/UtmIqcI.gif,전완근,wrists | hands,Step:1 발을 어깨너비로 벌리고 서서 팔을 앞쪽으로 쭉 뻗습니다. | Step:2 오른쪽 팔을 바닥과 평행하게 옆으로 뻗고 손바닥이 아래를 향하도록 합니다. | Step:3 왼손으로 오른손을 잡고 몸 쪽으로 부드럽게 당겨 오른쪽 팔뚝에서 스트레칭을 느낍니다. | Step:4 스트레칭을 15-30초간 유지한 다음 풀어줍니다. | Step:5 반대쪽도 반복합니다.,https://melo2026.s3.ap-northeast-2.amazonaws.com/workout-images/UtmIqcI.webp,weight,2.5,팔,전완,맨몸,,맨몸
Uto7l43,가슴 및 앞 어깨 스트레칭,https://static.exercisedb.dev/media/Uto7l43.gif,대흉근,deltoids,Step:1 발을 어깨너비로 벌리고 똑바로 섭니다. | Step:2 팔을 어깨 높이에서 앞쪽으로 쭉 뻗습니다. | Step:3 오른쪽 팔이 왼쪽 팔 위에 오도록 팔을 몸 앞에서 교차합니다. | Step:4 손가락을 얽어 손바닥을 함께 누릅니다. | Step:5 어깨뼈를 함께 부드럽게 쥐어짜고 손을 앞으로 밀어 가슴과 앞 어깨에서 스트레칭을 느낍니다. | Step:6 스트레칭을 20-30초간 유지한 다음 풀어줍니다. | Step:7 원하는 횟수만큼 반복합니다.,https://melo2026.s3.ap-northeast-2.amazonaws.com/workout-images/Uto7l43.webp,weight,2.5,가슴,,맨몸,,맨몸
uTv34oq,바디웨이트 스탠딩 로우 (수건 사용),https://static.exercisedb.dev/media/uTv34oq.gif,상부 등,이두근 | 어깨,"Step:1 발을 어깨너비로 벌리고 서서 수건을 양손으로 앞에 잡습니다. | Step:2 무릎을 살짝 구부리고 등을 곧게 편 상태에서 엉덩이를 앞으로 숙입니다. | Step:3 날개뼈를 함께 쥐어짜면서 수건을 가슴 쪽으로 당깁니다. | Step:4 맨 위에서 잠시 멈춘 다음, 긴장을 천천히 풀고 시작 위치로 돌아갑니다. | Step:5 원하는 횟수만큼 반복합니다.",https://melo2026.s3.ap-northeast-2.amazonaws.com/workout-images/uTv34oq.webp,weight,3.5,등,,맨몸,,맨몸
UVL20oz,오티스 업,https://static.exercisedb.dev/media/UVL20oz.gif,복근,고관절 굴곡근 | lower back,"Step:1 등을 대고 누워 무릎을 구부리고 발을 바닥에 평평하게 댑니다. | Step:2 손을 머리 뒤에 놓고 팔꿈치가 바깥쪽을 향하도록 합니다. | Step:3 복근에 힘을 주고 상체를 천천히 들어 올려 몸통이 45도 각도가 될 때까지 앞으로 컬링합니다. | Step:4 맨 위에서 잠시 멈춘 다음, 상체를 천천히 시작 위치로 다시 내립니다. | Step:5 원하는 횟수만큼 반복합니다.",https://melo2026.s3.ap-northeast-2.amazonaws.com/workout-images/UVL20oz.webp,weight,5.0,코어,허리 | 복부,기타,중량,중량
UVo2Qs2,플러터 킥,https://static.exercisedb.dev/media/UVo2Qs2.gif,둔근,고관절 굴곡근 | lower abs,Step:1 등을 대고 누워 다리를 뻗고 손은 옆구리에 둡니다. | Step:2 코어에 힘을 주고 다리를 바닥에서 약 6인치 들어 올립니다. | Step:3 다리를 곧게 편 상태에서 한쪽 다리를 다른 쪽 다리보다 약간 더 높이 번갈아 들어 올립니다. | Step:4 원하는 횟수만큼 이 플러터 동작을 계속합니다.,https://melo2026.s3.ap-northeast-2.amazonaws.com/workout-images/UVo2Qs2.webp,weight,3.5,하체,허벅지,맨몸,,맨몸
uWpxD4v,암 슬링거스 행잉 벤트 니 레그,https://static.exercisedb.dev/media/uWpxD4v.gif,복근,어깨 | 등,Step:1 풀업 바에 매달려 팔을 완전히 뻗고 무릎을 90도 각도로 구부립니다. | Step:2 코어에 힘을 주고 무릎을 가슴 쪽으로 들어 올려 가능한 한 팔꿈치에 가깝게 가져옵니다. | Step:3 다리를 천천히 시작 위치로 다시 내립니다. | Step:4 원하는 횟수만큼 반복합니다.,https://melo2026.s3.ap-northeast-2.amazonaws.com/workout-images/uWpxD4v.webp,weight,3.5,코어,허리 | 복부,맨몸,,맨몸
uX3sUBz,인버티드 로우 v. 2,https://static.exercisedb.dev/media/uX3sUBz.gif,상부 등,이두근 | 전완근,"Step:1 스미스 머신에서 허리 높이로 바를 설정하거나 서스펜션 트레이너를 사용합니다. | Step:2 바 또는 서스펜션 트레이너를 향해 서서 오버핸드 그립으로 어깨너비로 잡습니다. | Step:3 발을 앞으로 옮겨 몸이 약간 기울어질 때까지 뒤로 기울입니다. | Step:4 몸을 곧게 유지하고 날개뼈를 함께 쥐어짜면서 가슴을 바 또는 손잡이 쪽으로 당깁니다. | Step:5 맨 위에서 잠시 멈춘 다음, 몸을 천천히 시작 위치로 다시 내립니다. | Step:6 원하는 횟수만큼 반복합니다.",https://melo2026.s3.ap-northeast-2.amazonaws.com/workout-images/uX3sUBz.webp,weight,3.5,등,,맨몸,,맨몸
uxJcFUU,케이블 라잉 트라이셉스 익스텐션 v. 2,https://static.exercisedb.dev/media/uxJcFUU.gif,삼두근,어깨,"Step:1 로프 핸들을 낮은 풀리 케이블 머신에 연결합니다. | Step:2 케이블 머신을 향해 위를 보고 평평한 벤치에 눕습니다. | Step:3 양손으로 로프 핸들을 잡고 손바닥이 서로 마주보도록 한 다음, 팔을 가슴 위로 똑바로 뻗습니다. | Step:4 윗팔을 고정한 상태에서 팔꿈치를 구부려 로프 핸들을 이마 쪽으로 천천히 내립니다. | Step:5 맨 아래에서 잠시 멈춘 다음, 팔을 다시 시작 위치로 뻗습니다. | Step:6 원하는 횟수만큼 반복합니다.",https://melo2026.s3.ap-northeast-2.amazonaws.com/workout-images/uxJcFUU.webp,weight,5.0,팔,상완,케이블 머신,,케이블
UXpKJoq,레버 라잉 투-원 레그 컬,https://static.exercisedb.dev/media/UXpKJoq.gif,햄스트링,둔근,"Step:1 기계를 몸에 맞게 조절하고 등받이에 등을 대고 앉습니다. | Step:2 다리를 발목 바로 위 레버 패드에 올립니다. | Step:3 지지를 위해 기계 측면의 손잡이를 잡습니다. | Step:4 상체를 고정한 상태에서 숨을 내쉬면서 엉덩이 쪽으로 다리를 컬링합니다. | Step:5 맨 위에서 잠시 멈춘 다음, 숨을 들이쉬면서 다리를 천천히 시작 위치로 다시 내립니다. | Step:6 원하는 횟수만큼 반복합니다.",https://melo2026.s3.ap-northeast-2.amazonaws.com/workout-images/UXpKJoq.webp,weight,5.0,하체,허벅지,머신,레버리지 머신,레버리지 머신
Uywa4S5,덤벨 런지 위드 펌,,둔근,quadriceps | 햄스트링 | 종아리,Step:1 양손에 덤벨을 들고 발을 어깨너비로 벌리고 섭니다. | Step:2 오른쪽 발을 앞으로 내딛으며 몸을 런지 자세로 낮춥니다. | Step:3 몸을 낮추면서 등을 곧게 펴고 가슴을 들어 올립니다. 전체 동작 동안 단단한 자세를 유지합니다. | Step:4 오른쪽 발뒤꿈치로 밀어 시작 자세로 돌아옵니다. | Step:5 왼쪽 다리로 반복합니다. | Step:6 원하는 횟수만큼 다리를 번갈아 가며 반복합니다.,,weight,5.0,하체,허벅지,덤벨,,덤벨
UzkLrem,덤벨 리어 레터럴 레이즈 (서포트 헤드),https://static.exercisedb.dev/media/UzkLrem.gif,삼각근,승모근 | rhomboids,"Step:1 발을 어깨너비로 벌리고 양손에 덤벨을 듭니다. | Step:2 무릎을 살짝 구부리고 등을 곧게 편 채 엉덩이에서 앞으로 숙입니다. | Step:3 팔꿈치를 살짝 구부린 상태로 팔을 옆으로 들어 올려 바닥과 평행이 될 때까지 올립니다. | Step:4 정점에서 잠시 멈춘 후, 천천히 팔을 시작 자세로 내립니다. | Step:5 원하는 횟수만큼 반복합니다.",https://melo2026.s3.ap-northeast-2.amazonaws.com/workout-images/UzkLrem.webp,weight,5.0,어깨,,덤벨,,덤벨
uZKq7lo,포워드 점프,https://static.exercisedb.dev/media/uZKq7lo.gif,대퇴사두근,종아리 | 햄스트링 | 둔근,"Step:1 발을 어깨너비로 벌리고 섭니다. | Step:2 무릎을 구부리고 몸을 스쿼트 자세로 낮춥니다. | Step:3 추진력을 얻기 위해 팔을 뒤로 휘젓습니다. | Step:4 엉덩이, 무릎, 발목을 펴면서 앞으로 폭발적으로 점프합니다. | Step:5 발 앞꿈치로 부드럽게 착지하고 즉시 다음 점프로 이어갑니다. | Step:6 원하는 횟수만큼 반복합니다.",https://melo2026.s3.ap-northeast-2.amazonaws.com/workout-images/uZKq7lo.webp,weight,3.5,하체,허벅지,맨몸,,맨몸
V07qpXy,레버 얼터네이트 레그 프레스,https://static.exercisedb.dev/media/V07qpXy.gif,대퇴사두근,햄스트링 | 둔근,"Step:1 레버리지 머신의 좌석과 발판을 원하는 위치로 조절합니다. | Step:2 등받이에 등을 대고 앉아 발판에 발을 댑니다. | Step:3 안정성을 위해 손잡이나 머신 측면을 잡습니다. | Step:4 한 발로 발판을 밀어 다리를 거의 완전히 펼 때까지 뻗습니다. | Step:5 잠시 멈춘 후, 천천히 다리를 구부려 시작 자세로 돌아옵니다. | Step:6 다른 다리로 반복합니다. | Step:7 원하는 횟수만큼 다리를 번갈아 가며 계속 반복합니다.",https://melo2026.s3.ap-northeast-2.amazonaws.com/workout-images/V07qpXy.webp,weight,5.0,하체,허벅지,머신,레버리지 머신,레버리지 머신
v1qBec9,덤벨 리어 레터럴 레이즈,https://static.exercisedb.dev/media/v1qBec9.gif,삼각근,승모근 | rhomboids,"Step:1 발을 어깨너비로 벌리고 양손에 덤벨을 들고 손바닥이 몸을 향하도록 합니다. | Step:2 무릎을 살짝 구부리고 등을 곧게 펴고 코어를 고정한 채 엉덩이에서 앞으로 숙입니다. | Step:3 팔꿈치를 살짝 구부린 상태로 팔을 옆으로 들어 올려 바닥과 평행이 될 때까지 올립니다. | Step:4 정점에서 잠시 멈춘 후, 천천히 팔을 시작 자세로 내립니다. | Step:5 원하는 횟수만큼 반복합니다.",https://melo2026.s3.ap-northeast-2.amazonaws.com/workout-images/v1qBec9.webp,weight,5.0,어깨,,덤벨,,덤벨
v2DfH14,바디웨이트 스탠딩 클로즈-그립 원 암 로우,https://static.exercisedb.dev/media/v2DfH14.gif,상부 등,이두근 | 전완근,"Step:1 발을 어깨너비로 벌리고 무릎을 살짝 구부린 채 한 손으로 덤벨을 뉴트럴 그립으로 잡습니다. | Step:2 등을 곧게 펴고 코어를 고정한 채 엉덩이에서 앞으로 숙입니다. | Step:3 팔꿈치를 몸 가까이 붙이고 어깨뼈를 함께 쥐어짜면서 덤벨을 가슴 쪽으로 당깁니다. | Step:4 정점에서 잠시 멈춘 후, 천천히 덤벨을 시작 자세로 내립니다. | Step:5 원하는 횟수만큼 반복한 후, 반대쪽으로 바꿔 반복합니다.",https://melo2026.s3.ap-northeast-2.amazonaws.com/workout-images/v2DfH14.webp,weight,3.5,등,,맨몸,,맨몸
v3vLFW0,클로즈-그립 푸시업 (온 니즈),https://static.exercisedb.dev/media/v3vLFW0.gif,삼두근,가슴 | 어깨,Step:1 손을 어깨너비로 벌리고 무릎을 엉덩이 너비로 벌린 채 손과 무릎을 바닥에 댑니다. | Step:2 팔꿈치를 옆구리에 가깝게 붙이고 상체를 바닥 쪽으로 내립니다. | Step:3 가슴이 바닥 바로 위에 올 때까지 잠시 멈춥니다. | Step:4 손바닥으로 밀어 팔을 펴고 시작 자세로 돌아옵니다. | Step:5 원하는 횟수만큼 반복합니다.,https://melo2026.s3.ap-northeast-2.amazonaws.com/workout-images/v3vLFW0.webp,weight,3.5,팔,상완,맨몸,,맨몸
v3xmPAR,레버 시티드 플라이,https://static.exercisedb.dev/media/v3xmPAR.gif,대흉근,deltoids | trapezius,Step:1 좌석 높이를 조절하고 패드에 등을 대고 기계에 앉습니다. | Step:2 손바닥을 아래로 향하게 하고 팔꿈치를 살짝 구부린 채 손잡이를 잡습니다. | Step:3 숨을 내쉬면서 가슴 앞에서 손잡이를 모아 앞으로 밀어냅니다. | Step:4 잠시 멈추면서 가슴 근육을 쥐어짭니다. | Step:5 숨을 들이쉬면서 천천히 시작 자세로 돌아가 가슴 근육을 늘립니다. | Step:6 원하는 횟수만큼 반복합니다.,https://melo2026.s3.ap-northeast-2.amazonaws.com/workout-images/v3xmPAR.webp,weight,5.0,가슴,,머신,레버리지 머신,레버리지 머신
V4ryaZa,이지 바벨 클로즈-그립 컬,https://static.exercisedb.dev/media/V4ryaZa.gif,이두근,전완근,"Step:1 발을 어깨너비로 벌리고 똑바로 서서 언더핸드 그립으로 이지 바벨을 잡고 손은 어깨너비로 벌립니다. | Step:2 팔꿈치를 몸통 가까이 붙이고 팔 윗부분은 동작 내내 고정합니다. | Step:3 바벨을 어깨 쪽으로 컬하면서 이두근을 수축합니다. | Step:4 정점에서 잠시 멈춘 후, 천천히 바벨을 시작 자세로 내립니다. | Step:5 원하는 횟수만큼 반복합니다.",https://melo2026.s3.ap-northeast-2.amazonaws.com/workout-images/V4ryaZa.webp,weight,5.0,팔,상완,바벨,,EZ 바벨
v6EKk0O,하프 니 벤즈 (메일) 위드 블런트,,심폐 지구력,quadriceps | 햄스트링 | 둔근,"Step:1 발을 어깨너비로 벌리고 섭니다. | Step:2 무릎을 구부리고 의자에 앉는 것처럼 몸을 낮춥니다. 블런트 컨트롤을 강조합니다. | Step:3 가슴을 펴고 발뒤꿈치에 체중을 싣습니다. | Step:4 바닥에서 잠시 멈춘 후, 발뒤꿈치로 밀어 시작 자세로 돌아옵니다. | Step:5 원하는 횟수만큼 반복합니다.",,cardio,3.5,유산소,,맨몸,,맨몸
v7p5bYl,킥 아웃 싯,https://static.exercisedb.dev/media/v7p5bYl.gif,햄스트링,quadriceps | 둔근,"Step:1 벤치나 의자 가장자리에 앉아 발을 바닥에 평평하게 대고 무릎을 90도 각도로 구부립니다. | Step:2 살짝 뒤로 기울이고 손을 벤치나 의자 가장자리에 대고 지지합니다. | Step:3 햄스트링을 사용하여 발을 바닥에서 들어 올려 다리를 앞으로 쭉 뻗습니다. | Step:4 정점에서 잠시 멈춘 후, 천천히 무릎을 구부려 발을 몸 쪽으로 가져옵니다. | Step:5 원하는 횟수만큼 반복합니다.",https://melo2026.s3.ap-northeast-2.amazonaws.com/workout-images/v7p5bYl.webp,weight,3.5,하체,허벅지,맨몸,,맨몸
V7rWsT5,레버 밀리터리 프레스 위드 스트렝스,,삼각근,삼두근 | upper chest,"Step:1 좌석 높이를 조절하고 등받이에 등을 대고 기계에 앉습니다. | Step:2 손잡이를 오버핸드 그립으로 잡고 손은 어깨너비보다 약간 넓게 벌립니다. | Step:3 팔이 완전히 펴질 때까지 손잡이를 위로 밀지만, 팔꿈치를 잠그지 않습니다. | Step:4 (스트렝스 변형) 정점에서 잠시 멈춘 후, 천천히 손잡이를 시작 자세로 내립니다. | Step:5 원하는 횟수만큼 반복합니다.",,weight,5.0,어깨,,머신,레버리지 머신,레버리지 머신
VaP75jl,바벨 리어 런지,https://static.exercisedb.dev/media/VaP75jl.gif,둔근,quadriceps | 햄스트링 | 종아리,Step:1 발을 어깨너비로 벌리고 서서 바벨을 등 위쪽에 올립니다. | Step:2 오른쪽 발을 뒤로 내딛으며 발 앞꿈치로 착지합니다. | Step:3 양쪽 무릎을 구부려 왼쪽 허벅지가 바닥과 평행이 될 때까지 몸을 낮춥니다. | Step:4 왼쪽 발뒤꿈치로 밀어 시작 자세로 돌아옵니다. | Step:5 다른 다리로 반복합니다.,https://melo2026.s3.ap-northeast-2.amazonaws.com/workout-images/VaP75jl.webp,weight,5.0,하체,허벅지,바벨,,바벨
vAwm6rK,케이블 프레스 온 엑서사이즈 볼,https://static.exercisedb.dev/media/vAwm6rK.gif,대흉근,어깨 | 삼두근,"Step:1 발을 바닥에 평평하게 대고 무릎을 90도 각도로 구부린 채 엑서사이즈 볼에 앉습니다. | Step:2 손바닥을 아래로 향하게 하고 팔꿈치를 구부린 채 가슴 높이에서 케이블 손잡이를 잡습니다. | Step:3 코어를 고정하고 팔이 완전히 펴질 때까지 케이블 손잡이를 앞으로 밉니다. | Step:4 잠시 멈춘 후, 천천히 긴장을 풀고 케이블 손잡이를 시작 자세로 가져옵니다. | Step:5 원하는 횟수만큼 반복합니다.",https://melo2026.s3.ap-northeast-2.amazonaws.com/workout-images/vAwm6rK.webp,weight,5.0,가슴,,케이블 머신,,케이블
VBAWRPG,웨이티드 프론트 플랭크,https://static.exercisedb.dev/media/VBAWRPG.gif,복근,어깨 | lower back,Step:1 바닥에 엎드린 자세로 시작합니다. | Step:2 팔꿈치를 어깨 바로 아래에 두고 팔뚝을 바닥에 댑니다. | Step:3 다리를 뒤로 쭉 뻗고 발가락을 바닥에 댑니다. | Step:4 코어를 고정하고 팔뚝과 발가락으로 균형을 잡으며 몸을 바닥에서 들어 올립니다. | Step:5 머리부터 발뒤꿈치까지 몸이 일직선이 되도록 유지합니다. | Step:6 원하는 시간 동안 이 자세를 유지합니다. | Step:7 몸을 시작 자세로 다시 내립니다. | Step:8 원하는 횟수만큼 반복합니다.,https://melo2026.s3.ap-northeast-2.amazonaws.com/workout-images/VBAWRPG.webp,weight,5.0,코어,허리 | 복부,기타,중량,중량
vBNyir7,이지 바벨 리버스 그립 프리쳐 컬,https://static.exercisedb.dev/media/vBNyir7.gif,이두근,전완근,Step:1 가슴을 패드에 대고 발을 바닥에 평평하게 댄 채 프리쳐 벤치에 앉습니다. | Step:2 언더핸드 그립으로 이지 바벨을 잡고 손은 어깨 너비로 벌립니다. | Step:3 윗팔을 패드에 대고 팔뚝이 아래로 늘어지도록 합니다. | Step:4 윗팔을 고정한 상태에서 숨을 내쉬며 바벨을 어깨 쪽으로 들어 올립니다. | Step:5 맨 위에서 잠시 멈춘 후 숨을 들이쉬며 천천히 바벨을 시작 자세로 되돌립니다. | Step:6 원하는 횟수만큼 반복합니다.,https://melo2026.s3.ap-northeast-2.amazonaws.com/workout-images/vBNyir7.webp,weight,5.0,팔,상완,바벨,,EZ 바벨
VdLZ3nB,덤벨 원 암 리버스 스파이더 컬,https://static.exercisedb.dev/media/VdLZ3nB.gif,이두근,전완근,Step:1 덤벨을 한 손에 들고 손바닥이 아래를 향하게 하며 팔을 완전히 뻗은 채 똑바로 섭니다. | Step:2 윗팔을 고정한 상태에서 팔꿈치를 구부려 덤벨을 어깨 쪽으로 들어 올립니다. | Step:3 맨 위에서 잠시 멈춘 후 천천히 덤벨을 시작 자세로 되돌립니다. | Step:4 원하는 횟수만큼 반복한 후 팔을 바꿉니다.,https://melo2026.s3.ap-northeast-2.amazonaws.com/workout-images/VdLZ3nB.webp,weight,5.0,팔,상완,덤벨,,덤벨
VEcJRo2,해머 레그 힙 레이즈,https://static.exercisedb.dev/media/VEcJRo2.gif,복근,고관절 굴곡근 | lower back,Step:1 팔을 완전히 뻗고 손바닥이 몸에서 멀어지도록 하여 풀업 바에 매달립니다. | Step:2 코어에 힘을 주고 엉덩이와 무릎을 구부려 허벅지가 바닥과 평행이 될 때까지 다리를 들어 올립니다. | Step:3 맨 위에서 잠시 멈춘 후 천천히 다리를 시작 자세로 되돌립니다. | Step:4 원하는 횟수만큼 반복합니다.,https://melo2026.s3.ap-northeast-2.amazonaws.com/workout-images/VEcJRo2.webp,weight,3.5,코어,허리 | 복부,맨몸,,맨몸
VedGSby,어시스티드 프론트 햄스트링,https://static.exercisedb.dev/media/VedGSby.gif,햄스트링,둔근 | lower back,Step:1 매트나 벤치에 엎드려 다리를 완전히 뻗습니다. | Step:2 파트너의 도움을 받거나 저항 밴드를 사용하여 발목을 고정합니다. | Step:3 햄스트링에 힘을 주고 무릎을 편 채 다리를 엉덩이 쪽으로 들어 올립니다. | Step:4 맨 위에서 잠시 멈춘 후 천천히 다리를 시작 자세로 되돌립니다. | Step:5 원하는 횟수만큼 반복합니다.,https://melo2026.s3.ap-northeast-2.amazonaws.com/workout-images/VedGSby.webp,weight,3.5,하체,허벅지,기타,보조 기구,보조 기구
veXwo0D,케이블 플로어 시티드 와이드 그립 로우,https://static.exercisedb.dev/media/veXwo0D.gif,상부 등,이두근 | 전완근,Step:1 다리를 뻗고 등을 곧게 편 채 바닥에 앉습니다. | Step:2 케이블 핸들을 낮은 풀리에 연결하고 케이블 머신을 등 뒤에 둡니다. | Step:3 와이드 오버핸드 그립으로 핸들을 잡고 손바닥이 아래를 향하게 합니다. | Step:4 등을 곧게 펴고 가슴을 들어 올린 채 약간 뒤로 기울입니다. | Step:5 핸들을 허리 쪽으로 당기면서 날개뼈를 함께 조입니다. | Step:6 동작의 맨 위에서 잠시 멈춘 후 천천히 핸들을 시작 자세로 되돌립니다. | Step:7 원하는 횟수만큼 반복합니다.,https://melo2026.s3.ap-northeast-2.amazonaws.com/workout-images/veXwo0D.webp,weight,5.0,등,,케이블 머신,,케이블
Vh0GsK4,케이블 인클라인 벤치 프레스,https://static.exercisedb.dev/media/Vh0GsK4.gif,대흉근,deltoids | 삼두근,Step:1 벤치를 45도 각도로 조절합니다. | Step:2 케이블 핸들을 높은 풀리에 연결합니다. | Step:3 발을 바닥에 평평하게 대고 케이블 머신을 향해 벤치에 앉습니다. | Step:4 오버핸드 그립으로 핸들을 잡고 어깨 높이까지 가져옵니다. | Step:5 팔이 완전히 펴질 때까지 핸들을 앞쪽과 위쪽으로 밀어 올립니다. | Step:6 잠시 멈춘 후 천천히 핸들을 시작 자세로 되돌립니다. | Step:7 원하는 횟수만큼 반복합니다.,https://melo2026.s3.ap-northeast-2.amazonaws.com/workout-images/Vh0GsK4.webp,weight,5.0,가슴,,케이블 머신,,케이블
VhX2JdE,케이블 스탠딩 백 리스트 컬,https://static.exercisedb.dev/media/VhX2JdE.gif,전완근,이두근 | brachialis,Step:1 발을 어깨 너비로 벌리고 케이블 머신을 향해 섭니다. | Step:2 오버핸드 그립으로 케이블 핸들을 잡고 손바닥이 아래를 향하게 합니다. | Step:3 팔을 곧게 펴고 팔꿈치를 옆구리에 가깝게 유지합니다. | Step:4 손목을 천천히 위로 컬링하면서 케이블 핸들을 몸 쪽으로 가져옵니다. | Step:5 맨 위에서 잠시 멈춘 후 천천히 케이블 핸들을 시작 자세로 되돌립니다. | Step:6 원하는 횟수만큼 반복합니다.,https://melo2026.s3.ap-northeast-2.amazonaws.com/workout-images/VhX2JdE.webp,weight,5.0,팔,전완,케이블 머신,,케이블
vi8EhoE,덤벨 어라운드 풀오버,https://static.exercisedb.dev/media/vi8EhoE.gif,대흉근,삼두근 | latissimus dorsi,Step:1 벤치에 머리를 한쪽 끝에 두고 발을 바닥에 단단히 댄 채 평평하게 눕습니다. | Step:2 양손으로 덤벨을 잡고 팔을 가슴 위로 곧게 뻗습니다. | Step:3 팔을 곧게 편 상태에서 아치형 동작으로 덤벨을 머리 뒤로 천천히 내립니다. | Step:4 맨 아래에서 잠시 멈춘 후 덤벨을 시작 자세로 다시 들어 올립니다. | Step:5 원하는 횟수만큼 반복합니다.,https://melo2026.s3.ap-northeast-2.amazonaws.com/workout-images/vi8EhoE.webp,weight,5.0,가슴,,덤벨,,덤벨
vIICElP,밴드 라잉 힙 내회전,https://static.exercisedb.dev/media/vIICElP.gif,둔근,햄스트링 | quadriceps,Step:1 등을 대고 누워 다리를 곧게 펴고 발 주위에 저항 밴드를 감습니다. | Step:2 무릎을 구부려 발을 모은 채 가슴 쪽으로 가져옵니다. | Step:3 발을 모은 상태에서 무릎을 천천히 바깥쪽으로 벌립니다. | Step:4 회전의 끝에서 잠시 멈춘 후 천천히 시작 자세로 돌아옵니다. | Step:5 원하는 횟수만큼 반복합니다.,https://melo2026.s3.ap-northeast-2.amazonaws.com/workout-images/vIICElP.webp,weight,3.5,하체,허벅지,밴드,,밴드
VjYliFZ,케이블 리버스 그립 푸시다운,https://static.exercisedb.dev/media/VjYliFZ.gif,삼두근,전완근,Step:1 스트레이트 바를 높은 풀리 케이블 머신에 연결합니다. | Step:2 발을 어깨 너비로 벌리고 머신을 향해 섭니다. | Step:3 언더핸드 그립으로 바를 잡고 손바닥이 위를 향하게 하며 손은 어깨 너비로 벌립니다. | Step:4 팔꿈치를 옆구리에 가깝게 유지하고 윗팔을 운동 내내 고정합니다. | Step:5 삼두근을 사용하여 팔이 완전히 펴지고 삼두근이 수축될 때까지 바를 아래로 누릅니다. | Step:6 잠시 멈춘 후 천천히 바를 시작 자세로 되돌립니다. | Step:7 원하는 횟수만큼 반복합니다.,https://melo2026.s3.ap-northeast-2.amazonaws.com/workout-images/VjYliFZ.webp,weight,5.0,팔,상완,케이블 머신,,케이블
vKilzz3,덤벨 스탠딩 이너 바이셉스 컬 v. 2,https://static.exercisedb.dev/media/vKilzz3.gif,이두근,전완근,Step:1 덤벨을 각 손에 들고 손바닥이 몸통을 향하게 하여 똑바로 섭니다. | Step:2 팔꿈치를 몸통에 가깝게 유지하고 손바닥이 앞을 향하도록 돌립니다. | Step:3 윗팔을 고정한 상태에서 이두근을 수축시키면서 웨이트를 컬링합니다. | Step:4 이두근이 완전히 수축되고 덤벨이 어깨 높이에 올 때까지 웨이트를 계속 들어 올립니다. | Step:5 이두근을 쥐어짜면서 수축된 자세를 잠시 유지합니다. | Step:6 숨을 들이쉬면서 천천히 덤벨을 시작 자세로 되돌리기 시작합니다. | Step:7 권장 횟수만큼 반복합니다.,https://melo2026.s3.ap-northeast-2.amazonaws.com/workout-images/vKilzz3.webp,weight,5.0,팔,상완,덤벨,,덤벨
VLYXo8S,웨이티드 라운드 암,https://static.exercisedb.dev/media/VLYXo8S.gif,삼각근,삼두근 | 상부 등,Step:1 발을 어깨 너비로 벌리고 각 손에 덤벨을 듭니다. | Step:2 무릎을 약간 구부리고 등을 곧게 편 채 엉덩이에서 앞으로 숙입니다. | Step:3 팔꿈치를 약간 구부린 채 팔을 옆으로 들어 올립니다. | Step:4 팔이 바닥과 평행이 될 때까지 계속 들어 올립니다. | Step:5 맨 위에서 잠시 멈춘 후 천천히 팔을 시작 자세로 되돌립니다. | Step:6 원하는 횟수만큼 반복합니다.,https://melo2026.s3.ap-northeast-2.amazonaws.com/workout-images/VLYXo8S.webp,weight,5.0,어깨,,기타,중량,중량
vM5YS2g,리버스 하이퍼 익스텐션 (짐볼 위),https://static.exercisedb.dev/media/vM5YS2g.gif,둔근,햄스트링 | lower back,Step:1 짐볼 위에 엎드려 엉덩이를 볼 위에 대고 다리를 곧게 펴서 뒤로 뻗습니다. | Step:2 안정성을 위해 손을 앞쪽 바닥에 댑니다. | Step:3 둔근과 햄스트링에 힘을 주고 다리를 천장 쪽으로 최대한 높이 들어 올립니다. | Step:4 맨 위에서 잠시 멈춘 후 천천히 다리를 시작 자세로 되돌립니다. | Step:5 원하는 횟수만큼 반복합니다.,https://melo2026.s3.ap-northeast-2.amazonaws.com/workout-images/vM5YS2g.webp,weight,5.0,하체,허벅지,기타,짐볼,짐볼
vmwLyCg,덤벨 W-프레스,https://static.exercisedb.dev/media/vmwLyCg.gif,삼각근,삼두근 | 가슴,Step:1 벤치에 앉아 각 손에 덤벨을 들고 손바닥이 앞을 향하게 합니다. | Step:2 팔꿈치를 구부리고 손바닥이 앞을 향하게 하여 덤벨을 어깨 높이까지 들어 올립니다. | Step:3 팔이 완전히 머리 위로 펴질 때까지 덤벨을 위로 누릅니다. | Step:4 덤벨을 어깨 높이로 되돌립니다. | Step:5 원하는 횟수만큼 반복합니다.,https://melo2026.s3.ap-northeast-2.amazonaws.com/workout-images/vmwLyCg.webp,weight,5.0,어깨,,덤벨,,덤벨
vN5HB0s,블런트 케이블 스탠딩 크런치,,복근,obliques,Step:1 케이블 핸들을 높은 풀리에 연결하고 머신을 등지고 섭니다. | Step:2 양손으로 핸들을 잡고 팔꿈치를 구부린 채 머리 뒤에 둡니다. | Step:3 발을 어깨 너비로 벌리고 무릎을 약간 구부립니다. | Step:4 복근에 힘을 준 상태에서 숨을 내쉬며 팔꿈치를 허벅지 쪽으로 가져가면서 상체를 무릎 쪽으로 크런치합니다. | Step:5 동작의 맨 아래에서 잠시 멈춘 후 천천히 시작 자세로 돌아옵니다. 블런트 컨트롤을 강조합니다. | Step:6 원하는 횟수만큼 반복합니다.,,weight,5.0,코어,허리 | 복부,케이블 머신,,케이블
VnfUNW7,클로즈 그립 친업,https://static.exercisedb.dev/media/VnfUNW7.gif,광배근,이두근 | 전완근,"Step:1 손바닥이 자신을 향하도록 하고 손을 어깨너비로 벌려 풀업 바를 잡으세요. | Step:2 팔을 완전히 펴고 발이 땅에서 떨어지도록 바에서 매달리세요. | Step:3 등 근육을 사용하고 팔꿈치를 몸에 가깝게 붙인 상태로 몸을 바 쪽으로 당기세요. | Step:4 턱이 바 위로 올라올 때까지 계속 당기세요. | Step:5 맨 위에서 잠시 멈춘 다음, 몸을 천천히 시작 자세로 내리세요. | Step:6 원하는 횟수만큼 반복하세요.",https://melo2026.s3.ap-northeast-2.amazonaws.com/workout-images/VnfUNW7.webp,weight,3.5,등,,맨몸,,맨몸
vNPJbDA,케이블 로프 인클라인 삼두근 익스텐션 - 리버스 변형,,삼두근,어깨,"Step:1 로프를 높은 도르래에 부착하고 인클라인 벤치를 편안한 각도로 조절하세요. | Step:2 발을 어깨너비로 벌리고 도르래에서 멀리 떨어진 곳을 향해 서세요. | Step:3 오버핸드 그립으로 로프를 잡고 팔을 머리 위로 곧게 뻗으세요. | Step:4 (리버스 변형) 팔꿈치를 머리에 가깝게 붙이고 팔 전체 운동 중에 상완을 고정하세요. | Step:5 팔꿈치를 구부려 팔뚝이 이두근에 닿을 때까지 로프를 머리 뒤로 내리세요. | Step:6 잠시 멈춘 다음, 팔을 시작 자세로 다시 뻗으세요. | Step:7 원하는 횟수만큼 반복하세요.",,weight,5.0,팔,상완,케이블 머신,,케이블
VO2qeJg,사이드 플랭크 힙 내전,https://static.exercisedb.dev/media/VO2qeJg.gif,내전근,obliques | 둔근,"Step:1 옆으로 누워 다리를 뻗고 서로 위에 쌓으세요. | Step:2 팔뚝으로 몸을 지탱하고 팔꿈치가 어깨 바로 아래에 오도록 하세요. | Step:3 코어를 사용하고 엉덩이를 땅에서 들어 올려 머리부터 발끝까지 일직선을 만드세요. | Step:4 사이드 플랭크 자세를 유지하면서 위쪽 다리를 천장 쪽으로 들어 올리세요. 다리를 곧게 펴세요. | Step:5 다리를 천천히 시작 자세로 내리세요. | Step:6 원하는 횟수만큼 반복한 다음, 반대쪽으로 전환하여 반복하세요.",https://melo2026.s3.ap-northeast-2.amazonaws.com/workout-images/VO2qeJg.webp,weight,3.5,하체,허벅지,맨몸,,맨몸
vobtVkm,벽에 손 대고 종아리 밀기 스트레칭 엘리트,,종아리,햄스트링,Step:1 벽을 향해 서고 발을 엉덩이 너비로 벌리세요. | Step:2 손을 어깨 높이에서 벽에 대세요. | Step:3 한 발을 뒤로 뻗고 발뒤꿈치를 땅에 대고 다리를 곧게 펴세요. | Step:4 앞쪽 무릎을 약간 구부리고 앞으로 기울여 종아리에서 스트레칭을 느끼세요. | Step:5 20-30초 동안 스트레칭을 유지하세요. | Step:6 다리를 바꿔 스트레칭을 반복하세요. 엘리트 움직임에 집중하세요.,,weight,2.5,하체,종아리,맨몸,,맨몸
vocve3e,젠틀 스타일 덤벨 한 다리 플라이 온 엑서사이즈 볼,,대흉근,어깨 | 삼두근,"Step:1 덤벨을 각 손에 들고 손바닥이 서로 마주보도록 하여 엑서사이즈 볼에 앉으세요. | Step:2 한 발을 땅에 대고 다른 다리를 앞으로 곧게 뻗으세요. | Step:3 상체를 약간 앞으로 기울이고 팔꿈치를 약간 구부린 상태로 팔을 옆으로 벌리세요. | Step:4 덤벨을 천천히 아래와 옆으로 내리면서 가슴에서 스트레칭을 느끼세요. | Step:5 (젠틀 변형) 맨 아래에서 잠시 멈춘 다음, 가슴 근육을 쥐어짜 덤벨을 시작 자세로 다시 올리세요. | Step:6 원하는 횟수만큼 반복한 다음, 다리를 바꿔 반복하세요.",,weight,2.5,가슴,,덤벨,,덤벨
vpleANJ,인클라인 스타일 골반 기울이기 브릿지,,둔근,햄스트링 | 코어,Step:1 무릎을 구부리고 발을 땅에 평평하게 대고 등을 대고 누우세요. | Step:2 팔을 옆에 두고 손바닥이 아래를 향하도록 하세요. | Step:3 둔근과 코어 근육을 사용하세요. | Step:4 골반을 위로 기울여 엉덩이를 땅에서 들어 올리세요. 인클라인 제어를 강조하세요. | Step:5 브릿지 자세를 몇 초 동안 유지하세요. | Step:6 엉덩이를 천천히 시작 자세로 내리세요. | Step:7 원하는 횟수만큼 반복하세요.,,weight,3.5,하체,허벅지,맨몸,,맨몸
vpp9Ku2,케이블 시티드 원 암 얼터네이트 로우,https://static.exercisedb.dev/media/vpp9Ku2.gif,상부 등,이두근 | 전완근,Step:1 발을 땅에 평평하게 대고 무릎을 약간 구부린 상태로 벤치에 앉아 케이블 머신을 향하세요. | Step:2 한 손으로 핸들을 잡고 팔을 앞으로 완전히 뻗으세요. | Step:3 핸들을 몸 쪽으로 당기면서 견갑골을 뒤로 당기고 팔꿈치를 옆구리에 가깝게 붙이세요. | Step:4 동작의 맨 위에서 잠시 멈추고 등 근육을 쥐어짜세요. | Step:5 핸들을 천천히 시작 자세로 되돌리세요. | Step:6 다른 팔로 반복하세요. | Step:7 원하는 횟수만큼 팔을 번갈아 가며 반복하세요.,https://melo2026.s3.ap-northeast-2.amazonaws.com/workout-images/vpp9Ku2.webp,weight,5.0,등,,케이블 머신,,케이블
VPPtusI,인버티드 로우 벤 니,https://static.exercisedb.dev/media/VPPtusI.gif,상부 등,이두근 | 전완근,"Step:1 허리 높이에서 바를 설치하고 그 아래에 누우세요. | Step:2 어깨너비보다 약간 넓게 오버핸드 그립으로 바를 잡으세요. | Step:3 발뒤꿈치가 땅에 닿고 몸이 직선이 되도록 몸을 위치시키세요. | Step:4 견갑골을 함께 쥐어짜면서 가슴을 바 쪽으로 당기세요. | Step:5 맨 위에서 잠시 멈춘 다음, 몸을 천천히 시작 자세로 내리세요. | Step:6 원하는 횟수만큼 반복하세요.",https://melo2026.s3.ap-northeast-2.amazonaws.com/workout-images/VPPtusI.webp,weight,3.5,등,,맨몸,,맨몸
vpQaQkH,스키 에르고미터,https://static.exercisedb.dev/media/vpQaQkH.gif,삼두근,어깨 | 전완근,"Step:1 편안한 위치에 맞게 좌석 높이와 발 받침대를 조절하세요. | Step:2 손바닥이 아래를 향하도록 오버핸드 그립으로 핸들을 잡으세요. | Step:3 발을 발 받침대에 평평하게 대고 등을 곧게 펴고 앉으세요. | Step:4 팔꿈치를 약간 구부린 상태로 팔을 앞으로 곧게 뻗으세요. | Step:5 삼두근을 사용하고 핸들을 허벅지 쪽으로 누르세요. | Step:6 맨 아래에서 잠시 멈춘 다음, 천천히 시작 자세로 돌아가세요. | Step:7 원하는 횟수만큼 반복하세요.",https://melo2026.s3.ap-northeast-2.amazonaws.com/workout-images/vpQaQkH.webp,cardio,3.5,유산소,,머신,스키에르그 머신,skierg machine
vptOQ4N,딥 푸시업,https://static.exercisedb.dev/media/vptOQ4N.gif,대흉근,삼두근 | 어깨,Step:1 손을 어깨너비보다 약간 넓게 벌리고 몸이 일직선이 되도록 하이 플랭크 자세로 시작하세요. | Step:2 팔꿈치를 몸에 가깝게 붙인 상태로 팔꿈치를 구부려 가슴을 땅 쪽으로 내리세요. | Step:3 손바닥을 밀어 팔을 펴고 시작 자세로 돌아가세요. | Step:4 원하는 횟수만큼 반복하세요.,https://melo2026.s3.ap-northeast-2.amazonaws.com/workout-images/vptOQ4N.webp,weight,5.0,가슴,,덤벨,,덤벨
VQ3sNCn,덤벨 시티드 원 암 킥백,https://static.exercisedb.dev/media/VQ3sNCn.gif,삼두근,어깨,"Step:1 발을 땅에 평평하게 대고 벤치에 앉아 한 손에 덤벨을 잡으세요. | Step:2 허리를 앞으로 구부리고 등을 땅과 평행하게 곧게 유지하세요. | Step:3 팔꿈치를 몸에 가깝게 붙인 상태로 팔을 뒤로 곧게 뻗으세요. | Step:4 맨 위에서 잠시 멈춘 다음, 덤벨을 천천히 시작 자세로 내리세요. | Step:5 원하는 횟수만큼 반복한 다음, 팔을 바꿔 반복하세요.",https://melo2026.s3.ap-northeast-2.amazonaws.com/workout-images/VQ3sNCn.webp,weight,5.0,팔,상완,덤벨,,덤벨
vqsbmL0,레버 숄더 프레스 v. 2,https://static.exercisedb.dev/media/vqsbmL0.gif,삼각근,삼두근 | 가슴,"Step:1 레버리지 머신의 좌석 높이와 등받이를 편안한 위치로 조절하세요. | Step:2 등받이에 등을 대고 발을 바닥에 평평하게 대고 머신에 앉으세요. | Step:3 어깨너비보다 약간 넓게 오버핸드 그립으로 머신의 핸들을 잡으세요. | Step:4 팔이 완전히 펴질 때까지(잠그지 않음) 핸들을 위쪽과 앞으로 미세요. | Step:5 맨 위에서 잠시 멈춘 다음, 핸들을 천천히 시작 자세로 되돌리세요. | Step:6 원하는 횟수만큼 반복하세요.",https://melo2026.s3.ap-northeast-2.amazonaws.com/workout-images/vqsbmL0.webp,weight,5.0,어깨,,머신,레버리지 머신,레버리지 머신
vR1vold,바벨 풀 제르처 스쿼트,https://static.exercisedb.dev/media/vR1vold.gif,둔근,quadriceps | 햄스트링 | 종아리 | 코어,Step:1 발을 어깨너비로 벌리고 발가락을 약간 바깥쪽으로 향하게 서세요. | Step:2 팔꿈치 안쪽으로 바벨을 잡고 안정성을 위해 바벨을 손으로 잡으세요. | Step:3 코어를 사용하고 가슴을 들어 올린 상태에서 엉덩이를 뒤로 내리면서 스쿼트 자세로 내려가세요. | Step:4 무릎이 발가락과 일직선이 되도록 하고 발뒤꿈치에 체중을 두세요. | Step:5 허벅지가 땅과 평행이 될 때까지 또는 편안하게 갈 수 있는 만큼 낮추세요. | Step:6 발뒤꿈치를 밀어 다시 일어서면서 동작의 맨 위에서 둔근을 쥐어짜세요. | Step:7 원하는 횟수만큼 반복하세요.,https://melo2026.s3.ap-northeast-2.amazonaws.com/workout-images/vR1vold.webp,weight,5.0,하체,허벅지,바벨,,바벨
VRBGPHB,싱글 스미스 숄더 프레스,,삼각근,삼두근 | 상부 등,"Step:1 좌석 높이를 조절하고 발을 어깨너비로 벌린 상태로 스미스 머신에 위치하세요. | Step:2 (싱글 변형) 어깨너비보다 약간 넓게 오버핸드 그립으로 바를 잡으세요. | Step:3 바를 랙에서 들어 올려 어깨 높이로 위치시키고 팔꿈치를 구부리고 손바닥이 앞을 향하도록 하세요. | Step:4 팔이 머리 위로 완전히 펴질 때까지 바를 위로 미세요. | Step:5 맨 위에서 잠시 멈춘 다음, 바를 천천히 어깨 높이로 되돌리세요. | Step:6 원하는 횟수만큼 반복하세요.",,weight,5.0,어깨,,스미스 머신,,스미스 머신
vrhHa6D,어시스티드 패러렐 클로즈 그립 풀업,https://static.exercisedb.dev/media/vrhHa6D.gif,광배근,이두근 | 전완근,"Step:1 원하는 무게와 높이에 맞게 머신을 조절하세요. | Step:2 손바닥이 서로 마주보도록 패러렐 바를 클로즈 그립으로 잡으세요. | Step:3 팔을 완전히 펴고 발이 땅에서 떨어지도록 바에서 매달리세요. | Step:4 등 근육을 사용하고 팔꿈치를 몸에 가깝게 붙인 상태로 몸을 바 쪽으로 당기세요. | Step:5 턱이 바 위로 올라올 때까지 계속 당기세요. | Step:6 맨 위에서 잠시 멈춘 다음, 몸을 천천히 시작 자세로 내리세요. | Step:7 원하는 횟수만큼 반복하세요.",https://melo2026.s3.ap-northeast-2.amazonaws.com/workout-images/vrhHa6D.webp,weight,5.0,등,,머신,레버리지 머신,레버리지 머신
vsMcDi9,바벨 스탠딩 컨센트레이션 컬,https://static.exercisedb.dev/media/vsMcDi9.gif,이두근,전완근,Step:1 발을 어깨 너비로 벌리고 서서 바벨을 한 손에 잡고 손바닥이 위를 향하도록 합니다. | Step:2 지지를 위해 반대쪽 손을 허벅지에 댑니다. | Step:3 윗팔을 고정한 상태에서 숨을 내쉬며 무게를 어깨 쪽으로 들어 올립니다. | Step:4 맨 위에서 잠시 멈추고 이두근을 쥐어짭니다. | Step:5 숨을 들이쉬며 천천히 무게를 시작 자세로 내립니다. | Step:6 원하는 횟수만큼 반복한 후 팔을 바꿉니다.,https://melo2026.s3.ap-northeast-2.amazonaws.com/workout-images/vsMcDi9.webp,weight,5.0,팔,상완,바벨,,바벨
VsopqcV,매크로 스타일 클로즈 그립 푸시업,,삼두근,가슴 | 어깨,Step:1 손을 어깨 바로 아래에 가깝게 놓고 하이 플랭크 자세를 취합니다. | Step:2 코어에 힘을 주고 팔꿈치를 옆구리에 가깝게 붙인 상태에서 몸을 바닥 쪽으로 내립니다. | Step:3 손바닥으로 밀어 팔을 펴고 시작 자세로 돌아옵니다. 전체 과정에서 매크로 자세를 유지합니다. | Step:4 원하는 횟수만큼 반복합니다.,,weight,3.5,팔,상완,맨몸,,맨몸
vsVoPHt,레버 디클라인 체스트 프레스,https://static.exercisedb.dev/media/vsVoPHt.gif,대흉근,삼두근 | 어깨,Step:1 레버리지 머신의 좌석 높이와 등받이를 편안한 위치로 조절합니다. | Step:2 등받이에 등을 대고 발을 바닥에 평평하게 댄 상태로 머신에 앉습니다. | Step:3 손잡이를 오버핸드 그립으로 잡고 손을 어깨 너비보다 약간 넓게 벌립니다. | Step:4 팔이 완전히 펴질 때까지 손잡이를 몸에서 앞으로 밀어냅니다. | Step:5 팔꿈치를 약간 구부린 상태를 유지하며 천천히 손잡이를 가슴 쪽으로 다시 내립니다. | Step:6 맨 아래에서 잠시 멈춘 후 손잡이를 다시 밀어 시작 자세로 돌아갑니다. | Step:7 원하는 횟수만큼 반복합니다.,https://melo2026.s3.ap-northeast-2.amazonaws.com/workout-images/vsVoPHt.webp,weight,5.0,가슴,,머신,레버리지 머신,레버리지 머신
VtTbiP3,밴드 풀 스루,https://static.exercisedb.dev/media/VtTbiP3.gif,둔근,햄스트링 | lower back,Step:1 저항 밴드를 바닥 높이의 튼튼한 고정 지점에 연결합니다. | Step:2 발을 어깨 너비로 벌리고 고정 지점에서 등을 돌리고 섭니다. | Step:3 무릎을 약간 구부린 상태를 유지하며 앞으로 나아가 밴드에 긴장감을 줍니다. | Step:4 엉덩이에서 힌지 동작을 하고 무릎을 약간 구부린 상태를 유지하며 엉덩이를 뒤로 밉니다. | Step:5 햄스트링이 늘어나는 것을 느끼며 몸통이 바닥과 평행이 될 때까지 내립니다. | Step:6 엉덩이를 앞으로 밀고 엉덩이를 쥐어짜서 시작 자세로 돌아갑니다. | Step:7 원하는 횟수만큼 반복합니다.,https://melo2026.s3.ap-northeast-2.amazonaws.com/workout-images/VtTbiP3.webp,weight,3.5,하체,허벅지,밴드,,밴드
vtusOWT,바벨 원 암 플로어 프레스,https://static.exercisedb.dev/media/vtusOWT.gif,삼두근,가슴 | 어깨,Step:1 무릎을 구부리고 발을 바닥에 평평하게 댄 상태로 바닥에 등을 대고 눕습니다. | Step:2 바벨을 한 손에 잡고 손바닥이 위를 향하도록 하여 팔을 가슴 위로 곧게 뻗습니다. | Step:3 팔꿈치를 몸에 가깝게 붙인 상태를 유지하며 천천히 바벨을 가슴 쪽으로 내립니다. | Step:4 맨 아래에서 잠시 멈춘 후 바벨을 다시 밀어 시작 자세로 돌아갑니다. | Step:5 원하는 횟수만큼 반복한 후 팔을 바꿉니다.,https://melo2026.s3.ap-northeast-2.amazonaws.com/workout-images/vtusOWT.webp,weight,5.0,팔,상완,바벨,,바벨
VuoerH0,트라이셉스 딥 (벤치 레그),https://static.exercisedb.dev/media/VuoerH0.gif,삼두근,가슴 | 어깨,Step:1 손가락이 앞을 향하도록 하여 손으로 가장자리를 잡고 벤치 가장자리에 앉습니다. | Step:2 엉덩이를 벤치에서 떼고 팔을 곧게 펴면서 발을 앞으로 걷습니다. | Step:3 팔꿈치를 구부리고 등을 벤치에 가깝게 붙인 상태에서 몸을 바닥 쪽으로 내립니다. | Step:4 손바닥으로 밀어 팔을 펴고 시작 자세로 돌아갑니다. | Step:5 원하는 횟수만큼 반복합니다.,https://melo2026.s3.ap-northeast-2.amazonaws.com/workout-images/VuoerH0.webp,weight,3.5,팔,상완,맨몸,,맨몸
vUTfFHw,밴드 리스트 컬,https://static.exercisedb.dev/media/vUTfFHw.gif,전완근,이두근 | 삼두근,"Step:1 발을 바닥에 평평하게 댄 상태로 벤치나 의자에 앉습니다. | Step:2 밴드를 양손으로 잡고 손바닥이 위를 향하도록 하며, 팔뚝을 허벅지에 댑니다. | Step:3 손목을 위로 천천히 컬링하며 팔뚝을 쥐어짭니다. | Step:4 맨 위에서 잠시 멈춘 후 손목을 천천히 시작 자세로 내립니다. | Step:5 원하는 횟수만큼 반복합니다.",https://melo2026.s3.ap-northeast-2.amazonaws.com/workout-images/vUTfFHw.webp,weight,5.0,팔,전완,밴드,,밴드
vvNjDJS,케이블 투 암 트라이셉스 킥백,https://static.exercisedb.dev/media/vvNjDJS.gif,삼두근,어깨,Step:1 발을 어깨 너비로 벌리고 무릎을 약간 구부리고 섭니다. | Step:2 각 손으로 케이블 손잡이를 잡고 손바닥이 안쪽을 향하도록 하며 팔꿈치를 90도 각도로 구부립니다. | Step:3 윗팔을 고정한 상태를 유지하며 팔이 완전히 펴질 때까지 팔뚝을 뒤로 뻗습니다. | Step:4 잠시 멈춘 후 천천히 시작 자세로 돌아갑니다. | Step:5 원하는 횟수만큼 반복합니다.,https://melo2026.s3.ap-northeast-2.amazonaws.com/workout-images/vvNjDJS.webp,weight,5.0,팔,상완,케이블 머신,,케이블
Vvwjz6N,글루트 햄 레이즈,https://static.exercisedb.dev/media/Vvwjz6N.gif,햄스트링,둔근 | lower back,Step:1 글루트 햄 레이즈 머신을 몸에 맞게 조절합니다. | Step:2 발목을 고정한 상태에서 머신에 엎드립니다. | Step:3 손을 가슴에 대거나 가슴 위에 교차합니다. | Step:4 햄스트링과 둔근에 힘을 주어 상체를 천장 쪽으로 들어 올립니다. | Step:5 머리부터 발뒤꿈치까지 몸이 일직선이 될 때까지 계속 들어 올립니다. | Step:6 맨 위에서 잠시 멈춘 후 천천히 몸을 시작 자세로 내립니다. | Step:7 원하는 횟수만큼 반복합니다.,https://melo2026.s3.ap-northeast-2.amazonaws.com/workout-images/Vvwjz6N.webp,weight,3.5,하체,허벅지,맨몸,,맨몸
VW88JNd,덤벨 시티드 원 레그 카프 레이즈 - 팜 업,https://static.exercisedb.dev/media/VW88JNd.gif,종아리,햄스트링 | 둔근,Step:1 등을 곧게 펴고 발을 바닥에 평평하게 댄 상태로 벤치나 의자에 앉습니다. | Step:2 덤벨을 한 손에 잡고 허벅지 위에 올려놓고 손바닥이 위를 향하도록 합니다. | Step:3 무릎을 약간 구부린 상태를 유지하며 한쪽 다리를 들어 앞으로 뻗습니다. | Step:4 발 앞부분으로 밀어 발뒤꿈치를 최대한 높이 들어 올립니다. | Step:5 맨 위에서 잠시 멈춘 후 발뒤꿈치를 천천히 다시 내립니다. | Step:6 원하는 횟수만큼 반복한 후 다리를 바꾸고 반복합니다.,https://melo2026.s3.ap-northeast-2.amazonaws.com/workout-images/VW88JNd.webp,weight,5.0,하체,종아리,덤벨,,덤벨
VX5YKR5,어시스티드 라잉 레그 레이즈 위드 스로우 다운,https://static.exercisedb.dev/media/VX5YKR5.gif,복근,고관절 굴곡근 | quadriceps,Step:1 다리를 뻗고 팔을 옆구리에 댄 상태로 바닥에 등을 대고 눕습니다. | Step:2 지지를 위해 손을 엉덩이 아래에 둡니다. | Step:3 코어에 힘을 주고 다리를 곧게 편 상태로 바닥에서 들어 올립니다. | Step:4 다리를 바닥에 수직이 될 때까지 들어 올립니다. | Step:5 다리를 시작 자세로 다시 내립니다. | Step:6 다리를 곧게 편 상태를 유지하며 동시에 다리를 바닥 쪽으로 던집니다. | Step:7 다리를 다시 시작 자세로 들어 올립니다. | Step:8 원하는 횟수만큼 반복합니다.,https://melo2026.s3.ap-northeast-2.amazonaws.com/workout-images/VX5YKR5.webp,weight,5.0,코어,허리 | 복부,기타,보조 기구,보조 기구
vYk8lqw,덤벨 인클라인 리어 래터럴 레이즈,https://static.exercisedb.dev/media/vYk8lqw.gif,삼각근,승모근 | rhomboids,Step:1 인클라인 벤치를 45도 각도로 설정합니다. | Step:2 등받이에 가슴을 대고 벤치에 앉아 양손에 덤벨을 잡습니다. | Step:3 손바닥이 서로 마주 보도록 팔을 곧게 아래로 뻗습니다. | Step:4 팔꿈치를 약간 구부린 상태를 유지하며 팔이 바닥과 평행이 될 때까지 옆으로 들어 올립니다. | Step:5 맨 위에서 잠시 멈춘 후 팔을 천천히 시작 자세로 내립니다. | Step:6 원하는 횟수만큼 반복합니다.,https://melo2026.s3.ap-northeast-2.amazonaws.com/workout-images/vYk8lqw.webp,weight,5.0,어깨,,덤벨,,덤벨
VYmYxK5,덤벨 원 암 해머 프레스 온 엑서사이즈 볼,https://static.exercisedb.dev/media/VYmYxK5.gif,삼두근,어깨 | 가슴,Step:1 발을 바닥에 평평하게 댄 상태로 등을 곧게 펴고 엑서사이즈 볼에 앉습니다. | Step:2 덤벨을 한 손에 잡고 손바닥이 안쪽을 향하도록 하며 팔꿈치를 90도 각도로 구부립니다. | Step:3 안정성을 위해 다른 손은 엉덩이에 댑니다. | Step:4 덤벨을 위로 밀어 팔을 완전히 뻗습니다. | Step:5 맨 위에서 잠시 멈춘 후 덤벨을 천천히 시작 자세로 내립니다. | Step:6 원하는 횟수만큼 반복한 후 팔을 바꿉니다.,https://melo2026.s3.ap-northeast-2.amazonaws.com/workout-images/VYmYxK5.webp,weight,5.0,팔,상완,덤벨,,덤벨
vzAxBtt,케틀벨 원 암 클린 앤 저크,https://static.exercisedb.dev/media/vzAxBtt.gif,삼각근,삼두근 | 코어,"Step:1 발을 어깨 너비로 벌리고 한 손에 케틀벨을 오버핸드 그립으로 잡고 섭니다. | Step:2 무릎을 약간 구부리고 엉덩이에서 힌지 동작을 하며 케틀벨을 다리 사이로 내립니다. | Step:3 엉덩이, 무릎, 발목을 폭발적으로 펴서 케틀벨을 어깨 높이까지 스윙하는 추진력을 사용합니다. | Step:4 케틀벨이 어깨 높이에 도달하면 손목을 회전하고 손을 똑바로 위로 뻗어 팔을 머리 위로 잠급니다. | Step:5 케틀벨을 시작 자세로 다시 내리고 원하는 횟수만큼 반복합니다.",https://melo2026.s3.ap-northeast-2.amazonaws.com/workout-images/vzAxBtt.webp,weight,5.0,어깨,,케틀벨,,케틀벨
w1NOByi,밴드 스쿼트 로우,https://static.exercisedb.dev/media/w1NOByi.gif,둔근,햄스트링 | quadriceps | 등,Step:1 밴드를 허리 높이의 튼튼한 고정 지점에 연결합니다. | Step:2 고정 지점을 향해 서서 발을 어깨 너비로 벌립니다. | Step:3 손바닥이 서로 마주 보도록 밴드 손잡이를 잡고 팔을 앞으로 뻗습니다. | Step:4 무릎을 구부리고 등을 곧게 펴고 가슴을 들어 올린 상태를 유지하며 스쿼트 자세로 내려갑니다. | Step:5 스쿼트 자세에서 밴드 손잡이를 몸 쪽으로 당기면서 어깨뼈를 함께 쥐어짭니다. | Step:6 맨 위에서 잠시 멈춘 후 천천히 긴장을 풀고 시작 자세로 돌아갑니다. | Step:7 원하는 횟수만큼 반복합니다.,https://melo2026.s3.ap-northeast-2.amazonaws.com/workout-images/w1NOByi.webp,weight,5.0,하체,허벅지,밴드,,밴드
W1p7BND,체스트 스트레치 위드 엑서사이즈 볼 파셜,,대흉근,어깨 | 삼두근,"Step:1 발을 바닥에 평평하게 대고 등을 곧게 편 채로 스태빌리티 볼 위에 앉습니다. | Step:2 양손으로 엑서사이즈 볼을 잡고 팔을 앞으로 곧게 뻗습니다. 부분적인 움직임에 집중합니다. | Step:3 가슴 근육이 늘어나는 것을 느끼면서 천천히 엑서사이즈 볼을 가슴 쪽으로 당깁니다. | Step:4 몇 초간 스트레칭을 유지한 다음, 천천히 시작 자세로 돌아갑니다. | Step:5 원하는 횟수만큼 반복합니다.",,weight,2.5,가슴,,기타,짐볼,짐볼
w2oRpuH,레버 얼터네이팅 내로우 그립 시티드 로우,https://static.exercisedb.dev/media/w2oRpuH.gif,상부 등,이두근 | 전완근,Step:1 올바른 정렬을 위해 시트 높이와 발판 위치를 조절합니다. | Step:2 등을 곧게 펴고 발을 발판에 평평하게 댄 채 머신에 앉습니다. | Step:3 손바닥이 서로 마주보도록 하여 핸들을 좁게 잡습니다. | Step:4 운동 내내 가슴을 펴고 어깨를 뒤로 젖힌 상태를 유지합니다. | Step:5 다른 핸들을 고정한 상태로 한쪽 핸들을 몸통 쪽으로 당깁니다. | Step:6 움직임 끝에서 견갑골을 함께 쥐어짜줍니다. | Step:7 천천히 핸들을 시작 자세로 되돌리고 반대쪽으로 반복합니다. | Step:8 원하는 횟수만큼 번갈아 가며 반복합니다.,https://melo2026.s3.ap-northeast-2.amazonaws.com/workout-images/w2oRpuH.webp,weight,5.0,등,,머신,레버리지 머신,레버리지 머신
W31mMjd,바벨 사이드 스플릿 스쿼트,https://static.exercisedb.dev/media/W31mMjd.gif,대퇴사두근,둔근 | 햄스트링 | 종아리,"Step:1 발을 어깨너비보다 넓게 벌리고 발끝을 약간 바깥쪽으로 향하게 서서 시작합니다. | Step:2 승모근 위에 얹어 바벨을 등 위로 올립니다. | Step:3 코어에 힘을 주고 가슴을 편 채로 무릎과 엉덩이를 구부려 스쿼트 자세로 몸을 낮춥니다. | Step:4 낮출 때 무릎을 바깥쪽으로 밀고 발뒤꿈치에 체중을 싣습니다. | Step:5 허벅지가 바닥과 평행이 될 때까지 낮춘 다음, 발뒤꿈치로 밀어 시작 자세로 돌아옵니다. | Step:6 원하는 횟수만큼 반복합니다.",https://melo2026.s3.ap-northeast-2.amazonaws.com/workout-images/W31mMjd.webp,weight,5.0,하체,허벅지,바벨,,바벨
w44vFvP,스미스 원 암 로우 리니어,,상부 등,이두근 | 전완근,"Step:1 스미스 머신 바의 높이를 허리 높이로 조절합니다. | Step:2 발을 어깨너비로 벌리고 스미스 머신을 마주보고 섭니다. 리니어 컨트롤을 강조합니다. | Step:3 무릎을 약간 구부리고 등을 곧게 편 채 엉덩이에서 앞으로 숙입니다. | Step:4 손바닥이 아래를 향하도록 하여 오버핸드 그립으로 바를 한 손으로 잡습니다. | Step:5 팔꿈치를 몸에 가깝게 유지하고 바를 허리 쪽으로 당기면서 견갑골을 함께 쥐어짜줍니다. | Step:6 움직임 상단에서 잠시 멈춘 다음, 천천히 바를 시작 자세로 되돌립니다. | Step:7 원하는 횟수만큼 반복한 다음, 다른 팔로 전환합니다.",,weight,5.0,등,,스미스 머신,,스미스 머신
w4dLzSx,케이블 원 암 디클라인 체스트 플라이,https://static.exercisedb.dev/media/w4dLzSx.gif,대흉근,어깨 | 삼두근,"Step:1 낮은 풀리 케이블 머신에 D-핸들을 부착하고 벤치를 디클라인 각도로 설정합니다. | Step:2 머신을 향해 머리를 두고 벤치에 누워 오른손으로 핸들을 잡습니다. | Step:3 팔꿈치를 약간 구부린 상태로 팔을 가슴 위로 곧게 뻗습니다. | Step:4 통제된 동작으로 팔을 어깨 높이까지 옆으로 내립니다. | Step:5 잠시 멈춘 다음, 동작을 반대로 하여 팔을 시작 자세로 되돌립니다. | Step:6 원하는 횟수만큼 반복한 다음, 왼팔로 전환하여 운동을 반복합니다.",https://melo2026.s3.ap-northeast-2.amazonaws.com/workout-images/w4dLzSx.webp,weight,5.0,가슴,,케이블 머신,,케이블
W6PxUkg,덤벨 킥백,https://static.exercisedb.dev/media/W6PxUkg.gif,삼두근,어깨,"Step:1 발을 어깨너비로 벌리고 서서 양손에 덤벨을 잡습니다. | Step:2 무릎을 약간 구부리고 등을 곧게 편 채 엉덩이에서 앞으로 숙입니다. | Step:3 팔꿈치를 90도 각도로 구부린 채 상완을 옆구리에 가깝게 붙입니다. | Step:4 팔을 곧게 뒤로 뻗으면서 움직임 상단에서 삼두근을 쥐어짜줍니다. | Step:5 잠시 멈춘 다음, 천천히 덤벨을 시작 자세로 되돌립니다. | Step:6 원하는 횟수만큼 반복합니다.",https://melo2026.s3.ap-northeast-2.amazonaws.com/workout-images/W6PxUkg.webp,weight,5.0,팔,상완,덤벨,,덤벨
w7obpWd,액티브 스타일 케이블 푸시다운,,삼두근,전완근,"Step:1 높은 풀리 케이블 머신에 스트레이트 바를 부착합니다. | Step:2 발을 어깨너비로 벌리고 무릎을 약간 구부린 채 머신을 마주보고 섭니다. | Step:3 손을 어깨너비로 벌려 오버핸드 그립으로 바를 잡습니다. | Step:4 팔꿈치를 옆구리에 가깝게 유지하고 상완을 고정합니다. | Step:5 숨을 내쉬면서 팔꿈치가 완전히 펴질 때까지 바를 아래로 누릅니다. | Step:6 잠시 멈춘 다음, 숨을 들이쉬면서 천천히 바를 시작 자세로 되돌립니다. 전체 과정에서 액티브한 자세를 유지합니다. | Step:7 원하는 횟수만큼 반복합니다.",,weight,5.0,팔,상완,케이블 머신,,케이블
W7yh3Yo,월 스타일 덤벨 원 암 프렌치 프레스 온 엑서사이즈 볼,,삼두근,어깨,"Step:1 발을 바닥에 평평하게 대고 등을 곧게 편 채로 엑서사이즈 볼 위에 앉습니다. | Step:2 손바닥이 위를 향하도록 하고 팔꿈치를 90도 각도로 구부린 채 덤벨을 한 손으로 잡습니다. 벽 움직임에 집중합니다. | Step:3 팔꿈치를 고정한 채 팔을 천장으로 곧게 뻗습니다. | Step:4 천천히 덤벨을 시작 자세로 되돌립니다. | Step:5 원하는 횟수만큼 반복한 다음, 팔을 바꿔 반복합니다.",,weight,5.0,팔,상완,덤벨,,덤벨
W8KAlkI,푸시업 메디신 볼,https://static.exercisedb.dev/media/W8KAlkI.gif,대흉근,삼두근 | 어깨 | 코어,Step:1 손을 어깨너비로 벌려 메디신 볼 위에 놓고 하이 플랭크 자세로 시작합니다. | Step:2 코어에 힘을 주고 등을 곧게 편 채 팔꿈치를 구부려 몸을 바닥 쪽으로 낮춥니다. | Step:3 손바닥으로 밀어 팔을 펴고 시작 자세로 돌아옵니다. | Step:4 원하는 횟수만큼 반복합니다.,https://melo2026.s3.ap-northeast-2.amazonaws.com/workout-images/W8KAlkI.webp,weight,5.0,가슴,,기타,메디신볼,메디신볼
W9pFVv1,바벨 벤치 스쿼트,https://static.exercisedb.dev/media/W9pFVv1.gif,대퇴사두근,둔근 | 햄스트링 | 종아리,"Step:1 스쿼트 랙에 가슴 높이로 바벨을 설정합니다. | Step:2 랙을 등지고 발을 어깨너비로 벌리고 섭니다. | Step:3 무릎을 구부리고 등을 곧게 펴고 가슴을 들어 올린 채 스쿼트 자세로 몸을 낮춥니다. | Step:4 손을 어깨너비보다 약간 넓게 벌려 오버핸드 그립으로 바벨을 잡습니다. | Step:5 바벨을 랙에서 들어 올리고 발이 여전히 어깨너비로 벌어지도록 뒤로 물러섭니다. | Step:6 무릎이 발끝과 일직선이 되도록 하면서 몸을 스쿼트 자세로 낮춥니다. | Step:7 바닥에서 잠시 멈춘 다음, 발뒤꿈치로 밀어 시작 자세로 돌아옵니다. | Step:8 원하는 횟수만큼 반복합니다.",https://melo2026.s3.ap-northeast-2.amazonaws.com/workout-images/W9pFVv1.webp,weight,5.0,하체,허벅지,바벨,,바벨
WbNq5Xu,레버 스탠딩 체스트 프레스,https://static.exercisedb.dev/media/WbNq5Xu.gif,대흉근,어깨 | 삼두근,"Step:1 시트 높이를 조절하고 발을 바닥에 평평하게 대고 머신에 자세를 잡습니다. | Step:2 오버핸드 그립으로 핸들을 잡고 손을 가슴 높이에 둡니다. | Step:3 팔꿈치를 약간 구부린 채 팔이 완전히 펴질 때까지 핸들을 앞으로 밀어냅니다. | Step:4 잠시 멈춘 다음, 동작 내내 통제력을 유지하면서 천천히 핸들을 가슴 쪽으로 되돌립니다. | Step:5 원하는 횟수만큼 반복합니다.",https://melo2026.s3.ap-northeast-2.amazonaws.com/workout-images/WbNq5Xu.webp,weight,5.0,가슴,,머신,레버리지 머신,레버리지 머신
wbUYILZ,엘보우 리프트 - 리버스 푸시업,https://static.exercisedb.dev/media/wbUYILZ.gif,상부 등,삼두근 | 어깨,Step:1 다리를 뻗고 손을 어깨 바로 아래에 둔 채 바닥에 엎드린 자세로 시작합니다. | Step:2 코어에 힘을 주고 팔꿈치를 옆구리에 가깝게 유지하면서 손바닥으로 밀어 상체를 바닥에서 들어 올립니다. | Step:3 상단에서 잠시 멈추면서 등 상부 근육을 쥐어짜줍니다. | Step:4 천천히 몸을 시작 자세로 되돌립니다. | Step:5 원하는 횟수만큼 반복합니다.,https://melo2026.s3.ap-northeast-2.amazonaws.com/workout-images/wbUYILZ.webp,weight,3.5,등,,맨몸,,맨몸
WCAvOfC,사이드-투-사이드 토 터치 (남성),https://static.exercisedb.dev/media/WCAvOfC.gif,복근,obliques | 고관절 굴곡근,"Step:1 발을 어깨너비로 벌리고 팔을 옆으로 뻗고 섭니다. | Step:2 허리에서 오른쪽으로 구부리면서 왼팔은 옆으로 뻗은 채 오른손을 오른쪽 발을 향해 뻗습니다. | Step:3 시작 자세로 돌아온 다음, 허리에서 왼쪽으로 구부리면서 오른팔은 옆으로 뻗은 채 왼손을 왼쪽 발을 향해 뻗습니다. | Step:4 원하는 횟수만큼 좌우로 구부리는 동작을 반복합니다.",https://melo2026.s3.ap-northeast-2.amazonaws.com/workout-images/WCAvOfC.webp,weight,3.5,코어,허리 | 복부,맨몸,,맨몸
WcHl7ru,스미스 클로즈-그립 벤치 프레스,https://static.exercisedb.dev/media/WcHl7ru.gif,삼두근,가슴 | 어깨,"Step:1 시트 높이를 조절하고 발을 바닥에 평평하게 대고 벤치에 자세를 잡습니다. | Step:2 어깨너비보다 약간 좁게 하여 바벨을 가까이 잡습니다. | Step:3 팔꿈치를 몸에 가깝게 유지하면서 바벨을 가슴 쪽으로 낮춥니다. | Step:4 바닥에서 잠시 멈춘 다음, 바벨을 다시 시작 자세로 밀어 올립니다. | Step:5 원하는 횟수만큼 반복합니다.",https://melo2026.s3.ap-northeast-2.amazonaws.com/workout-images/WcHl7ru.webp,weight,5.0,팔,상완,스미스 머신,,스미스 머신
wd4ds3s,바디웨이트 스탠딩 로우,https://static.exercisedb.dev/media/wd4ds3s.gif,상부 등,이두근 | 어깨,Step:1 발을 어깨너비로 벌리고 무릎을 약간 구부린 채 섭니다. | Step:2 손바닥이 아래를 향하도록 하여 오버핸드 그립으로 바 또는 핸들을 잡습니다. | Step:3 등을 곧게 펴고 코어에 힘을 줍니다. | Step:4 바 또는 핸들을 몸 쪽으로 당기면서 견갑골을 함께 쥐어짜줍니다. | Step:5 움직임 상단에서 잠시 멈춥니다. | Step:6 천천히 놓고 팔을 시작 자세로 되돌립니다. | Step:7 원하는 횟수만큼 반복합니다.,https://melo2026.s3.ap-northeast-2.amazonaws.com/workout-images/wd4ds3s.webp,weight,3.5,등,,맨몸,,맨몸
wDN97Ca,머신 이너 체스트 프레스,https://static.exercisedb.dev/media/wDN97Ca.gif,대흉근,삼두근 | 어깨,"Step:1 시트 높이를 조절하고 패드에 등을 대고 머신에 앉으세요. | Step:2 오버핸드 그립으로 손잡이를 잡고 팔꿈치를 90도 각도로 위치시키세요. | Step:3 팔이 완전히 펴질 때까지 손잡이를 앞으로 밀면서 숨을 내쉬세요. | Step:4 동작 끝에서 잠시 멈춘 후, 숨을 들이쉬면서 천천히 시작 자세로 돌아가세요. | Step:5 원하는 횟수만큼 반복하세요.",https://melo2026.s3.ap-northeast-2.amazonaws.com/workout-images/wDN97Ca.webp,weight,5.0,가슴,,머신,레버리지 머신,레버리지 머신
wdRZISl,바벨 스탠딩 클로즈 그립 밀리터리 프레스,https://static.exercisedb.dev/media/wdRZISl.gif,삼각근,삼두근 | 상부 등,Step:1 발을 어깨너비로 벌리고 서서 오버핸드 그립으로 바벨을 잡으세요. 손은 어깨너비보다 약간 좁게 잡습니다. | Step:2 팔꿈치를 몸에 가깝게 붙이고 바벨을 어깨 높이까지 들어 올리세요. | Step:3 팔을 완전히 펴면서 바벨을 머리 위로 밀어 올리세요. | Step:4 바벨을 어깨 높이로 다시 내리세요. | Step:5 원하는 횟수만큼 반복하세요.,https://melo2026.s3.ap-northeast-2.amazonaws.com/workout-images/wdRZISl.webp,weight,5.0,어깨,,바벨,,바벨
wDUqY2u,케이블 오버헤드 컬,https://static.exercisedb.dev/media/wDUqY2u.gif,이두근,전완근 | 어깨,Step:1 하이 풀리 케이블 머신에 스트레이트 바를 연결하세요. | Step:2 발을 어깨너비로 벌리고 머신을 향해 서세요. | Step:3 언더핸드 그립으로 어깨너비만큼 바를 잡으세요. | Step:4 팔꿈치를 옆구리에 가깝게 붙이고 상완을 고정하세요. | Step:5 숨을 내쉬면서 상완을 고정한 채로 이마 쪽으로 바를 컬링하세요. | Step:6 동작 하단에서 잠시 멈추면서 이두근을 수축하세요. | Step:7 숨을 들이쉬면서 팔을 완전히 펴면서 천천히 바를 시작 자세로 돌아가세요. | Step:8 원하는 횟수만큼 반복하세요.,https://melo2026.s3.ap-northeast-2.amazonaws.com/workout-images/wDUqY2u.webp,weight,5.0,팔,상완,케이블 머신,,케이블
weoDEpH,캡틴스 체어 스트레이트 레그 레이즈,https://static.exercisedb.dev/media/weoDEpH.gif,복근,고관절 굴곡근,"Step:1 캡틴스 체어에 앉아 등받이에 등을 대고 팔뚝을 팔 패드에 올리세요. | Step:2 상체를 안정시키고 등을 곧게 펴세요. | Step:3 복근을 사용하여 다리를 앞으로 곧게 펴서 들어 올리세요. | Step:4 다리가 바닥과 평행이 되거나 편안하게 올라갈 수 있는 만큼 높이 들어 올리세요. | Step:5 상단에서 잠시 멈춘 후, 천천히 다리를 시작 자세로 내리세요. | Step:6 원하는 횟수만큼 반복하세요.",https://melo2026.s3.ap-northeast-2.amazonaws.com/workout-images/weoDEpH.webp,weight,3.5,코어,허리 | 복부,맨몸,,맨몸
wEulIzp,케이블 원 암 레터럴 레이즈,https://static.exercisedb.dev/media/wEulIzp.gif,삼각근,승모근 | 삼두근,"Step:1 발을 어깨너비로 벌리고 서서 케이블 머신을 향하세요. | Step:2 케이블 손잡이를 한 손으로 잡고 손바닥이 아래를 향하게 하세요. 케이블에 장력이 걸릴 만큼 머신에서 떨어져 서세요. | Step:3 팔을 곧게 펴고 바닥과 평행이 될 때까지 옆으로 들어 올리세요. | Step:4 상단에서 잠시 멈춘 후, 천천히 팔을 시작 자세로 내리세요. | Step:5 원하는 횟수만큼 반복한 후 반대쪽으로 전환하세요.",https://melo2026.s3.ap-northeast-2.amazonaws.com/workout-images/wEulIzp.webp,weight,5.0,어깨,,케이블 머신,,케이블
wf24o8S,케틀벨 투 암 로우,https://static.exercisedb.dev/media/wf24o8S.gif,상부 등,이두근 | 전완근,"Step:1 발을 어깨너비로 벌리고 무릎을 살짝 구부린 후, 양손에 케틀벨을 잡고 손바닥이 몸을 향하게 하세요. | Step:2 등을 곧게 펴고 코어를 사용하여 엉덩이에서 앞으로 구부리세요. | Step:3 견갑골을 함께 모으면서 케틀벨을 가슴 쪽으로 당겨 올리세요. | Step:4 상단에서 잠시 멈춘 후, 천천히 케틀벨을 시작 자세로 내리세요. | Step:5 원하는 횟수만큼 반복하세요.",https://melo2026.s3.ap-northeast-2.amazonaws.com/workout-images/wf24o8S.webp,weight,5.0,등,,케틀벨,,케틀벨
wfotm7S,바디웨이트 드롭 점프 스쿼트,https://static.exercisedb.dev/media/wfotm7S.gif,둔근,quadriceps | 햄스트링 | 종아리,"Step:1 발을 어깨너비로 벌리고 서세요. | Step:2 무릎을 구부리고 엉덩이를 뒤로 밀면서 몸을 스쿼트 자세로 낮추세요. | Step:3 엉덩이, 무릎, 발목을 펴면서 폭발적으로 점프하세요. | Step:4 공중에서 발을 빠르게 모으세요. | Step:5 발 앞꿈치로 부드럽게 착지하고 즉시 스쿼트 자세로 돌아가세요. | Step:6 원하는 횟수만큼 반복하세요.",https://melo2026.s3.ap-northeast-2.amazonaws.com/workout-images/wfotm7S.webp,weight,3.5,하체,허벅지,맨몸,,맨몸
WFucoe6,해머 스트레이트 트위스팅 레그 힙 레이즈 컴파운드,,복근,obliques | 고관절 굴곡근,Step:1 팔을 완전히 펴고 다리를 곧게 편 상태로 풀업 바에 매달리세요. | Step:2 코어를 사용하고 다리를 곧게 편 채로 가슴 쪽으로 들어 올리세요. 컴파운드 강도로 수행하세요. | Step:3 다리가 바닥과 평행이 되면 엉덩이를 한쪽으로 비틀면서 다리를 그쪽으로 가져가세요. | Step:4 잠시 멈춘 후 시작 자세로 돌아가세요. | Step:5 이번에는 엉덩이를 반대쪽으로 비틀면서 동작을 반복하세요. | Step:6 원하는 횟수만큼 번갈아 가며 반복하세요.,,weight,3.5,코어,허리 | 복부,맨몸,,맨몸
Wgaz7pm,레버 시티드 크런치,https://static.exercisedb.dev/media/Wgaz7pm.gif,복근,obliques,"Step:1 레버리지 머신에 앉아 패드에 등을 대고 발을 바닥에 평평하게 놓으세요. | Step:2 손잡이를 잡거나 지지를 위해 손을 옆 패드에 올리세요. | Step:3 복근을 사용하고 패드가 함께 움직이도록 하면서 천천히 뒤로 기울이세요. | Step:4 상체가 45도 각도가 되면 복근을 수축하고 앞으로 크런치하면서 가슴을 무릎 쪽으로 가져가세요. | Step:5 상단에서 잠시 멈춘 후, 천천히 풀고 시작 자세로 돌아가세요. | Step:6 원하는 횟수만큼 반복하세요.",https://melo2026.s3.ap-northeast-2.amazonaws.com/workout-images/Wgaz7pm.webp,weight,5.0,코어,허리 | 복부,머신,레버리지 머신,레버리지 머신
Wgbn9qo,트라이셉스 딥 (벤치 사이),https://static.exercisedb.dev/media/Wgbn9qo.gif,삼두근,가슴 | 어깨,"Step:1 벤치 가장자리를 손가락이 앞으로 향하게 잡고 앉으세요. | Step:2 엉덩이를 벤치에서 떼어내고 손으로 체중을 지탱하세요. | Step:3 팔꿈치를 구부리고 등을 벤치에 가깝게 붙인 채 몸을 바닥 쪽으로 내리세요. | Step:4 하단에서 잠시 멈춘 후, 시작 자세로 다시 밀어 올리세요. | Step:5 원하는 횟수만큼 반복하세요.",https://melo2026.s3.ap-northeast-2.amazonaws.com/workout-images/Wgbn9qo.webp,weight,3.5,팔,상완,맨몸,,맨몸
WgJnBH5,덤벨 시티드 바이셉스 컬 (스태빌리티 볼 위),https://static.exercisedb.dev/media/WgJnBH5.gif,이두근,전완근,Step:1 발을 바닥에 평평하게 놓고 등을 곧게 편 채 스태빌리티 볼에 앉으세요. | Step:2 각 손에 덤벨을 잡고 손바닥이 앞을 향하게 하며 팔을 완전히 펴세요. | Step:3 상완을 고정한 채 숨을 내쉬면서 이두근을 수축하며 덤벨을 컬링하세요. | Step:4 이두근이 완전히 수축되고 덤벨이 어깨 높이에 올 때까지 덤벨을 들어 올리세요. | Step:5 이두근을 쥐어짜면서 수축된 자세를 잠시 유지하세요. | Step:6 숨을 들이쉬면서 천천히 덤벨을 시작 자세로 내리세요. | Step:7 원하는 횟수만큼 반복하세요.,https://melo2026.s3.ap-northeast-2.amazonaws.com/workout-images/WgJnBH5.webp,weight,5.0,팔,상완,덤벨,,덤벨
WhuFnR7,라잉 레그 레이즈 플랫 벤치,https://static.exercisedb.dev/media/WhuFnR7.gif,복근,고관절 굴곡근,"Step:1 플랫 벤치에 등을 대고 평평하게 누우세요. | Step:2 지지를 위해 엉덩이 아래에 손을 놓으세요. | Step:3 다리를 곧게 펴고 모은 상태에서 천장 쪽으로 들어 올리세요. | Step:4 상단에서 잠시 멈춘 후, 천천히 다리를 시작 자세로 내리세요. | Step:5 원하는 횟수만큼 반복하세요.",https://melo2026.s3.ap-northeast-2.amazonaws.com/workout-images/WhuFnR7.webp,weight,3.5,코어,허리 | 복부,맨몸,,맨몸
wi2H9QX,스미스 와이드 그립 디클라인 벤치 프레스,https://static.exercisedb.dev/media/wi2H9QX.gif,대흉근,삼두근 | 어깨,Step:1 디클라인 벤치를 원하는 각도로 조절하세요. | Step:2 발을 발 패드 아래에 고정하고 벤치에 누우세요. | Step:3 어깨너비보다 약간 넓게 바벨을 와이드 그립으로 잡으세요. | Step:4 바벨을 언랙하고 팔꿈치를 바깥쪽으로 향하게 하면서 천천히 가슴 쪽으로 내리세요. | Step:5 바벨이 가슴에 닿으면 잠시 멈추세요. | Step:6 팔을 완전히 펴면서 바벨을 시작 자세로 다시 밀어 올리세요. | Step:7 원하는 횟수만큼 반복하세요.,https://melo2026.s3.ap-northeast-2.amazonaws.com/workout-images/wi2H9QX.webp,weight,5.0,가슴,,스미스 머신,,스미스 머신
wigSg76,클랩 푸시업,https://static.exercisedb.dev/media/wigSg76.gif,대흉근,삼두근 | 어깨,Step:1 손을 어깨너비보다 약간 넓게 벌리고 하이 플랭크 자세로 시작하세요. | Step:2 코어를 사용하면서 팔꿈치를 구부려 몸을 바닥 쪽으로 내리세요. | Step:3 손바닥으로 폭발적으로 밀어 몸을 땅에서 띄우세요. | Step:4 공중에서 손뼉을 치고 시작 자세로 돌아오세요. | Step:5 원하는 횟수만큼 반복하세요.,https://melo2026.s3.ap-northeast-2.amazonaws.com/workout-images/wigSg76.webp,weight,3.5,가슴,,맨몸,,맨몸
wkgnGfb,케틀벨 인클라인 덤벨 해머 프레스 온 엑서사이즈 볼,https://static.exercisedb.dev/media/wkgnGfb.gif,삼두근,가슴 | 어깨,"Step:1 각 손에 덤벨을 잡고 손바닥이 서로 마주보게 한 채 엑서사이즈 볼에 앉으세요. | Step:2 발을 앞으로 걷고 머리, 목, 등 상부가 볼에 지지될 때까지 몸을 볼을 따라 굴리세요. | Step:3 덤벨을 어깨 높이로 잡고 팔꿈치를 구부려 옆으로 향하게 하세요. | Step:4 손바닥이 서로 마주보게 하면서 덤벨을 위쪽과 약간 안쪽으로 누르세요. | Step:5 팔을 완전히 펴면서 동작 상단에서 삼두근을 수축하세요. | Step:6 천천히 덤벨을 시작 자세로 내리세요. | Step:7 원하는 횟수만큼 반복하세요.",https://melo2026.s3.ap-northeast-2.amazonaws.com/workout-images/wkgnGfb.webp,weight,5.0,팔,상완,덤벨,,덤벨
WKMQzCD,케틀벨 런지 패스 스루,https://static.exercisedb.dev/media/WKMQzCD.gif,둔근,quadriceps | 햄스트링 | 종아리,Step:1 양손으로 가슴 앞에서 케틀벨을 잡고 발을 어깨너비로 벌리고 섭니다. | Step:2 오른쪽 발을 앞으로 내딛으며 몸을 런지 자세로 낮춥니다. | Step:3 앞으로 런지하면서 케틀벨을 오른쪽 허벅지 아래로 통과시켜 왼손으로 옮깁니다. | Step:4 오른쪽 발로 밀어 시작 자세로 돌아오면서 동시에 케틀벨을 오른손으로 다시 옮깁니다. | Step:5 반대쪽도 런지를 반복하며 케틀벨을 왼쪽 허벅지 아래로 통과시킵니다. | Step:6 원하는 횟수만큼 런지와 양손 사이 케틀벨 패스를 번갈아 가며 계속합니다.,https://melo2026.s3.ap-northeast-2.amazonaws.com/workout-images/WKMQzCD.webp,weight,5.0,하체,허벅지,케틀벨,,케틀벨
WL4EmxJ,사이드 브릿지 힙 애덕션,https://static.exercisedb.dev/media/WL4EmxJ.gif,외전근,둔근 | obliques,Step:1 다리를 펴고 서로 위에 쌓아 옆으로 눕습니다. | Step:2 팔뚝으로 몸을 지탱하고 팔꿈치는 어깨 바로 아래에 둡니다. | Step:3 코어에 힘을 주고 엉덩이를 바닥에서 들어 올려 머리부터 발끝까지 일직선이 되도록 합니다. | Step:4 코어에 힘을 준 상태에서 엉덩이를 회전시키지 않고 위쪽 다리를 가능한 한 높이 들어 올립니다. | Step:5 맨 위에서 잠시 멈춘 다음 다리를 다시 내립니다. | Step:6 원하는 횟수만큼 반복한 다음 반대쪽으로 전환합니다.,https://melo2026.s3.ap-northeast-2.amazonaws.com/workout-images/WL4EmxJ.webp,weight,3.5,하체,허벅지,맨몸,,맨몸
WLvTAv5,바벨 프론 인클라인 컬,https://static.exercisedb.dev/media/WLvTAv5.gif,이두근,전완근,Step:1 인클라인 벤치를 45도 각도로 설정합니다. | Step:2 가슴과 배를 벤치에 대고 엎드립니다. | Step:3 어깨너비로 언더핸드 그립으로 바벨을 잡습니다. | Step:4 팔을 완전히 펴서 바벨이 바닥 쪽으로 늘어뜨려지도록 합니다. | Step:5 윗팔을 고정한 상태에서 숨을 내쉬며 이두근을 수축하면서 무게를 컬링합니다. | Step:6 이두근이 완전히 수축되고 바가 어깨 높이에 올 때까지 바벨을 들어 올립니다. | Step:7 이두근을 쥐어짜면서 수축된 자세를 잠시 유지합니다. | Step:8 숨을 들이쉬면서 천천히 바벨을 시작 자세로 되돌립니다. | Step:9 원하는 횟수만큼 반복합니다.,https://melo2026.s3.ap-northeast-2.amazonaws.com/workout-images/WLvTAv5.webp,weight,5.0,팔,상완,바벨,,바벨
WM6TvvW,케이블 로우 시티드 컨트롤,,상부 등,이두근 | 전완근,Step:1 발을 발판에 평평하게 대고 무릎을 살짝 구부린 상태로 기구에 앉습니다. | Step:2 손바닥이 아래를 향하도록 오버핸드 그립으로 손잡이를 잡습니다. | Step:3 등을 곧게 펴고 팔꿈치를 살짝 구부린 상태를 유지하며 약간 앞으로 기울입니다. 전체적으로 통제된 자세를 유지합니다. | Step:4 손잡이를 몸 쪽으로 당기면서 견갑골을 함께 쥐어<0xEC><0x95><0x93>니다. | Step:5 동작의 정점에서 잠시 멈춘 다음 천천히 손잡이를 놓아 시작 자세로 돌아갑니다. | Step:6 원하는 횟수만큼 반복합니다.,,weight,5.0,등,,케이블 머신,,케이블
WME869U,엑서사이즈 볼 백 익스텐션 (무릎은 바닥에서 떨어뜨린 상태),https://static.exercisedb.dev/media/WME869U.gif,척추,둔근 | 햄스트링,Step:1 안정성 볼을 바닥에 놓고 엉덩이를 볼 위에 대고 엎드립니다. 발은 벽에 대어 안정성을 확보합니다. | Step:2 손을 머리 뒤나 가슴 위에 교차하여 놓습니다. | Step:3 코어에 힘을 주고 상체를 볼에서 천천히 들어 올려 머리부터 발뒤꿈치까지 일직선이 되도록 등을 폅니다. | Step:4 맨 위에서 잠시 멈춘 다음 상체를 천천히 시작 자세로 되돌립니다. | Step:5 원하는 횟수만큼 반복합니다.,https://melo2026.s3.ap-northeast-2.amazonaws.com/workout-images/WME869U.webp,weight,5.0,등,,기타,짐볼,짐볼
wnEscH8,바벨 프레스 싯업,https://static.exercisedb.dev/media/wnEscH8.gif,복근,어깨 | 가슴,Step:1 매트 위에 무릎을 구부리고 발을 바닥에 평평하게 대고 등을 대고 눕습니다. | Step:2 바벨을 오버핸드 그립으로 잡고 가슴 위에 올려놓습니다. | Step:3 복근에 힘을 주고 상체를 천천히 들어 올려 몸통이 45도 각도가 될 때까지 앞으로 컬링합니다. | Step:4 맨 위에서 잠시 멈춘 다음 상체를 천천히 시작 자세로 되돌립니다. | Step:5 원하는 횟수만큼 반복합니다.,https://melo2026.s3.ap-northeast-2.amazonaws.com/workout-images/wnEscH8.webp,weight,5.0,코어,허리 | 복부,바벨,,바벨
wOLmCXc,덤벨 트라이셉스 킥백 (스토크 스탠스),https://static.exercisedb.dev/media/wOLmCXc.gif,삼두근,어깨,Step:1 발을 어깨너비로 벌리고 서서 오른손으로 덤벨을 잡습니다. | Step:2 무릎을 살짝 구부리고 등을 곧게 편 상태를 유지하며 엉덩이에서 앞으로 힌지합니다. | Step:3 오른쪽 팔꿈치를 옆구리에 대고 90도 각도로 구부린 상태를 유지합니다. | Step:4 오른쪽 팔을 똑바로 뒤로 뻗으면서 삼두근을 쥐어<0xEC><0x95><0x93>니다. | Step:5 잠시 멈춘 다음 덤벨을 천천히 시작 자세로 되돌립니다. | Step:6 원하는 횟수만큼 반복한 다음 반대쪽으로 전환합니다.,https://melo2026.s3.ap-northeast-2.amazonaws.com/workout-images/wOLmCXc.webp,weight,5.0,팔,상완,덤벨,,덤벨
woLo1QN,인클라인 푸시업 (박스 위) - 액티브 변형,,대흉근,삼두근 | 어깨,Step:1 어깨너비보다 약간 넓게 손을 박스나 높은 표면 가장자리에 댑니다. | Step:2 발끝으로 서서 다리를 뒤로 뻗어 머리부터 발뒤꿈치까지 일직선이 되도록 합니다. | Step:3 팔꿈치를 구부려 가슴을 박스 쪽으로 낮추면서 몸을 일직선으로 유지합니다. | Step:4 맨 아래에서 잠시 멈춘 다음 팔을 펴서 시작 자세로 다시 밀어 올립니다. | Step:5 (액티브 변형) 원하는 횟수만큼 반복합니다.,,weight,3.5,가슴,,맨몸,,맨몸
wpbD28t,사이드 푸시업,https://static.exercisedb.dev/media/wpbD28t.gif,삼두근,어깨 | 가슴 | 코어,Step:1 다리를 펴고 서로 위에 쌓아 옆으로 누워서 시작합니다. | Step:2 아래쪽 손을 어깨 바로 아래 바닥에 대고 손가락은 앞을 향하도록 합니다. | Step:3 아래쪽 손으로 몸을 바닥에서 들어 올리면서 다리를 곧게 펴고 코어에 힘을 줍니다. | Step:4 위쪽 팔을 천장으로 똑바로 뻗어 머리부터 발뒤꿈치까지 일직선이 되도록 합니다. | Step:5 통제하면서 몸을 시작 자세로 다시 낮춥니다. | Step:6 원하는 횟수만큼 반복한 다음 반대쪽으로 전환합니다.,https://melo2026.s3.ap-northeast-2.amazonaws.com/workout-images/wpbD28t.webp,weight,3.5,팔,상완,맨몸,,맨몸
wPypxFY,케이블 사이드 밴드,https://static.exercisedb.dev/media/wPypxFY.gif,복근,obliques,Step:1 발을 어깨너비로 벌리고 서서 한 손으로 케이블 손잡이를 잡습니다. | Step:2 등을 곧게 펴고 코어에 힘을 줍니다. | Step:3 허리에서 옆으로 천천히 구부려 케이블 손잡이를 무릎 쪽으로 내립니다. | Step:4 잠시 멈춘 다음 시작 자세로 돌아옵니다. | Step:5 반대쪽도 반복합니다. | Step:6 원하는 횟수만큼 번갈아 가며 반복합니다.,https://melo2026.s3.ap-northeast-2.amazonaws.com/workout-images/wPypxFY.webp,weight,5.0,코어,허리 | 복부,케이블 머신,,케이블
wQ2c4XD,바벨 루마니안 데드리프트,https://static.exercisedb.dev/media/wQ2c4XD.gif,둔근,햄스트링 | lower back,Step:1 발을 어깨너비로 벌리고 발끝을 앞으로 향하게 하고 섭니다. | Step:2 어깨너비보다 약간 넓게 오버핸드 그립으로 바벨을 잡습니다. | Step:3 등을 곧게 펴고 무릎을 살짝 구부린 상태를 유지하며 엉덩이에서 구부립니다. | Step:4 바벨을 몸에 가깝게 유지하면서 바닥 쪽으로 내립니다. | Step:5 바벨을 내리면서 햄스트링의 스트레칭을 느낍니다. | Step:6 햄스트링에서 스트레칭이 느껴지면 엉덩이를 앞으로 밀고 똑바로 섭니다. | Step:7 동작의 맨 위에서 둔근을 쥐어<0xEC><0x95><0x93>니다. | Step:8 바벨을 시작 자세로 다시 내리고 원하는 횟수만큼 반복합니다.,https://melo2026.s3.ap-northeast-2.amazonaws.com/workout-images/wQ2c4XD.webp,weight,2.5,하체,허벅지,바벨,,바벨
wqNPGCg,케이블 리어 델트 로우 (로프 사용),https://static.exercisedb.dev/media/wqNPGCg.gif,삼각근,trapezius | rhomboids | 이두근,Step:1 로우 풀리 케이블 머신에 로프 손잡이를 부착합니다. | Step:2 머신을 향해 서서 발을 어깨너비로 벌립니다. | Step:3 손바닥이 서로 마주보도록 로프 손잡이를 오버핸드 그립으로 잡습니다. | Step:4 무릎을 살짝 구부리고 엉덩이에서 앞으로 힌지하며 등을 곧게 폅니다. | Step:5 팔꿈치를 살짝 구부리고 로프를 가슴 쪽으로 당기면서 견갑골을 함께 쥐어<0xEC><0x95><0x93>니다. | Step:6 동작의 맨 위에서 잠시 멈춘 다음 천천히 긴장을 풀고 시작 자세로 돌아갑니다. | Step:7 원하는 횟수만큼 반복합니다.,https://melo2026.s3.ap-northeast-2.amazonaws.com/workout-images/wqNPGCg.webp,weight,5.0,어깨,,케이블 머신,,케이블
WrYPP2g,케이블 원 암 스트레이트 백 하이 로우 (니이링),https://static.exercisedb.dev/media/WrYPP2g.gif,상부 등,이두근 | 어깨,Step:1 케이블 머신에 허리 높이로 손잡이를 부착합니다. | Step:2 케이블 머신을 향해 무릎을 꿇고 한 손으로 손잡이를 잡습니다. | Step:3 등을 곧게 펴고 코어에 힘을 줍니다. | Step:4 손잡이를 가슴 쪽으로 당기면서 견갑골을 함께 쥐어<0xEC><0x95><0x93>니다. | Step:5 동작의 맨 위에서 잠시 멈춥니다. | Step:6 천천히 손잡이를 시작 자세로 되돌립니다. | Step:7 원하는 횟수만큼 반복합니다. | Step:8 반대쪽으로 전환하고 다른 팔로 운동을 반복합니다.,https://melo2026.s3.ap-northeast-2.amazonaws.com/workout-images/WrYPP2g.webp,weight,5.0,등,,케이블 머신,,케이블
wSScovH,밴드 벤트오버 힙 익스텐션,https://static.exercisedb.dev/media/wSScovH.gif,둔근,햄스트링 | lower back,Step:1 발목 높이의 튼튼한 고정 지점에 밴드를 부착합니다. | Step:2 고정 지점에서 등을 돌리고 서서 발을 어깨너비로 벌립니다. | Step:3 밴드에 장력이 생기도록 뒤로 물러나면서 무릎을 살짝 구부립니다. | Step:4 엉덩이에서 힌지하고 등을 중립으로 유지하며 앞으로 기울입니다. | Step:5 오른쪽 다리를 똑바로 뒤로 뻗으면서 맨 위에서 둔근을 쥐어<0xEC><0x95><0x93>니다. | Step:6 오른쪽 다리를 다시 내리고 왼쪽 다리로 반복합니다. | Step:7 원하는 횟수만큼 번갈아 가며 반복합니다.,https://melo2026.s3.ap-northeast-2.amazonaws.com/workout-images/wSScovH.webp,weight,5.0,하체,허벅지,밴드,,밴드
wt6rwjk,덤벨 팜 로테이셔널 벤트오버 로우,https://static.exercisedb.dev/media/wt6rwjk.gif,상부 등,이두근 | 전완근,Step:1 발을 어깨너비로 벌리고 서서 양손으로 오버핸드 그립으로 덤벨을 잡습니다. | Step:2 등을 곧게 펴고 무릎을 살짝 구부린 상태를 유지하며 엉덩이에서 앞으로 구부립니다. | Step:3 팔을 똑바로 아래로 늘어뜨리고 손바닥이 몸을 향하도록 합니다. | Step:4 코어에 힘을 주고 팔꿈치를 몸에 가깝게 유지하면서 덤벨을 가슴 쪽으로 들어 올립니다. | Step:5 덤벨을 들어 올리면서 손바닥을 몸에서 멀어지도록 회전시킵니다. | Step:6 동작의 맨 위에서 견갑골을 함께 쥐어<0xEC><0x95><0x93>니다. | Step:7 덤벨을 천천히 시작 자세로 되돌리면서 손바닥을 시작 자세로 되돌립니다. | Step:8 원하는 횟수만큼 반복합니다.,https://melo2026.s3.ap-northeast-2.amazonaws.com/workout-images/wt6rwjk.webp,weight,5.0,등,,덤벨,,덤벨
wu5LXwz,올림픽 바벨 트라이셉스 익스텐션,https://static.exercisedb.dev/media/wu5LXwz.gif,삼두근,어깨,Step:1 발을 어깨 너비로 벌리고 바벨을 오버핸드 그립으로 잡고 섭니다. | Step:2 바벨을 머리 위로 들어 올려 팔을 완전히 폅니다. | Step:3 팔 윗부분을 머리에 가깝게 유지하면서 팔꿈치를 구부려 바벨을 머리 뒤로 천천히 내립니다. | Step:4 잠시 멈춘 후 팔을 펴서 시작 자세로 돌아옵니다. | Step:5 원하는 횟수만큼 반복합니다.,https://melo2026.s3.ap-northeast-2.amazonaws.com/workout-images/wu5LXwz.webp,weight,5.0,팔,상완,바벨,,olympic barbell
WU9BLIs,웨이티드 러시안 트위스트 (레그스 업),https://static.exercisedb.dev/media/WU9BLIs.gif,복근,obliques | 고관절 굴곡근,Step:1 바닥에 앉아 무릎을 구부리고 발을 바닥에서 떼고 다리를 모읍니다. | Step:2 양손으로 가슴 앞에서 무게를 잡고 팔꿈치를 살짝 구부립니다. | Step:3 코어 근육을 사용하기 위해 상체를 살짝 뒤로 기울입니다. | Step:4 몸통을 오른쪽으로 비틀어 무게를 오른쪽 바닥 쪽으로 가져옵니다. | Step:5 잠시 멈춘 후 몸통을 왼쪽으로 비틀어 무게를 왼쪽 바닥 쪽으로 가져옵니다. | Step:6 원하는 횟수만큼 양쪽을 번갈아 가며 계속합니다.,https://melo2026.s3.ap-northeast-2.amazonaws.com/workout-images/WU9BLIs.webp,weight,5.0,코어,허리 | 복부,기타,중량,중량
WVD66ff,운동 볼 백 익스텐션 위드 로테이션,https://static.exercisedb.dev/media/WVD66ff.gif,척추,둔근 | 햄스트링,Step:1 힙이 볼 위에 있고 발이 바닥에 단단히 고정된 상태로 안정성 볼 위에 엎드려 시작합니다. | Step:2 손을 머리 뒤에 두거나 가슴 위에 교차합니다. | Step:3 코어를 사용하고 상체를 볼에서 천천히 들어 올려 머리부터 발뒤꿈치까지 몸이 일직선이 될 때까지 등을 폅니다. | Step:4 위에서 잠시 멈춘 후 힙과 다리를 안정적으로 유지하면서 몸통을 한쪽으로 천천히 비틉니다. | Step:5 중앙으로 돌아와 반대쪽으로 비트는 동작을 반복합니다. | Step:6 상체를 시작 자세로 다시 내리고 원하는 횟수만큼 반복합니다.,https://melo2026.s3.ap-northeast-2.amazonaws.com/workout-images/WVD66ff.webp,weight,5.0,등,,기타,짐볼,짐볼
wVompEp,푸시업 온 보수 볼,https://static.exercisedb.dev/media/wVompEp.gif,대흉근,삼두근 | 어깨 | 코어,Step:1 보수 볼을 바닥에 놓고 평평한 면이 위로 향하게 합니다. | Step:2 보수 볼의 바깥쪽 가장자리에 손을 대고 푸시업 자세를 취합니다. | Step:3 코어를 사용하고 팔꿈치를 구부려 몸을 보수 볼 쪽으로 내립니다. | Step:4 팔을 펴서 시작 자세로 밀어 올립니다. | Step:5 원하는 횟수만큼 반복합니다.,https://melo2026.s3.ap-northeast-2.amazonaws.com/workout-images/wVompEp.webp,weight,3.5,가슴,,기타,보수볼,보수볼
WW95auq,케이블 니링 크런치,https://static.exercisedb.dev/media/WW95auq.gif,복근,obliques,Step:1 로프 핸들을 높은 풀리에 부착하고 기계에서 멀리 떨어진 곳에 무릎을 꿇습니다. | Step:2 양손으로 로프 핸들을 잡고 머리 뒤에 둡니다. 팔꿈치는 옆으로 벌립니다. | Step:3 힙을 고정한 상태에서 허리를 구부려 허벅지 쪽으로 상체를 쥐어짜듯이 내립니다. | Step:4 아래에서 잠시 멈춘 후 천천히 시작 자세로 돌아옵니다. | Step:5 원하는 횟수만큼 반복합니다.,https://melo2026.s3.ap-northeast-2.amazonaws.com/workout-images/WW95auq.webp,weight,5.0,코어,허리 | 복부,케이블 머신,,케이블
WWD6FzI,슬레드 45 디그리스 원 레그 프레스,https://static.exercisedb.dev/media/WWD6FzI.gif,둔근,quadriceps | 햄스트링 | 종아리,Step:1 슬레드 머신을 45도 각도로 조절합니다. | Step:2 패드에 등을 대고 발판에 발을 댄 상태로 슬레드 머신에 앉습니다. | Step:3 한 발을 발판에 대고 다리를 펴서 슬레드를 밀어냅니다. | Step:4 무릎을 천천히 구부려 슬레드를 시작 자세로 되돌립니다. | Step:5 반대쪽 다리로 반복합니다. | Step:6 원하는 횟수만큼 다리를 번갈아 가며 계속합니다.,https://melo2026.s3.ap-northeast-2.amazonaws.com/workout-images/WWD6FzI.webp,weight,5.0,하체,허벅지,머신,슬레드 머신,슬레드 머신
wWFspEi,스미스 싱글 레그 스플릿 스쿼트,https://static.exercisedb.dev/media/wWFspEi.gif,대퇴사두근,둔근 | 햄스트링,Step:1 스미스 머신 앞에 발을 어깨 너비로 벌리고 섭니다. | Step:2 한 발을 벤치나 스텝 위에 뒤로 놓고 발끝은 앞으로 향하게 합니다. | Step:3 균형을 잡기 위해 스미스 머신 바를 잡습니다. | Step:4 앞쪽 무릎을 구부리고 등을 곧게 편 상태로 몸을 런지 자세로 내립니다. | Step:5 아래에서 잠시 멈춘 후 앞쪽 발뒤꿈치로 밀어 시작 자세로 돌아옵니다. | Step:6 원하는 횟수만큼 반복한 후 다리를 바꿉니다.,https://melo2026.s3.ap-northeast-2.amazonaws.com/workout-images/wWFspEi.webp,weight,5.0,하체,허벅지,스미스 머신,,스미스 머신
wXvUZC8,푸시 앤 풀 바디웨이트,https://static.exercisedb.dev/media/wXvUZC8.gif,대흉근,삼두근 | deltoids,Step:1 손을 어깨 너비보다 약간 넓게 벌리고 몸이 일직선이 되도록 푸시업 자세를 취합니다. | Step:2 몸을 곧게 유지하면서 팔꿈치를 구부려 가슴을 바닥 쪽으로 내립니다. | Step:3 손바닥으로 밀어 팔을 펴서 시작 자세로 돌아옵니다. | Step:4 푸시업 자세에서 팔꿈치를 구부려 가슴을 바닥 쪽으로 당깁니다. 몸을 곧게 유지합니다. | Step:5 손바닥으로 밀어 팔을 펴서 시작 자세로 돌아옵니다. | Step:6 원하는 횟수만큼 반복합니다.,https://melo2026.s3.ap-northeast-2.amazonaws.com/workout-images/wXvUZC8.webp,weight,3.5,가슴,,맨몸,,맨몸
wyaqzOS,덤벨 라잉 원 암 프로네이티드 트라이셉스 익스텐션,https://static.exercisedb.dev/media/wyaqzOS.gif,삼두근,어깨,Step:1 등과 머리가 지지되는 벤치에 평평하게 눕고 발은 바닥에 댑니다. | Step:2 한 손으로 덤벨을 잡고 손바닥이 아래를 향하게 한 후 팔을 어깨 위로 곧게 뻗습니다. | Step:3 팔 윗부분을 고정한 상태에서 팔꿈치를 구부려 덤벨을 머리 뒤로 천천히 내립니다. | Step:4 아래에서 잠시 멈춘 후 팔을 펴서 시작 자세로 다시 올립니다. | Step:5 원하는 횟수만큼 반복한 후 팔을 바꿉니다.,https://melo2026.s3.ap-northeast-2.amazonaws.com/workout-images/wyaqzOS.webp,weight,5.0,팔,상완,덤벨,,덤벨
x0lwvfq,덤벨 시티드 벤트 오버 얼터네이트 킥백,https://static.exercisedb.dev/media/x0lwvfq.gif,삼두근,어깨 | 등,Step:1 벤치에 앉아 양손에 덤벨을 잡고 손바닥은 안쪽을 향하게 합니다. | Step:2 등을 바닥과 평행하게 곧게 유지하면서 허리에서 앞으로 구부립니다. | Step:3 팔을 몸에 가깝게 유지하면서 한 팔을 뒤로 곧게 뻗어 팔이 완전히 펴질 때까지 합니다. | Step:4 잠시 멈춘 후 천천히 덤벨을 시작 자세로 되돌립니다. | Step:5 반대쪽 팔로 반복합니다. | Step:6 원하는 횟수만큼 팔을 번갈아 가며 계속합니다.,https://melo2026.s3.ap-northeast-2.amazonaws.com/workout-images/x0lwvfq.webp,weight,5.0,팔,상완,덤벨,,덤벨
x2chWLO,넥 사이드 스트레치,https://static.exercisedb.dev/media/x2chWLO.gif,견갑거근,trapezius | sternocleidomastoid,Step:1 똑바로 서거나 앉아서 어깨를 편안하게 합니다. | Step:2 귀를 어깨 쪽으로 가져가면서 머리를 한쪽으로 기울입니다. | Step:3 15-30초 동안 스트레칭을 유지합니다. | Step:4 반대쪽으로 반복합니다. | Step:5 각 면당 2-4세트 수행합니다.,https://melo2026.s3.ap-northeast-2.amazonaws.com/workout-images/x2chWLO.webp,weight,2.5,코어,목,맨몸,,맨몸
x306lCW,덤벨 업라이트 숄더 익스터널 로테이션,https://static.exercisedb.dev/media/x306lCW.gif,삼각근,rotator cuff | trapezius,Step:1 발을 어깨 너비로 벌리고 서서 양손에 덤벨을 잡고 손바닥은 몸을 향하게 합니다. | Step:2 팔꿈치를 살짝 구부린 상태로 팔을 땅과 평행이 될 때까지 옆으로 들어 올립니다. | Step:3 팔꿈치를 같은 위치에 유지하면서 팔을 바깥쪽으로 회전시켜 덤벨을 머리 쪽으로 들어 올립니다. | Step:4 위에서 잠시 멈춘 후 천천히 덤벨을 시작 자세로 되돌립니다. | Step:5 원하는 횟수만큼 반복합니다.,https://melo2026.s3.ap-northeast-2.amazonaws.com/workout-images/x306lCW.webp,weight,5.0,어깨,,덤벨,,덤벨
X3cqyXz,레버 벤트 오버 로우,https://static.exercisedb.dev/media/X3cqyXz.gif,상부 등,이두근 | 전완근,Step:1 발을 어깨 너비로 벌리고 무릎을 살짝 구부리고 섭니다. | Step:2 손을 어깨 너비보다 약간 넓게 벌리고 바벨을 오버핸드 그립으로 잡습니다. | Step:3 등을 곧게 펴고 가슴을 들어 올린 상태에서 엉덩이에서 앞으로 구부립니다. | Step:4 견갑골을 함께 쥐어짜면서 바벨을 아랫가슴 쪽으로 당깁니다. | Step:5 위에서 잠시 멈춘 후 천천히 바벨을 시작 자세로 되돌립니다. | Step:6 원하는 횟수만큼 반복합니다.,https://melo2026.s3.ap-northeast-2.amazonaws.com/workout-images/X3cqyXz.webp,weight,5.0,등,,바벨,,바벨
X3TCNEU,서스펜디드 앱도미널 폴아웃,https://static.exercisedb.dev/media/X3TCNEU.gif,복근,obliques | 고관절 굴곡근,Step:1 서스펜션 트레이너를 높은 앵커 포인트에 부착하고 스트랩을 허리 높이로 조절합니다. | Step:2 앵커 포인트에서 멀리 떨어진 곳을 향해 서서 팔을 앞으로 뻗은 상태로 핸들을 잡습니다. | Step:3 몸을 곧게 유지하고 코어를 사용하면서 허리에서 앞으로 기울입니다. | Step:4 복근의 긴장감을 유지하면서 통제력을 유지할 수 있는 만큼 몸을 최대한 내립니다. | Step:5 아래에서 잠시 멈춘 후 천천히 몸을 들어 시작 자세로 돌아옵니다. | Step:6 원하는 횟수만큼 반복합니다.,https://melo2026.s3.ap-northeast-2.amazonaws.com/workout-images/X3TCNEU.webp,weight,3.5,코어,허리 | 복부,맨몸,,맨몸
x69MAlq,케이블 스트레이트 암 풀다운,https://static.exercisedb.dev/media/x69MAlq.gif,광배근,어깨 | 이두근,Step:1 케이블 머신의 높은 풀리에 스트레이트 바를 부착합니다. | Step:2 발을 어깨 너비로 벌리고 기계를 향해 섭니다. | Step:3 팔을 곧게 펴고 손바닥이 아래를 향하도록 바를 잡습니다. | Step:4 광배근을 사용하고 팔을 움직이는 동안 곧게 유지하면서 바를 허벅지 쪽으로 당깁니다. | Step:5 아래에서 잠시 멈춘 후 천천히 바를 시작 자세로 되돌립니다. | Step:6 원하는 횟수만큼 반복합니다.,https://melo2026.s3.ap-northeast-2.amazonaws.com/workout-images/x69MAlq.webp,weight,5.0,등,,케이블 머신,,케이블
X6C6i5Y,트라이셉스 딥,https://static.exercisedb.dev/media/X6C6i5Y.gif,삼두근,가슴 | 어깨,"Step:1 손가락을 앞으로 향하게 하고 손으로 벤치나 의자 가장자리를 잡고 앉으세요. | Step:2 엉덩이를 벤치에서 떼고 손으로 몸을 지탱하세요. | Step:3 팔꿈치를 구부리고 등을 벤치에 가깝게 붙인 채 몸을 바닥 쪽으로 내리세요. | Step:4 가장 낮은 지점에서 잠시 멈춘 후, 팔을 펴서 시작 자세로 돌아오세요. | Step:5 원하는 횟수만큼 반복하세요.",https://melo2026.s3.ap-northeast-2.amazonaws.com/workout-images/X6C6i5Y.webp,weight,3.5,팔,상완,맨몸,,맨몸
x6KpKpq,클로즈 그립 푸시업,https://static.exercisedb.dev/media/x6KpKpq.gif,삼두근,가슴 | 어깨,Step:1 손을 어깨 바로 아래에 가깝게 모으고 하이 플랭크 자세를 취하세요. | Step:2 코어에 힘을 주고 팔꿈치를 옆구리에 가깝게 붙인 채 몸을 바닥 쪽으로 내리세요. | Step:3 손바닥으로 밀어 팔을 펴고 시작 자세로 돌아오세요. | Step:4 원하는 횟수만큼 반복하세요.,https://melo2026.s3.ap-northeast-2.amazonaws.com/workout-images/x6KpKpq.webp,weight,3.5,팔,상완,맨몸,,맨몸
X6ytgYZ,덤벨 사이드 플랭크 리버스 플라이,https://static.exercisedb.dev/media/X6ytgYZ.gif,상부 등,어깨 | 코어,"Step:1 다리를 뻗고 서로 위에 쌓아 옆으로 누운 자세로 시작하세요. | Step:2 팔꿈치를 90도 각도로 구부린 채, 팔뚝을 어깨 바로 아래 바닥에 대세요. | Step:3 위쪽 손으로 덤벨을 잡고 팔을 바닥을 향해 곧게 뻗으세요. | Step:4 코어에 힘을 주고 머리부터 발뒤꿈치까지 일직선이 되도록 엉덩이를 바닥에서 들어 올리세요. | Step:5 사이드 플랭크 자세를 유지하면서 덤벨을 천장 쪽으로 들어 올리고 어깨뼈를 함께 조이세요. | Step:6 덤벨을 시작 자세로 다시 내리세요. | Step:7 원하는 횟수만큼 반복한 후 반대쪽으로 바꾸세요.",https://melo2026.s3.ap-northeast-2.amazonaws.com/workout-images/X6ytgYZ.webp,weight,5.0,등,,덤벨,,덤벨
X7jbxra,서클 니 스트레치,https://static.exercisedb.dev/media/X7jbxra.gif,종아리,햄스트링 | quadriceps,Step:1 발을 어깨너비로 벌리고 서서 손을 엉덩이에 대세요. | Step:2 무릎을 살짝 구부리고 발뒤꿈치를 들어 발끝으로 균형을 잡으세요. | Step:3 무릎을 구부린 상태로 시계 방향과 반시계 방향으로 무릎을 원형으로 돌리세요. | Step:4 원하는 횟수만큼 동작을 수행하세요.,https://melo2026.s3.ap-northeast-2.amazonaws.com/workout-images/X7jbxra.webp,weight,2.5,하체,종아리,맨몸,,맨몸
x825CZm,케이블 시티드 리어 레터럴 레이즈,https://static.exercisedb.dev/media/x825CZm.gif,삼각근,승모근 | rhomboids,"Step:1 케이블 머신을 향해 앉아 발을 바닥에 평평하게 대세요. | Step:2 케이블 핸들을 오버핸드 그립으로 잡고 팔을 앞으로 곧게 뻗으세요. | Step:3 팔을 곧게 편 상태로 바닥과 평행이 될 때까지 옆으로 천천히 들어 올리세요. | Step:4 가장 높은 지점에서 잠시 멈춘 후, 팔을 시작 자세로 천천히 내리세요. | Step:5 원하는 횟수만큼 반복하세요.",https://melo2026.s3.ap-northeast-2.amazonaws.com/workout-images/x825CZm.webp,weight,5.0,어깨,,케이블 머신,,케이블
XaaRnRn,인클라인 리버스 그립 푸시업,https://static.exercisedb.dev/media/XaaRnRn.gif,대흉근,삼두근 | 어깨,"Step:1 어깨너비보다 약간 넓게 손을 벤치나 높은 표면 가장자리에 대세요. | Step:2 다리를 뒤로 뻗고 발끝으로 몸을 지탱하며 머리부터 발뒤꿈치까지 일직선을 만드세요. | Step:3 팔꿈치를 옆구리에 가깝게 붙인 채 팔을 구부려 가슴을 벤치 쪽으로 내리세요. | Step:4 가장 낮은 지점에서 잠시 멈춘 후, 팔을 펴서 시작 자세로 밀어 올리세요. | Step:5 원하는 횟수만큼 반복하세요.",https://melo2026.s3.ap-northeast-2.amazonaws.com/workout-images/XaaRnRn.webp,weight,3.5,가슴,,맨몸,,맨몸
XalXcvM,덤벨 포워드 런지 트라이셉스 익스텐션,https://static.exercisedb.dev/media/XalXcvM.gif,삼두근,어깨 | 코어,"Step:1 발을 어깨너비로 벌리고 서서 양손에 덤벨을 잡으세요. | Step:2 오른쪽 발을 앞으로 내딛으며 몸을 런지 자세로 낮추세요. | Step:3 등을 곧게 펴고 가슴을 들어 올리세요. | Step:4 팔꿈치를 귀에 가깝게 붙인 채 팔을 머리 위로 곧게 뻗으세요. | Step:5 팔꿈치를 구부려 덤벨을 머리 뒤로 내리세요. | Step:6 잠시 멈춘 후, 팔을 펴서 시작 자세로 돌아오세요. | Step:7 원하는 횟수만큼 반복한 후 다리를 바꿔 반복하세요.",https://melo2026.s3.ap-northeast-2.amazonaws.com/workout-images/XalXcvM.webp,weight,5.0,팔,상완,덤벨,,덤벨
xAySMB0,밸런스 보드,https://static.exercisedb.dev/media/xAySMB0.gif,대퇴사두근,종아리 | 햄스트링 | 둔근,Step:1 평평한 표면에 밸런스 보드를 놓으세요. | Step:2 한 발로 밸런스 보드에 올라서서 중앙에 오도록 하세요. | Step:3 코어에 힘을 주고 밸런스 보드 위의 발에 천천히 체중을 이동시키세요. | Step:4 원하는 시간 동안 자세를 유지하며 균형과 안정성을 유지하세요. | Step:5 반대쪽 발로 운동을 반복하세요.,https://melo2026.s3.ap-northeast-2.amazonaws.com/workout-images/xAySMB0.webp,weight,3.5,하체,허벅지,맨몸,,맨몸
xbkPfaw,바디웨이트 스탠딩 원 암 로우,https://static.exercisedb.dev/media/xbkPfaw.gif,상부 등,이두근 | 전완근,Step:1 발을 어깨너비로 벌리고 무릎을 살짝 구부린 채 한 손으로 덤벨을 잡으세요. | Step:2 등을 곧게 펴고 코어에 힘을 준 상태로 엉덩이에서 앞으로 구부리세요. | Step:3 팔을 완전히 뻗은 채 덤벨을 몸 앞쪽으로 늘어뜨리세요. | Step:4 팔꿈치를 몸에 가깝게 붙인 채 덤벨을 가슴 쪽으로 당기세요. | Step:5 동작의 가장 높은 지점에서 어깨뼈를 함께 조이세요. | Step:6 덤벨을 시작 자세로 다시 내리세요. | Step:7 원하는 횟수만큼 반복한 후 반대쪽으로 바꾸세요.,https://melo2026.s3.ap-northeast-2.amazonaws.com/workout-images/xbkPfaw.webp,weight,3.5,등,,맨몸,,맨몸
xBYcQHj,케이블 언더핸드 풀다운,https://static.exercisedb.dev/media/xBYcQHj.gif,광배근,이두근 | 전완근,"Step:1 풀다운 바가 머리 위 높이에 오도록 케이블 머신을 조절하세요. | Step:2 시트에 앉아 언더핸드 그립으로 풀다운 바를 잡고 손은 어깨너비보다 약간 넓게 벌리세요. | Step:3 등을 곧게 펴고 약간 뒤로 기울이세요. | Step:4 바를 가슴 쪽으로 당기면서 어깨뼈를 함께 조이세요. | Step:5 동작의 가장 낮은 지점에서 잠시 멈춘 후, 바를 천천히 시작 자세로 다시 올리세요. | Step:6 원하는 횟수만큼 반복하세요.",https://melo2026.s3.ap-northeast-2.amazonaws.com/workout-images/xBYcQHj.webp,weight,5.0,등,,케이블 머신,,케이블
xcLntTC,슬로우 레그 풀 인 플랫 벤치,,복근,고관절 굴곡근 | lower back,"Step:1 다리를 앞으로 곧게 뻗은 채 평평한 벤치에 앉으세요. | Step:2 지지를 위해 손을 엉덩이 옆 벤치에 대세요. | Step:3 복근에 힘을 주고 무릎을 가슴 쪽으로 당기면서 다리를 바닥에서 들어 올리세요. | Step:4 가장 높은 지점에서 잠시 멈춘 후, 다리를 시작 자세로 천천히 내리세요. | Step:5 원하는 횟수만큼 반복하세요. 전체 과정에서 천천히 동작을 유지하세요.",,weight,3.5,코어,허리 | 복부,맨몸,,맨몸
Xd65M9w,덤벨 어라운드 풀오버 - 인텐시브 베리에이션,,대흉근,삼두근 | latissimus dorsi,"Step:1 벤치에 머리를 한쪽 끝에 두고 발을 바닥에 단단히 댄 채 평평하게 누우세요. | Step:2 양손으로 덤벨을 잡고 팔을 가슴 위로 곧게 뻗으세요. 강렬한 강도로 수행하세요. | Step:3 팔을 곧게 편 상태로 덤벨을 머리 뒤로 호를 그리며 천천히 내리세요. | Step:4 가장 낮은 지점에서 잠시 멈춘 후, 덤벨을 시작 자세로 다시 들어 올리세요. | Step:5 원하는 횟수만큼 반복하세요.",,weight,5.0,가슴,,덤벨,,덤벨
xDh0lJr,스탠딩 비하인드 넥 프레스,https://static.exercisedb.dev/media/xDh0lJr.gif,삼각근,삼두근 | 상부 등,"Step:1 발을 어깨너비로 벌리고 서서 오버핸드 그립으로 바벨을 목 뒤에 잡으세요. | Step:2 등을 곧게 펴고 코어에 힘을 주세요. | Step:3 팔을 펴서 팔꿈치를 완전히 펴면서 바벨을 머리 위로 누르세요. | Step:4 가장 높은 지점에서 잠시 멈춘 후, 바벨을 시작 자세로 천천히 내리세요. | Step:5 원하는 횟수만큼 반복하세요.",https://melo2026.s3.ap-northeast-2.amazonaws.com/workout-images/xDh0lJr.webp,weight,5.0,어깨,,바벨,,바벨
XDOiFns,슬레드 포워드 앵글드 카프 레이즈,https://static.exercisedb.dev/media/XDOiFns.gif,종아리,햄스트링 | 둔근,"Step:1 슬레드 머신의 무게를 편안하게 조절하고 발가락은 플랫폼에, 발뒤꿈치는 플랫폼에서 벗어나도록 기계에 위치하세요. | Step:2 지지를 위해 손잡이나 기계 측면을 잡으세요. | Step:3 종아리에 힘을 주고 발뒤꿈치를 가능한 한 높이 들어 올리면서 슬레드의 저항을 밀어내세요. | Step:4 동작의 가장 높은 지점에서 잠시 멈춘 후, 발뒤꿈치를 시작 자세로 천천히 내리세요. | Step:5 원하는 횟수만큼 반복하세요.",https://melo2026.s3.ap-northeast-2.amazonaws.com/workout-images/XDOiFns.webp,weight,5.0,하체,종아리,머신,슬레드 머신,슬레드 머신
xdYPUtE,시시 스쿼트,https://static.exercisedb.dev/media/xdYPUtE.gif,대퇴사두근,종아리 | 둔근,"Step:1 발을 어깨너비로 벌리고 발끝을 약간 바깥쪽으로 향하게 하세요. | Step:2 필요한 경우 안정적인 물체를 잡고 균형을 잡으세요. | Step:3 무릎을 구부리고 몸을 뒤로 기울이면서 상체를 똑바로 유지하며 몸을 천천히 내리세요. | Step:4 허벅지가 바닥과 평행이 되거나 편안하게 갈 수 있는 만큼 내려가세요. | Step:5 잠시 멈춘 후, 발뒤꿈치로 밀어 시작 자세로 돌아오세요. | Step:6 원하는 횟수만큼 반복하세요.",https://melo2026.s3.ap-northeast-2.amazonaws.com/workout-images/xdYPUtE.webp,weight,3.5,하체,허벅지,맨몸,,맨몸
XE93sQZ,덤벨 스텝업 싱글 레그 밸런스 위드 바이셉스 컬 - 체어 베리에이션,,이두근,quadriceps | 둔근 | 햄스트링,"Step:1 덤벨을 양손에 들고 손바닥이 몸을 향하도록 하여 스텝 또는 플랫폼 앞에 섭니다. | Step:2 오른발을 스텝 위에 올려 발 전체가 표면에 닿도록 합니다. | Step:3 코어에 힘을 주고 오른쪽 발뒤꿈치를 밀어 몸을 스텝 위로 들어 올리면서 왼쪽 무릎을 가슴 쪽으로 당깁니다. | Step:4 동작의 맨 위에서 팔꿈치를 구부리고 덤벨을 어깨 쪽으로 가져와 이두근 컬을 수행합니다. | Step:5 덤벨을 다시 내리고 동시에 왼쪽 발을 땅으로 내립니다. | Step:6 (체어 베리에이션) 반대쪽도 반복하며, 왼발로 스텝을 밟고 덤벨을 컬합니다. | Step:7 원하는 횟수만큼 번갈아 가며 반복합니다.",,weight,5.0,팔,상완,덤벨,,덤벨
XeMvLgE,롤러 바디 쏘,https://static.exercisedb.dev/media/XeMvLgE.gif,복근,어깨 | 삼두근 | 코어,"Step:1 팔뚝을 롤러에 대고 몸이 일직선이 되도록 플랭크 자세를 취합니다. | Step:2 코어에 힘을 주고 롤러를 천천히 앞으로 굴려 통제력을 유지하면서 몸을 최대한 뻗습니다. | Step:3 가장 먼 지점에서 잠시 멈춘 다음, 롤러를 천천히 시작 위치로 되돌립니다. | Step:4 원하는 횟수만큼 반복합니다.",https://melo2026.s3.ap-northeast-2.amazonaws.com/workout-images/XeMvLgE.webp,weight,3.5,코어,허리 | 복부,폼롤러,,롤러
XFc3vpY,저항 밴드 시티드 바이셉스 컬,https://static.exercisedb.dev/media/XFc3vpY.gif,이두근,전완근,Step:1 의자나 벤치에 등을 곧게 펴고 발을 땅에 평평하게 대고 앉습니다. | Step:2 손바닥이 위를 향하도록 언더핸드 그립으로 저항 밴드를 잡고 팔을 옆으로 내립니다. | Step:3 윗팔을 고정한 상태에서 숨을 내쉬며 저항 밴드를 어깨 쪽으로 컬합니다. | Step:4 맨 위에서 잠시 멈추고 이두근을 쥐어짭니다. | Step:5 숨을 들이쉬며 저항 밴드를 천천히 시작 위치로 내립니다. | Step:6 원하는 횟수만큼 반복합니다.,https://melo2026.s3.ap-northeast-2.amazonaws.com/workout-images/XFc3vpY.webp,weight,5.0,팔,상완,밴드,,저항 밴드
xGgAGPm,체어 레그 익스텐디드 스트레치,https://static.exercisedb.dev/media/xGgAGPm.gif,대퇴사두근,햄스트링 | 종아리,Step:1 의자 가장자리에 앉아 등을 곧게 펴고 발을 땅에 평평하게 댑니다. | Step:2 한쪽 다리를 앞으로 쭉 뻗고 발뒤꿈치를 땅에 댑니다. | Step:3 상체를 약간 앞으로 기울여 대퇴사두근의 스트레칭을 느낍니다. | Step:4 이 자세를 20-30초 동안 유지합니다. | Step:5 반대쪽 다리로 바꿔 스트레칭을 반복합니다.,https://melo2026.s3.ap-northeast-2.amazonaws.com/workout-images/xGgAGPm.webp,weight,2.5,하체,허벅지,맨몸,,맨몸
xgsGFVM,크랩 트위스트 토 터치,https://static.exercisedb.dev/media/xgsGFVM.gif,복근,obliques | 고관절 굴곡근,Step:1 바닥에 앉아 무릎을 구부리고 발을 바닥에 평평하게 댑니다. | Step:2 손을 등 뒤에 놓고 손가락이 발을 향하도록 한 다음 엉덩이를 땅에서 들어 올립니다. | Step:3 한쪽 다리를 앞으로 쭉 뻗으면서 반대쪽 손을 발가락 쪽으로 뻗습니다. | Step:4 시작 자세로 돌아와 반대쪽도 반복합니다. | Step:5 원하는 횟수만큼 번갈아 가며 반복합니다.,https://melo2026.s3.ap-northeast-2.amazonaws.com/workout-images/xgsGFVM.webp,weight,3.5,코어,허리 | 복부,맨몸,,맨몸
XgWyAiA,체스트 딥 (딥-풀업 케이지에서),https://static.exercisedb.dev/media/XgWyAiA.gif,대흉근,삼두근 | 어깨,Step:1 딥 바를 편안하게 잡을 수 있는 높이로 조절합니다. | Step:2 바 사이로 서서 어깨너비보다 약간 넓게 손을 각 바에 댑니다. | Step:3 점프하여 팔을 펴고 바 위에서 몸을 지탱합니다. | Step:4 무릎을 구부리고 발목을 뒤로 교차합니다. | Step:5 팔꿈치를 구부려 몸을 내리면서 가슴은 세우고 어깨는 내립니다. | Step:6 어깨가 팔꿈치 아래로 내려가거나 가슴에 스트레칭이 느껴질 때까지 계속 내립니다. | Step:7 손바닥으로 밀어 팔꿈치를 펴서 몸을 시작 자세로 다시 들어 올립니다. | Step:8 원하는 횟수만큼 반복합니다.,https://melo2026.s3.ap-northeast-2.amazonaws.com/workout-images/XgWyAiA.webp,weight,2.5,가슴,,맨몸,,맨몸
XhfS1DZ,비골근 스트레치,https://static.exercisedb.dev/media/XhfS1DZ.gif,종아리,ankles | feet,Step:1 땅에 앉아 다리를 앞으로 쭉 뻗습니다. | Step:2 발 앞쪽에 로프를 걸고 손으로 로프 끝을 잡습니다. | Step:3 발을 구부리고 종아리 근육을 스트레칭하면서 로프를 부드럽게 당깁니다. | Step:4 스트레칭을 15-30초 동안 유지합니다. | Step:5 로프의 긴장을 풀고 반대쪽 다리로 스트레칭을 반복합니다. | Step:6 원하는 횟수만큼 반복합니다.,https://melo2026.s3.ap-northeast-2.amazonaws.com/workout-images/XhfS1DZ.webp,weight,2.5,하체,종아리,기타,로프,로프
xHKN2s8,바벨 원 암 스내치,https://static.exercisedb.dev/media/xHKN2s8.gif,삼각근,승모근 | 전완근 | 코어,"Step:1 발을 어깨너비로 벌리고 발끝을 약간 바깥쪽으로 향하게 섭니다. | Step:2 어깨너비보다 약간 넓게 오버핸드 그립으로 바벨을 잡습니다. | Step:3 무릎을 구부리고 등을 곧게 펴고 가슴을 들어 올린 상태에서 스쿼트 자세로 엉덩이를 내립니다. | Step:4 엉덩이, 무릎, 발목을 폭발적으로 펴면서 바벨을 위로 들어 올립니다. | Step:5 바벨이 가슴 높이에 도달하면 팔로 바벨을 몸에 가깝게 유지하면서 위로 당깁니다. | Step:6 팔꿈치를 바벨 아래로 돌리고 팔을 머리 위로 완전히 펴서 팔꿈치를 잠급니다. | Step:7 통제된 방식으로 바벨을 시작 자세로 다시 내립니다. | Step:8 원하는 횟수만큼 반복한 다음 팔을 바꿉니다.",https://melo2026.s3.ap-northeast-2.amazonaws.com/workout-images/xHKN2s8.webp,weight,5.0,어깨,,바벨,,바벨
xi0yckC,바벨 인클라인 숄더 레이즈,https://static.exercisedb.dev/media/xi0yckC.gif,전거근,deltoids | trapezius,Step:1 인클라인 벤치를 45도 각도로 설정합니다. | Step:2 벤치에 앉아 등을 패드에 대고 발을 땅에 평평하게 댑니다. | Step:3 어깨너비보다 약간 넓게 오버핸드 그립으로 바벨을 잡습니다. | Step:4 팔꿈치를 약간 구부린 상태를 유지하면서 바벨을 어깨 높이까지 들어 올립니다. | Step:5 팔을 완전히 펴면서 바벨을 천천히 머리 위로 들어 올립니다. | Step:6 맨 위에서 잠시 멈춘 다음 바벨을 천천히 어깨 높이로 다시 내립니다. | Step:7 원하는 횟수만큼 반복합니다.,https://melo2026.s3.ap-northeast-2.amazonaws.com/workout-images/xi0yckC.webp,weight,5.0,가슴,,바벨,,바벨
xiA6lRr,덤벨 시티드 바이셉스 컬,https://static.exercisedb.dev/media/xiA6lRr.gif,이두근,전완근,Step:1 벤치에 앉아 발을 땅에 평평하게 대고 양손에 덤벨을 잡고 손바닥을 위로 향하게 합니다. | Step:2 등을 곧게 펴고 팔꿈치를 몸통에 가깝게 유지합니다. | Step:3 숨을 내쉬면서 덤벨을 어깨 쪽으로 컬하여 이두근을 수축합니다. | Step:4 맨 위에서 잠시 멈춘 다음 숨을 들이쉬면서 덤벨을 천천히 시작 자세로 내립니다. | Step:5 원하는 횟수만큼 반복합니다.,https://melo2026.s3.ap-northeast-2.amazonaws.com/workout-images/xiA6lRr.webp,weight,5.0,팔,상완,덤벨,,덤벨
xifhB5W,리어 델토이드 스트레치,https://static.exercisedb.dev/media/xifhB5W.gif,삼각근,trapezius | rhomboids,Step:1 발을 어깨너비로 벌리고 똑바로 섭니다. | Step:2 오른팔을 가슴 앞으로 뻗고 왼손으로 오른쪽 팔꿈치를 잡습니다. | Step:3 오른쪽 어깨의 스트레칭을 느끼면서 오른쪽 팔을 왼쪽 어깨 쪽으로 부드럽게 당깁니다. | Step:4 스트레칭을 15-30초 동안 유지한 다음 풀어줍니다. | Step:5 반대쪽도 반복합니다.,https://melo2026.s3.ap-northeast-2.amazonaws.com/workout-images/xifhB5W.webp,weight,2.5,어깨,,맨몸,,맨몸
XIHEoCG,스탠딩 카브스,https://static.exercisedb.dev/media/XIHEoCG.gif,종아리,햄스트링 | 둔근,Step:1 발을 어깨너비로 벌리고 발끝을 앞으로 향하게 섭니다. | Step:2 발가락으로 서서 발뒤꿈치를 가능한 한 높이 들어 올립니다. | Step:3 잠시 자세를 유지한 다음 발뒤꿈치를 천천히 시작 자세로 내립니다. | Step:4 원하는 횟수만큼 반복합니다.,https://melo2026.s3.ap-northeast-2.amazonaws.com/workout-images/XIHEoCG.webp,weight,3.5,하체,종아리,맨몸,,맨몸
xiHiJcA,레버 시티드 리버스 플라이 (패러럴 그립),https://static.exercisedb.dev/media/xiHiJcA.gif,삼각근,trapezius | rhomboids,Step:1 시트 높이를 조절하고 가슴을 패드에 대고 발을 바닥에 평평하게 대고 기계에 앉습니다. | Step:2 손바닥이 서로 마주보도록 패러럴 그립으로 핸들을 잡고 팔을 약간 구부립니다. | Step:3 숨을 내쉬면서 견갑골을 함께 쥐어짜면서 핸들을 몸에서 뒤쪽과 바깥쪽으로 당깁니다. | Step:4 최대 수축 지점에서 잠시 멈춘 다음 숨을 들이쉬면서 천천히 시작 자세로 돌아옵니다. | Step:5 원하는 횟수만큼 반복합니다.,https://melo2026.s3.ap-northeast-2.amazonaws.com/workout-images/xiHiJcA.webp,weight,5.0,어깨,,머신,레버리지 머신,레버리지 머신
xLYSdtg,케이블 미들 플라이,https://static.exercisedb.dev/media/xLYSdtg.gif,대흉근,deltoids | 삼두근,Step:1 케이블 머신의 양쪽에 가슴 높이로 케이블을 연결합니다. | Step:2 발 하나를 다른 발보다 약간 앞에 두고 기계 중앙에 섭니다. | Step:3 오버핸드 그립으로 핸들을 잡고 팔을 옆으로 뻗습니다. | Step:4 팔꿈치를 약간 구부리고 약간 앞으로 기울인 자세를 유지합니다. | Step:5 가슴 근육에 힘을 주고 팔을 쓸어 올리는 동작으로 앞으로 가져옵니다. | Step:6 중앙에서 잠시 멈춘 다음 팔을 천천히 시작 자세로 되돌립니다. | Step:7 원하는 횟수만큼 반복합니다.,https://melo2026.s3.ap-northeast-2.amazonaws.com/workout-images/xLYSdtg.webp,weight,5.0,가슴,,케이블 머신,,케이블
XlZ4lAC,바벨 굿모닝,https://static.exercisedb.dev/media/XlZ4lAC.gif,햄스트링,lower back,Step:1 발을 어깨너비로 벌리고 서서 바벨을 등 위쪽에 올려놓습니다. | Step:2 등을 곧게 펴고 코어에 힘을 준 상태에서 엉덩이를 뒤로 밀면서 엉덩이로 뒤쪽 벽을 만지려는 것처럼 엉덩이에서 앞으로 구부립니다. | Step:3 엉덩이로 뒤쪽 벽을 만지려는 것처럼 엉덩이에서 앞으로 구부립니다. | Step:4 잠시 멈춘 다음 엉덩이를 쥐어짜고 엉덩이를 앞으로 밀어 시작 자세로 돌아옵니다. | Step:5 원하는 횟수만큼 반복합니다.,https://melo2026.s3.ap-northeast-2.amazonaws.com/workout-images/XlZ4lAC.webp,weight,5.0,하체,허벅지,바벨,,바벨
xMjBKwn,덤벨 레터럴 프론트 레이즈,https://static.exercisedb.dev/media/xMjBKwn.gif,삼각근,trapezius | 이두근,"Step:1 발을 어깨 너비로 벌리고 서서 양손에 덤벨을 잡고 손바닥이 몸을 향하도록 합니다. | Step:2 등을 곧게 펴고 코어를 단단히 고정합니다. | Step:3 팔꿈치를 살짝 구부린 상태를 유지하면서 팔을 옆으로 들어 올려 바닥과 평행이 되도록 합니다. | Step:4 맨 위에서 잠시 멈춘 후 천천히 팔을 시작 자세로 내립니다. | Step:5 다음으로, 팔꿈치를 살짝 구부린 상태를 유지하면서 팔을 앞으로 들어 올려 바닥과 평행이 되도록 합니다. | Step:6 맨 위에서 잠시 멈춘 후 천천히 팔을 시작 자세로 내립니다. | Step:7 원하는 횟수만큼 반복합니다.",https://melo2026.s3.ap-northeast-2.amazonaws.com/workout-images/xMjBKwn.webp,weight,5.0,어깨,,덤벨,,덤벨
xmM75XG,웨이티드 오버헤드 크런치 (온 스테빌리티 볼),https://static.exercisedb.dev/media/xmM75XG.gif,복근,obliques | lower back,Step:1 발을 바닥에 평평하게 대고 무릎을 90도 각도로 구부린 상태로 스테빌리티 볼에 앉습니다. | Step:2 양손으로 웨이트 플레이트 또는 덤벨을 잡고 팔을 머리 위로 뻗습니다. | Step:3 복근을 단단히 고정하고 상체를 천천히 앞으로 말아 올려 가슴을 무릎 쪽으로 가져옵니다. | Step:4 맨 위에서 잠시 멈춘 후 천천히 상체를 시작 자세로 내립니다. | Step:5 원하는 횟수만큼 반복합니다.,https://melo2026.s3.ap-northeast-2.amazonaws.com/workout-images/xmM75XG.webp,weight,5.0,코어,허리 | 복부,기타,중량,중량
xmWQIlT,홀드 스타일 덤벨 얼터네이팅 시티드 바이셉 컬 온 엑서사이즈 볼,,이두근,전완근,Step:1 발을 바닥에 평평하게 대고 등을 곧게 편 상태로 엑서사이즈 볼에 앉습니다. | Step:2 양손에 덤벨을 잡고 손바닥이 앞을 향하도록 하며 팔을 완전히 뻗습니다. | Step:3 팔꿈치를 고정한 상태에서 숨을 내쉬며 팔뚝을 회전시켜 손바닥이 어깨를 향하도록 하면서 덤벨을 컬링합니다. | Step:4 (홀드 변형) 숨을 들이쉬면서 천천히 덤벨을 시작 자세로 내립니다. | Step:5 반대쪽 팔로 컬링을 반복합니다. | Step:6 원하는 횟수만큼 번갈아 가며 컬링을 계속합니다.,,weight,5.0,팔,상완,덤벨,,덤벨
xnInPfE,바벨 스탠딩 앱 롤러아웃,https://static.exercisedb.dev/media/xnInPfE.gif,복근,어깨 | lower back,"Step:1 발을 어깨 너비로 벌리고 똑바로 서서 허벅지 앞에 바벨을 양손으로 잡습니다. | Step:2 코어를 단단히 고정하고 등을 곧게 펴고 팔을 뻗은 상태를 유지하면서 바벨을 바닥 쪽으로 천천히 굴립니다. | Step:3 몸이 완전히 펴지고 손이 머리 바로 위에 올 때까지 바벨을 앞으로 계속 굴립니다. | Step:4 잠시 멈춘 후, 통제력을 유지하고 코어를 단단히 고정한 상태를 유지하면서 바벨을 허벅지 쪽으로 천천히 다시 굴립니다. | Step:5 원하는 횟수만큼 반복합니다.",https://melo2026.s3.ap-northeast-2.amazonaws.com/workout-images/xnInPfE.webp,weight,5.0,코어,허리 | 복부,바벨,,바벨
xNrS20v,바벨 리버스 컬,https://static.exercisedb.dev/media/xNrS20v.gif,이두근,전완근,Step:1 발을 어깨 너비로 벌리고 똑바로 서서 손바닥이 아래를 향하도록 바벨을 오버핸드 그립으로 잡습니다. | Step:2 팔뚝을 고정한 상태에서 숨을 내쉬면서 이두근을 수축시키며 바벨을 위로 컬링합니다. | Step:3 이두근이 완전히 수축되고 바벨이 어깨 높이에 올 때까지 바벨을 계속 들어 올립니다. | Step:4 이두근을 꽉 조이면서 수축된 자세를 잠시 유지합니다. | Step:5 숨을 들이쉬면서 팔뚝을 고정한 상태를 유지하면서 바벨을 천천히 시작 자세로 내립니다. | Step:6 원하는 횟수만큼 반복합니다.,https://melo2026.s3.ap-northeast-2.amazonaws.com/workout-images/xNrS20v.webp,weight,5.0,팔,상완,바벨,,바벨
xo6sENf,엑서사이즈 볼 온 더 월 카프 레이즈,https://static.exercisedb.dev/media/xo6sENf.gif,종아리,햄스트링 | quadriceps,Step:1 벽에 등을 대고 서서 허리와 벽 사이에 엑서사이즈 볼을 놓습니다. | Step:2 발을 어깨 너비로 벌리고 발가락이 앞을 향하도록 위치시킵니다. | Step:3 양손에 덤벨을 잡고 팔을 옆구리에 뻗습니다. | Step:4 발뒤꿈치를 바닥에서 들어 올려 발 앞꿈치로 몸을 들어 올립니다. | Step:5 맨 위에서 잠시 멈춘 후 천천히 발뒤꿈치를 시작 자세로 내립니다. | Step:6 원하는 횟수만큼 반복합니다.,https://melo2026.s3.ap-northeast-2.amazonaws.com/workout-images/xo6sENf.webp,weight,5.0,하체,종아리,덤벨,,덤벨
XooAdhl,핸드스탠드,https://static.exercisedb.dev/media/XooAdhl.gif,삼두근,어깨 | 코어,Step:1 핸드스탠드를 수행할 충분한 공간이 있는 열린 공간을 찾습니다. | Step:2 손을 어깨 너비로 벌리고 바닥에 대고 손가락이 앞을 향하도록 합니다. | Step:3 코어와 어깨를 사용하여 균형을 유지하면서 다리를 벽 쪽으로 찹니다. | Step:4 핸드스탠드 자세가 되면 삼두근을 사용하여 체중을 지지합니다. | Step:5 균형을 유지할 수 있는 동안 핸드스탠드를 유지합니다. | Step:6 내려오려면 다리를 천천히 바닥으로 내립니다. | Step:7 원하는 횟수만큼 반복합니다.,https://melo2026.s3.ap-northeast-2.amazonaws.com/workout-images/XooAdhl.webp,weight,3.5,팔,상완,맨몸,,맨몸
xOXZJRZ,클락 푸시업 익스트림,,대흉근,삼두근 | 어깨 | 코어,Step:1 손이 어깨 바로 아래에 있고 몸이 일직선이 되도록 하이 플랭크 자세로 시작합니다. | Step:2 팔꿈치를 옆구리에 가깝게 붙이고 팔꿈치를 구부려 몸을 바닥 쪽으로 내립니다. | Step:3 내리면서 몸을 왼쪽으로 회전시키고 왼쪽 팔을 옆으로 쭉 뻗습니다. 극단적인 움직임에 집중합니다. | Step:4 몸을 중앙으로 회전시키면서 시작 자세로 다시 밀어 올립니다. | Step:5 이번에는 몸을 오른쪽으로 회전시키고 오른쪽 팔을 옆으로 뻗으면서 푸시업을 반복합니다. | Step:6 각 반복마다 번갈아 가며 계속합니다.,,weight,3.5,가슴,,맨몸,,맨몸
XPUDTt7,파이크 투 코브라 푸시업,https://static.exercisedb.dev/media/XPUDTt7.gif,둔근,코어 | 어깨 | 삼두근,Step:1 손을 어깨 너비보다 약간 넓게 벌리고 발을 모은 푸시업 자세로 시작합니다. | Step:2 코어를 단단히 고정하고 엉덩이를 천장 쪽으로 들어 올려 몸으로 역 V자 모양을 만듭니다. | Step:3 팔꿈치를 몸에 가깝게 붙이고 팔꿈치를 구부려 상체를 바닥 쪽으로 내립니다. | Step:4 내려가면서 체중을 앞으로 옮기고 팔을 펴서 가슴을 들어 올려 코브라 자세로 전환합니다. | Step:5 팔꿈치를 구부리고 가슴을 다시 바닥 쪽으로 내리면서 움직임을 반대로 합니다. | Step:6 손을 통해 밀어 역 V자 자세로 돌아갑니다. | Step:7 엉덩이를 다시 바닥 쪽으로 내리면서 움직임을 계속하고 시작 푸시업 자세로 돌아갑니다. | Step:8 원하는 횟수만큼 반복합니다.,https://melo2026.s3.ap-northeast-2.amazonaws.com/workout-images/XPUDTt7.webp,weight,2.5,하체,허벅지,맨몸,,맨몸
XqYQ9JA,덤벨 원 암 프론 해머 컬 - 매크로 변형,,이두근,전완근,Step:1 덤벨을 한 손에 잡고 손바닥이 몸을 향하도록 하며 팔을 완전히 뻗은 상태로 플랫 벤치에 엎드립니다. | Step:2 팔뚝을 고정한 상태에서 덤벨을 어깨 쪽으로 컬링하여 이두근을 수축시킵니다. | Step:3 맨 위에서 잠시 멈춘 후 천천히 덤벨을 시작 자세로 내립니다. | Step:4 원하는 횟수만큼 반복한 후 팔을 바꿉니다. 매크로 움직임에 집중합니다.,,weight,5.0,팔,상완,덤벨,,덤벨
XsCcxCC,레버 시티드 굿모닝,https://static.exercisedb.dev/media/XsCcxCC.gif,둔근,햄스트링 | lower back,Step:1 엉덩이가 무릎보다 약간 높도록 좌석 높이를 조절합니다. | Step:2 패드에 등을 대고 발을 발 받침대에 평평하게 댄 상태로 기구에 앉습니다. | Step:3 균형을 잡기 위해 손잡이나 좌석 측면을 잡습니다. | Step:4 등을 곧게 펴고 엉덩이에서부터 상체가 바닥과 평행이 될 때까지 천천히 앞으로 기울입니다. | Step:5 잠시 멈춘 후 둔근과 햄스트링을 밀어 시작 자세로 천천히 돌아갑니다. | Step:6 원하는 횟수만큼 반복합니다.,https://melo2026.s3.ap-northeast-2.amazonaws.com/workout-images/XsCcxCC.webp,weight,5.0,하체,허벅지,머신,레버리지 머신,레버리지 머신
XSCHmiI,사이클 크로스 트레이너,https://static.exercisedb.dev/media/XSCHmiI.gif,심폐 지구력,quadriceps | 햄스트링 | 둔근,Step:1 좌석 높이를 조절하고 사이클 크로스 트레이너에 자세를 잡습니다. | Step:2 페달에 발을 올리고 핸들바를 잡습니다. | Step:3 부드럽고 통제된 움직임으로 페달링을 시작합니다. | Step:4 꾸준한 속도를 유지하고 원하는 경우 저항을 높입니다. | Step:5 원하는 시간 동안 페달링을 계속하여 유산소 운동을 합니다.,https://melo2026.s3.ap-northeast-2.amazonaws.com/workout-images/XSCHmiI.webp,cardio,5.0,유산소,,머신,레버리지 머신,레버리지 머신
xTjr103,스탠딩 햄스트링 앤 카프 스트레치 위드 스트랩,https://static.exercisedb.dev/media/xTjr103.gif,햄스트링,종아리,Step:1 발을 어깨 너비로 벌리고 똑바로 섭니다. | Step:2 양손으로 스트랩을 잡고 발 앞꿈치에 감쌉니다. | Step:3 다리를 곧게 펴고 등을 곧게 편 상태를 유지하면서 엉덩이에서부터 천천히 앞으로 기울입니다. | Step:4 햄스트링과 종아리 근육의 스트레칭을 느낍니다. | Step:5 20-30초 동안 스트레칭을 유지합니다. | Step:6 스트레칭을 풀고 반대쪽 다리로 반복합니다. | Step:7 원하는 횟수만큼 반복합니다.,https://melo2026.s3.ap-northeast-2.amazonaws.com/workout-images/xTjr103.webp,weight,2.5,하체,허벅지,기타,로프,로프
XU3ePuv,케이블 스탠딩 크런치 (위드 로프 어태치먼트),https://static.exercisedb.dev/media/XU3ePuv.gif,복근,obliques,Step:1 케이블 머신에 가슴 높이로 로프를 부착합니다. | Step:2 머신을 등지고 발을 어깨 너비로 벌리고 섭니다. | Step:3 양손으로 로프를 잡고 팔꿈치를 구부린 상태를 유지하면서 머리 뒤로 가져갑니다. | Step:4 복근을 단단히 고정하고 팔꿈치를 무릎 쪽으로 가져가면서 상체를 천천히 앞으로 크런치합니다. | Step:5 크런치 맨 위에서 잠시 멈춘 후 천천히 시작 자세로 돌아갑니다. | Step:6 원하는 횟수만큼 반복합니다.,https://melo2026.s3.ap-northeast-2.amazonaws.com/workout-images/XU3ePuv.webp,weight,5.0,코어,허리 | 복부,케이블 머신,,케이블
XUUD0Fs,덤벨 라잉 리어 델트 로우,https://static.exercisedb.dev/media/XUUD0Fs.gif,상부 등,어깨 | 이두근,Step:1 양손에 덤벨을 잡고 손바닥이 안쪽을 향하도록 플랫 벤치에 엎드립니다. | Step:2 팔꿈치를 살짝 구부린 상태를 유지하면서 팔을 바닥 쪽으로 똑바로 뻗습니다. | Step:3 등 근육을 사용하여 덤벨을 가슴 쪽으로 들어 올리면서 견갑골을 함께 조입니다. | Step:4 맨 위에서 잠시 멈춘 후 천천히 덤벨을 시작 자세로 내립니다. | Step:5 원하는 횟수만큼 반복합니다.,https://melo2026.s3.ap-northeast-2.amazonaws.com/workout-images/XUUD0Fs.webp,weight,5.0,등,,덤벨,,덤벨
xUwnBMT,스미스 시티드 숄더 프레스,https://static.exercisedb.dev/media/xUwnBMT.gif,삼각근,삼두근 | 상부 등,Step:1 손잡이가 어깨 높이에 오도록 좌석 높이를 조절하세요. | Step:2 기계에 등을 패드에 대고 앉고 발을 바닥에 평평하게 댑니다. | Step:3 손잡이를 오버핸드 그립으로 잡고 지지대에서 들어 올려 팔을 완전히 펴세요. | Step:4 팔꿈치를 약간 구부린 상태를 유지하면서 손잡이를 어깨 높이까지 내립니다. | Step:5 팔이 완전히 펴질 때까지 손잡이를 머리 위로 밀어 올립니다. | Step:6 맨 위에서 잠시 멈춘 다음 손잡이를 어깨 높이까지 천천히 내립니다. | Step:7 원하는 횟수만큼 반복합니다.,https://melo2026.s3.ap-northeast-2.amazonaws.com/workout-images/xUwnBMT.webp,weight,5.0,어깨,,스미스 머신,,스미스 머신
XVDdcoj,러시안 트위스트,https://static.exercisedb.dev/media/XVDdcoj.gif,복근,obliques,Step:1 무릎을 구부리고 발을 바닥에 평평하게 대고 바닥에 앉습니다. | Step:2 등을 곧게 펴고 코어를 고정한 상태를 유지하면서 약간 뒤로 기울입니다. | Step:3 손을 가슴 앞에서 모으거나 원하는 경우 무게를 듭니다. | Step:4 좌골에 균형을 잡으면서 발을 바닥에서 들어 올립니다. | Step:5 몸통을 오른쪽으로 비틀어 손이나 무게를 몸의 오른쪽으로 가져옵니다. | Step:6 잠시 멈춘 다음 몸통을 왼쪽으로 비틀어 손이나 무게를 몸의 왼쪽으로 가져옵니다. | Step:7 원하는 횟수만큼 양쪽을 번갈아 가며 계속합니다.,https://melo2026.s3.ap-northeast-2.amazonaws.com/workout-images/XVDdcoj.webp,weight,3.5,코어,허리 | 복부,맨몸,,맨몸
XVzF3iZ,덤벨 라잉 수파인 바이셉스 컬,https://static.exercisedb.dev/media/XVzF3iZ.gif,이두근,전완근,Step:1 벤치에 등을 대고 머리를 지지한 채 평평하게 눕고 발을 바닥에 평평하게 댑니다. | Step:2 각 손에 덤벨을 잡고 손바닥을 위로 향하게 하고 팔을 완전히 뻗습니다. | Step:3 윗팔을 고정한 상태를 유지하면서 숨을 내쉬고 이두근을 수축하면서 무게를 컬링합니다. | Step:4 이두근이 완전히 수축되고 덤벨이 어깨 높이에 올 때까지 무게를 계속 들어 올립니다. | Step:5 이두근을 쥐어짜면서 수축된 자세를 잠시 유지합니다. | Step:6 숨을 들이쉬면서 덤벨을 시작 자세로 천천히 내리기 시작합니다. | Step:7 원하는 횟수만큼 반복합니다.,https://melo2026.s3.ap-northeast-2.amazonaws.com/workout-images/XVzF3iZ.webp,weight,5.0,팔,상완,덤벨,,덤벨
xXm4nYq,덤벨 디클라인 플라이,https://static.exercisedb.dev/media/xXm4nYq.gif,대흉근,어깨,Step:1 발을 고정하고 머리가 엉덩이보다 낮게 내려가도록 디클라인 벤치에 눕습니다. | Step:2 각 손에 덤벨을 잡고 손바닥을 서로 마주 보게 하고 팔을 가슴 위로 뻗습니다. | Step:3 가슴에서 스트레칭이 느껴질 때까지 덤벨을 넓은 호를 그리며 옆으로 내립니다. | Step:4 잠시 멈춘 다음 가슴 근육을 짜서 덤벨을 시작 자세로 되돌립니다. | Step:5 원하는 횟수만큼 반복합니다.,https://melo2026.s3.ap-northeast-2.amazonaws.com/workout-images/xXm4nYq.webp,weight,2.5,가슴,,덤벨,,덤벨
Xy4jlWA,덤벨 아놀드 프레스,https://static.exercisedb.dev/media/Xy4jlWA.gif,삼각근,삼두근 | upper chest,Step:1 등 지지대가 있는 벤치에 앉아 각 손에 덤벨을 어깨 높이로 잡고 손바닥은 몸을 향하고 팔꿈치는 구부립니다. | Step:2 팔이 완전히 펴지고 손바닥이 앞을 향할 때까지 덤벨을 위로 밀어 올립니다. | Step:3 들어 올리면서 손목을 회전하여 맨 위에서 손바닥이 앞을 향하도록 합니다. | Step:4 맨 위에서 잠시 멈춘 다음 덤벨을 시작 자세로 천천히 내립니다. | Step:5 원하는 횟수만큼 반복합니다.,https://melo2026.s3.ap-northeast-2.amazonaws.com/workout-images/Xy4jlWA.webp,weight,5.0,어깨,,덤벨,,덤벨
Y1MsI1l,저항 밴드 레그 익스텐션,https://static.exercisedb.dev/media/Y1MsI1l.gif,대퇴사두근,햄스트링,Step:1 저항 밴드를 튼튼한 고정 지점에 부착하고 발목 주위에 고정합니다. | Step:2 발을 어깨 너비로 벌리고 고정 지점을 향해 섭니다. | Step:3 코어를 고정하고 상체를 안정적으로 유지하면서 다리를 앞으로 곧게 뻗습니다. | Step:4 맨 위에서 잠시 멈춘 다음 다리를 시작 자세로 천천히 되돌립니다. | Step:5 원하는 횟수만큼 반복한 다음 다리를 바꿉니다.,https://melo2026.s3.ap-northeast-2.amazonaws.com/workout-images/Y1MsI1l.webp,weight,5.0,하체,허벅지,밴드,,저항 밴드
Y4BRNQF,푸시업 (안정성 볼 위),https://static.exercisedb.dev/media/Y4BRNQF.gif,대흉근,삼두근 | 어깨 | 코어,Step:1 안정성 볼을 바닥에 놓고 손을 어깨 너비로 벌려 볼 위에 놓고 얼굴을 아래로 향하게 합니다. | Step:2 다리를 뒤로 곧게 뻗고 발가락으로 균형을 잡습니다. | Step:3 코어를 고정하고 팔꿈치를 구부려 가슴을 볼 쪽으로 내리면서 몸을 일직선으로 유지합니다. | Step:4 맨 아래에서 잠시 멈춘 다음 팔을 곧게 펴서 시작 자세로 다시 밀어 올립니다. | Step:5 원하는 횟수만큼 반복합니다.,https://melo2026.s3.ap-northeast-2.amazonaws.com/workout-images/Y4BRNQF.webp,weight,3.5,가슴,,기타,짐볼,짐볼
Y4QlY8z,스미스 토 레이즈,https://static.exercisedb.dev/media/Y4QlY8z.gif,종아리,ankles | shins,Step:1 발을 바닥에 평평하게 대고 편안하게 설 수 있는 높이로 스미스 머신 바를 조절합니다. | Step:2 어깨가 바로 아래에 오도록 바 아래에 서고 발을 어깨 너비로 벌립니다. | Step:3 발 앞꿈치를 들어 올린 플랫폼이나 무게 접시 위에 놓고 발뒤꿈치는 가장자리에 걸칩니다. | Step:4 어깨 너비보다 약간 넓게 오버핸드 그립으로 바를 잡습니다. | Step:5 코어를 고정하고 운동 내내 등을 곧게 유지합니다. | Step:6 발 앞꿈치로 몸무게를 들어 올리면서 발뒤꿈치를 가능한 한 높이 들어 올립니다. | Step:7 맨 위에서 잠시 멈춘 다음 발뒤꿈치를 시작 자세로 천천히 내립니다. | Step:8 원하는 횟수만큼 반복합니다.,https://melo2026.s3.ap-northeast-2.amazonaws.com/workout-images/Y4QlY8z.webp,weight,5.0,하체,종아리,스미스 머신,,스미스 머신
y5p0H8a,달리기 (장비),https://static.exercisedb.dev/media/y5p0H8a.gif,심폐 지구력,quadriceps | 햄스트링 | 종아리,Step:1 발을 엉덩이 너비로 벌리고 똑바로 서서 시작합니다. | Step:2 코어를 고정하고 상체를 편안하게 유지합니다. | Step:3 무릎을 가슴 쪽으로 들어 올리고 발 앞꿈치로 부드럽게 착지하면서 제자리에서 조깅을 시작합니다. | Step:4 꾸준한 속도를 유지하고 원하는 시간 또는 거리만큼 계속 조깅합니다. | Step:5 운동 내내 깊게 숨을 쉬고 좋은 자세를 유지하는 것을 잊지 마세요.,https://melo2026.s3.ap-northeast-2.amazonaws.com/workout-images/y5p0H8a.webp,cardio,3.5,유산소,,맨몸,,맨몸
y5U5B9Y,덤벨 조트먼 프리처 컬,https://static.exercisedb.dev/media/y5U5B9Y.gif,이두근,전완근,Step:1 프리처 벤치에 앉아 각 손에 덤벨을 잡고 손바닥을 위로 향하게 하고 팔꿈치를 패드에 댑니다. | Step:2 윗팔을 고정하고 손바닥을 위로 향하게 하면서 덤벨을 어깨 쪽으로 컬링합니다. | Step:3 컬의 맨 위에서 손바닥이 아래를 향하도록 손목을 회전합니다. | Step:4 덤벨을 시작 자세로 천천히 내리면서 손목을 시작 자세로 되돌립니다. | Step:5 원하는 횟수만큼 반복합니다.,https://melo2026.s3.ap-northeast-2.amazonaws.com/workout-images/y5U5B9Y.webp,weight,5.0,팔,상완,덤벨,,덤벨
Y5X65IB,EZ 바벨 리버스 그립 컬,https://static.exercisedb.dev/media/Y5X65IB.gif,이두근,전완근,Step:1 발을 어깨 너비로 벌리고 똑바로 서서 EZ 바벨을 언더핸드 그립으로 잡습니다. | Step:2 운동 내내 팔꿈치를 몸통에 가깝게 유지하고 윗팔을 고정합니다. | Step:3 숨을 내쉬면서 이두근을 수축하여 바벨을 위로 컬링합니다. | Step:4 이두근이 완전히 수축되고 바벨이 어깨 높이에 올 때까지 바벨을 계속 들어 올립니다. | Step:5 이두근을 쥐어짜면서 수축된 자세를 잠시 유지합니다. | Step:6 숨을 들이쉬면서 바벨을 시작 자세로 천천히 되돌립니다. | Step:7 원하는 횟수만큼 반복합니다.,https://melo2026.s3.ap-northeast-2.amazonaws.com/workout-images/Y5X65IB.webp,weight,5.0,팔,상완,바벨,,EZ 바벨
Y7YcmIJ,바벨 벤치 프론트 스쿼트,https://static.exercisedb.dev/media/Y7YcmIJ.gif,대퇴사두근,햄스트링 | 둔근 | 종아리,Step:1 발을 어깨 너비로 벌리고 똑바로 서서 쇄골 바로 아래쪽 상부 가슴에 바벨을 올려놓고 시작합니다. | Step:2 오버핸드 그립으로 바벨을 잡고 팔꿈치를 위로 올리고 윗팔을 바닥과 평행하게 유지합니다. | Step:3 등을 곧게 펴고 가슴을 들어 올린 상태를 유지하면서 무릎과 엉덩이를 구부려 몸을 스쿼트 자세로 내립니다. | Step:4 스쿼트 맨 아래에서 잠시 멈춘 다음 발뒤꿈치를 밀어 시작 자세로 돌아갑니다. | Step:5 원하는 횟수만큼 반복합니다.,https://melo2026.s3.ap-northeast-2.amazonaws.com/workout-images/Y7YcmIJ.webp,weight,5.0,하체,허벅지,바벨,,바벨
y8bYM8w,밴드 싱글 레그 스플릿 스쿼트,https://static.exercisedb.dev/media/y8bYM8w.gif,대퇴사두근,둔근 | 햄스트링,Step:1 발을 엉덩이 너비로 벌리고 서서 발목 주위에 저항 밴드를 두릅니다. | Step:2 오른쪽 발로 큰 걸음을 앞으로 내딛고 왼쪽 발로 작은 걸음을 뒤로 내딛습니다. | Step:3 무릎을 구부리고 오른쪽 허벅지가 바닥과 평행이 될 때까지 몸을 내리면서 왼쪽 무릎은 바닥에서 약간 위에 유지합니다. | Step:4 오른쪽 발뒤꿈치를 밀어 시작 자세로 돌아갑니다. | Step:5 반대쪽도 반복합니다.,https://melo2026.s3.ap-northeast-2.amazonaws.com/workout-images/y8bYM8w.webp,weight,5.0,하체,허벅지,밴드,,밴드
Y8dOJlH,케이블 스쿼트 로우 (로프 부착물) 헤비,,광배근,이두근 | rhomboids | rear deltoids,Step:1 허리 높이에서 케이블 머신에 로프를 부착합니다. | Step:2 발을 어깨 너비로 벌리고 케이블 머신을 향해 섭니다. | Step:3 (헤비 변형) 무릎을 구부리고 등을 곧게 펴고 가슴을 들어 올린 상태를 유지하면서 몸을 스쿼트 자세로 내립니다. | Step:4 손을 어깨 너비로 벌려 오버핸드 그립으로 로프를 잡습니다. | Step:5 코어를 고정하고 로프를 몸 쪽으로 당기면서 어깨뼈를 함께 쥐어짭니다. | Step:6 팔꿈치를 몸에 가깝게 유지하고 손이 가슴에 닿을 때까지 계속 당깁니다. | Step:7 동작 맨 위에서 잠시 멈춘 다음 로프를 천천히 풀고 팔을 시작 자세로 되돌립니다. | Step:8 원하는 횟수만큼 반복합니다.,,weight,5.0,등,,케이블 머신,,케이블
Y9hNPcN,시티드 사이드 크런치 (벽),https://static.exercisedb.dev/media/Y9hNPcN.gif,복근,obliques,Step:1 등을 벽에 대고 바닥에 앉고 다리를 앞으로 뻗습니다. | Step:2 무릎을 구부리고 발을 바닥에 평평하게 댑니다. 엉덩이 너비로 벌립니다. | Step:3 손을 머리 뒤에 놓고 팔꿈치를 바깥쪽으로 향하게 합니다. | Step:4 복근을 고정하고 한쪽으로 기울여 팔꿈치를 엉덩이 쪽으로 가져옵니다. | Step:5 잠시 멈춘 다음 시작 자세로 돌아갑니다. | Step:6 반대쪽도 반복합니다. | Step:7 원하는 횟수만큼 양쪽을 번갈아 가며 계속합니다.,https://melo2026.s3.ap-northeast-2.amazonaws.com/workout-images/Y9hNPcN.webp,weight,3.5,코어,허리 | 복부,맨몸,,맨몸
YA2HKGz,바벨 리버스 손목 컬 - 프론트 변형,,전완근,이두근 | brachialis,"Step:1 발을 바닥에 평평하게 대고 벤치에 앉아 손등이 아래를 향하도록 바벨을 오버핸드 그립으로 잡습니다. | Step:2 팔뚝을 허벅지에 대고 손목이 가장자리에 걸쳐지도록 합니다. | Step:3 바벨을 몸쪽으로 가져오면서 손목을 위로 천천히 컬링합니다. 프론트 컨트롤을 강조합니다. | Step:4 맨 위에서 잠시 멈춘 후, 시작 자세로 바벨을 천천히 내립니다. | Step:5 원하는 횟수만큼 반복합니다.",,weight,5.0,팔,전완,바벨,,바벨
yaAxcQr,로프 클라임,https://static.exercisedb.dev/media/yaAxcQr.gif,상부 등,전완근 | 이두근 | 어깨,Step:1 발을 어깨너비로 벌리고 로프를 향해 섭니다. | Step:2 손바닥이 자신을 향하도록 로프를 양손으로 잡습니다. | Step:3 무릎을 살짝 구부리고 코어를 사용합니다. | Step:4 손을 번갈아 가며 로프를 위로 당기기 시작합니다. | Step:5 다리를 사용하여 위로 올라가는 동작을 돕습니다. | Step:6 원하는 높이나 로프 꼭대기에 도달할 때까지 계속 오릅니다. | Step:7 내려갈 때는 손을 번갈아 가며 내려가는 동작을 반대로 하여 내려옵니다. | Step:8 원하는 횟수만큼 반복합니다.,https://melo2026.s3.ap-northeast-2.amazonaws.com/workout-images/yaAxcQr.webp,weight,3.5,등,,기타,로프,로프
YAk5dIw,리버스 그립 풀업,https://static.exercisedb.dev/media/YAk5dIw.gif,광배근,이두근 | 전완근,"Step:1 손바닥이 자신을 향하도록 풀업 바를 언더핸드 그립으로 잡고, 손은 어깨너비로 벌립니다. | Step:2 팔을 완전히 펴고 몸을 곧게 편 상태로 바에서 매달립니다. | Step:3 등 근육을 사용하고 가슴을 앞으로 내밀면서 몸을 바 쪽으로 당깁니다. | Step:4 턱이 바 위로 올라올 때까지 계속 당깁니다. | Step:5 맨 위에서 잠시 멈춘 후, 시작 자세로 몸을 천천히 내립니다. | Step:6 원하는 횟수만큼 반복합니다.",https://melo2026.s3.ap-northeast-2.amazonaws.com/workout-images/YAk5dIw.webp,weight,3.5,등,,맨몸,,맨몸
yaMIo4D,케이블 인클라인 벤치 로우,https://static.exercisedb.dev/media/yaMIo4D.gif,상부 등,이두근 | rear deltoids,"Step:1 인클라인 벤치를 45도 각도로 설정하고 로우 풀리에 케이블 핸들을 연결합니다. | Step:2 발을 바닥에 평평하게 대고 무릎을 살짝 구부린 상태로 케이블 머신을 향해 벤치에 앉습니다. | Step:3 케이블 핸들을 오버핸드 그립으로 잡고 팔을 앞으로 완전히 뻗습니다. | Step:4 등을 곧게 펴고 코어를 사용하면서 엉덩이에서 앞으로 기울입니다. | Step:5 어깨뼈를 뒤로 당기고 팔꿈치를 구부려 케이블 핸들을 가슴 쪽으로 당깁니다. | Step:6 동작의 맨 위에서 등 근육을 꽉 조인 후, 팔을 시작 자세로 천천히 뻗습니다. | Step:7 원하는 횟수만큼 반복합니다.",https://melo2026.s3.ap-northeast-2.amazonaws.com/workout-images/yaMIo4D.webp,weight,5.0,등,,케이블 머신,,케이블
yB9SvIF,스미스 머신 디클라인 클로즈 그립 벤치 프레스,https://static.exercisedb.dev/media/yB9SvIF.gif,삼두근,가슴 | 어깨,Step:1 스미스 머신의 벤치를 디클라인 자세로 조절합니다. | Step:2 발을 바닥에 단단히 고정하고 벤치에 눕습니다. | Step:3 어깨너비보다 약간 좁게 클로즈 그립으로 바벨을 잡습니다. | Step:4 바벨을 언랙하고 팔꿈치를 몸에 가깝게 유지하면서 가슴 쪽으로 천천히 내립니다. | Step:5 바벨이 가슴 바로 위에 있을 때 잠시 멈춥니다. | Step:6 팔을 완전히 펴면서 바벨을 시작 자세로 다시 밀어 올립니다. | Step:7 원하는 횟수만큼 반복합니다.,https://melo2026.s3.ap-northeast-2.amazonaws.com/workout-images/yB9SvIF.webp,weight,5.0,팔,상완,스미스 머신,,스미스 머신
yCvYdi7,케틀벨 원 암 밀리터리 프레스 투 더 사이드,https://static.exercisedb.dev/media/yCvYdi7.gif,삼각근,삼두근 | 코어,"Step:1 발을 어깨너비로 벌리고 한 손에 케틀벨을 어깨 높이로 잡고 섭니다. | Step:2 코어를 사용하고 등을 곧게 유지합니다. | Step:3 팔을 완전히 펴면서 케틀벨을 머리 위로 누릅니다. | Step:4 맨 위에서 잠시 멈춘 후, 시작 자세로 케틀벨을 천천히 내립니다. | Step:5 원하는 횟수만큼 반복한 후 반대쪽으로 전환합니다.",https://melo2026.s3.ap-northeast-2.amazonaws.com/workout-images/yCvYdi7.webp,weight,5.0,어깨,,케틀벨,,케틀벨
Ye5Qxb0,이지 바벨 스파이더 컬,https://static.exercisedb.dev/media/Ye5Qxb0.gif,이두근,전완근,Step:1 발을 어깨너비로 벌리고 손바닥이 위를 향하도록 이지 바벨을 언더핸드 그립으로 잡습니다. | Step:2 팔꿈치가 아래로 늘어지도록 상완을 프레처 벤치나 안정성 볼에 댑니다. | Step:3 상완을 고정한 상태에서 숨을 내쉬면서 바벨을 어깨 쪽으로 컬링합니다. | Step:4 맨 위에서 잠시 멈추면서 이두근을 꽉 조입니다. | Step:5 숨을 들이쉬면서 시작 자세로 바벨을 천천히 내립니다. | Step:6 원하는 횟수만큼 반복합니다.,https://melo2026.s3.ap-northeast-2.amazonaws.com/workout-images/Ye5Qxb0.webp,weight,5.0,팔,상완,바벨,,EZ 바벨
ye84CTU,레버 프레처 컬 v. 2,https://static.exercisedb.dev/media/ye84CTU.gif,이두근,전완근,Step:1 시트 높이를 조절하고 패드에 상완을 대고 지지대에 가슴을 댄 상태로 기구에 앉습니다. | Step:2 어깨너비보다 약간 넓게 핸들을 언더핸드 그립으로 잡습니다. | Step:3 상완을 고정한 상태에서 숨을 내쉬면서 핸들을 어깨 쪽으로 컬링하여 이두근을 수축합니다. | Step:4 동작의 맨 위에서 잠시 멈추면서 이두근을 꽉 조입니다. | Step:5 숨을 들이쉬면서 핸들을 시작 자세로 천천히 내리고 팔을 완전히 뻗습니다. | Step:6 원하는 횟수만큼 반복합니다.,https://melo2026.s3.ap-northeast-2.amazonaws.com/workout-images/ye84CTU.webp,weight,5.0,팔,상완,머신,레버리지 머신,레버리지 머신
Yg7MJAT,덤벨 원 암 레터럴 레이즈 위드 서포트,https://static.exercisedb.dev/media/Yg7MJAT.gif,삼각근,trapezius | rotator cuff,"Step:1 발을 어깨너비로 벌리고 한 손에 덤벨을 잡고 손바닥이 몸을 향하도록 합니다. | Step:2 지지를 위해 다른 손을 벤치나 벽과 같은 안정적인 표면에 댑니다. | Step:3 등을 곧게 펴고 코어를 사용합니다. | Step:4 팔을 곧게 펴고 손바닥이 아래를 향하도록 덤벨을 옆으로 들어 올립니다. | Step:5 팔이 바닥과 평행이 될 때까지 계속 들어 올립니다. | Step:6 맨 위에서 잠시 멈춘 후, 시작 자세로 덤벨을 천천히 내립니다. | Step:7 원하는 횟수만큼 반복한 후 반대쪽으로 전환합니다.",https://melo2026.s3.ap-northeast-2.amazonaws.com/workout-images/Yg7MJAT.webp,weight,5.0,어깨,,덤벨,,덤벨
yg8Totb,바벨 라잉 백 오브 더 헤드 트라이셉스 익스텐션,https://static.exercisedb.dev/media/yg8Totb.gif,삼두근,어깨,"Step:1 발을 바닥에 평평하게 대고 머리가 벤치 끝에 오도록 벤치에 평평하게 눕습니다. | Step:2 손은 어깨너비로 벌리고 오버핸드 그립으로 바벨을 잡고 팔을 가슴 위로 똑바로 뻗습니다. | Step:3 상완을 고정한 상태에서 팔꿈치를 구부려 바벨을 머리 뒤로 천천히 내립니다. | Step:4 잠시 멈춘 후, 팔을 시작 자세로 다시 뻗습니다. | Step:5 원하는 횟수만큼 반복합니다.",https://melo2026.s3.ap-northeast-2.amazonaws.com/workout-images/yg8Totb.webp,weight,5.0,팔,상완,바벨,,바벨
YIUAtYf,웨이티드 러시안 트위스트 v. 2,https://static.exercisedb.dev/media/YIUAtYf.gif,복근,obliques | lower back,"Step:1 무릎을 구부리고 발을 바닥에 평평하게 대고 앉습니다. | Step:2 가슴 앞에서 양손으로 무게를 잡습니다. | Step:3 코어 근육을 사용하기 위해 몸을 살짝 뒤로 기울입니다. | Step:4 몸통을 오른쪽으로 비틀어 무게를 몸의 오른쪽으로 가져옵니다. | Step:5 잠시 멈춘 후, 몸통을 왼쪽으로 비틀어 무게를 몸의 왼쪽으로 가져옵니다. | Step:6 원하는 횟수만큼 계속 번갈아 가며 반복합니다.",https://melo2026.s3.ap-northeast-2.amazonaws.com/workout-images/YIUAtYf.webp,weight,5.0,코어,허리 | 복부,기타,중량,중량
yJUHKTn,머슬업,https://static.exercisedb.dev/media/yJUHKTn.gif,광배근,이두근 | 삼두근 | 어깨 | 가슴,Step:1 손바닥이 자신을 향하지 않도록 하고 팔을 완전히 뻗은 상태로 풀업 바에 매달리는 것부터 시작합니다. | Step:2 코어를 사용하고 가슴을 앞으로 내밀면서 몸을 바 쪽으로 당깁니다. | Step:3 동작의 맨 위로 올라오면서 손바닥이 자신을 향하도록 그립을 전환합니다. | Step:4 가슴이 바 위로 올라오고 팔이 완전히 구부러질 때까지 계속 당깁니다. | Step:5 몸을 시작 자세로 천천히 내리면서 동작을 반대로 합니다. | Step:6 원하는 횟수만큼 반복합니다.,https://melo2026.s3.ap-northeast-2.amazonaws.com/workout-images/yJUHKTn.webp,weight,3.5,등,,맨몸,,맨몸
ykA5tU7,체스트 스트레치 위드 엑서사이즈 볼,https://static.exercisedb.dev/media/ykA5tU7.gif,대흉근,어깨 | 삼두근,"Step:1 발을 바닥에 평평하게 대고 등을 곧게 편 상태로 안정성 볼에 앉습니다. | Step:2 양손으로 엑서사이즈 볼을 잡고 팔을 앞으로 똑바로 뻗습니다. | Step:3 가슴 근육이 늘어나는 것을 느끼면서 엑서사이즈 볼을 가슴 쪽으로 천천히 가져옵니다. | Step:4 스트레칭을 몇 초간 유지한 후, 시작 자세로 천천히 돌아갑니다. | Step:5 원하는 횟수만큼 반복합니다.",https://melo2026.s3.ap-northeast-2.amazonaws.com/workout-images/ykA5tU7.webp,weight,2.5,가슴,,기타,짐볼,짐볼
ykHcWme,레그 프레스 머신 스레드 카프 프레스,https://static.exercisedb.dev/media/ykHcWme.gif,종아리,햄스트링 | quadriceps,"Step:1 발을 스레드에 댔을 때 무릎이 살짝 구부러지도록 레그 프레스 머신의 시트를 조절합니다. | Step:2 발을 어깨너비로 벌리고 발가락을 앞으로 향하게 하여 스레드에 댑니다. | Step:3 안전 손잡이를 풀고 무릎과 발목을 펴서 스레드를 밀어냅니다. | Step:4 동작의 맨 위에서 잠시 멈춘 후, 무릎과 발목을 구부려 스레드를 천천히 다시 내립니다. | Step:5 원하는 횟수만큼 반복합니다.",https://melo2026.s3.ap-northeast-2.amazonaws.com/workout-images/ykHcWme.webp,weight,5.0,하체,종아리,머신,슬레드 머신,슬레드 머신
ykUOVze,레버 스탠딩 카프 레이즈,https://static.exercisedb.dev/media/ykUOVze.gif,종아리,soleus | ankle stabilizers,"Step:1 키에 맞게 기구를 조절하고 발을 어깨너비로 벌리고 섭니다. | Step:2 어깨를 패드 아래에 대고 안정성을 위해 핸들을 잡습니다. | Step:3 발목을 펴서 발뒤꿈치를 최대한 높이 들어 올립니다. | Step:4 맨 위에서 잠시 멈춘 후, 발뒤꿈치를 시작 자세로 천천히 내립니다. | Step:5 원하는 횟수만큼 반복합니다.",https://melo2026.s3.ap-northeast-2.amazonaws.com/workout-images/ykUOVze.webp,weight,5.0,하체,종아리,머신,레버리지 머신,레버리지 머신
yl2IYyy,케이블 스탠딩 카프 레이즈,https://static.exercisedb.dev/media/yl2IYyy.gif,종아리,햄스트링 | 둔근,"Step:1 발을 어깨너비로 벌리고 케이블 머신을 향해 섭니다. | Step:2 케이블 머신 손잡이를 잡거나 발목 스트랩을 발목에 연결합니다. | Step:3 발목을 최대한 펴서 발뒤꿈치를 땅에서 들어 올립니다. | Step:4 맨 위에서 잠시 멈춘 후, 천천히 발뒤꿈치를 시작 자세로 내립니다. | Step:5 원하는 횟수만큼 반복합니다.",https://melo2026.s3.ap-northeast-2.amazonaws.com/workout-images/yl2IYyy.webp,weight,5.0,하체,종아리,케이블 머신,,케이블
yn0LjwL,어시스티드 라잉 글루트 스트레치,https://static.exercisedb.dev/media/yn0LjwL.gif,둔근,햄스트링,"Step:1 등을 대고 누워 다리를 뻗습니다. | Step:2 오른쪽 무릎을 구부리고 오른쪽 발목을 왼쪽 허벅지 위쪽, 무릎 바로 위에 놓습니다. | Step:3 양손으로 왼쪽 허벅지를 잡고 가슴 쪽으로 부드럽게 당깁니다. | Step:4 20-30초 동안 스트레칭을 유지합니다. | Step:5 풀고 반대쪽도 반복합니다.",https://melo2026.s3.ap-northeast-2.amazonaws.com/workout-images/yn0LjwL.webp,weight,2.5,하체,허벅지,기타,보조 기구,보조 기구
yn2lLSI,슬레드 45도 레그 프레스 (등 시점),https://static.exercisedb.dev/media/yn2lLSI.gif,둔근,quadriceps | 햄스트링 | 종아리,Step:1 슬레드 머신의 좌석을 조절하여 무릎이 45도 각도가 되도록 합니다. | Step:2 슬레드 머신에 앉아 등받이에 등을 대고 발을 발판에 어깨너비로 벌립니다. | Step:3 안정성을 위해 좌석 옆의 손잡이를 잡습니다. | Step:4 발뒤꿈치를 발판에 대고 다리를 펴서 발판을 몸에서 멀리 밀어냅니다. | Step:5 완전히 펴진 자세에서 잠시 멈춥니다. | Step:6 천천히 무릎을 구부리고 움직임을 제어하면서 발판을 몸 쪽으로 다시 내립니다. | Step:7 원하는 횟수만큼 반복합니다.,https://melo2026.s3.ap-northeast-2.amazonaws.com/workout-images/yn2lLSI.webp,weight,5.0,하체,허벅지,머신,슬레드 머신,슬레드 머신
yn8yg1r,덤벨 고블릿 스쿼트,https://static.exercisedb.dev/media/yn8yg1r.gif,대퇴사두근,둔근 | 햄스트링 | 종아리,"Step:1 발을 어깨너비로 벌리고 서서 덤벨을 양손으로 수직으로 가슴에 댑니다. | Step:2 가슴을 펴고 코어를 유지하면서 엉덩이를 뒤로 밀고 무릎을 구부려 몸을 스쿼트 자세로 낮춥니다. | Step:3 허벅지가 바닥과 평행이 되거나 편안하게 내려갈 수 있는 만큼 계속 낮춥니다. | Step:4 맨 아래에서 잠시 멈춘 후, 발뒤꿈치로 밀어 시작 자세로 돌아옵니다. | Step:5 원하는 횟수만큼 반복합니다.",https://melo2026.s3.ap-northeast-2.amazonaws.com/workout-images/yn8yg1r.webp,weight,5.0,하체,허벅지,덤벨,,덤벨
YPoVrBi,케이블 시티드 숄더 인터널 로테이션,https://static.exercisedb.dev/media/YPoVrBi.gif,삼각근,rotator cuff | 삼두근,"Step:1 발을 바닥에 대고 의자나 벤치에 앉아 케이블 머신을 향합니다. | Step:2 케이블 손잡이를 잡고 팔을 앞으로 쭉 뻗어 바닥과 평행이 되도록 합니다. | Step:3 팔꿈치를 약간 구부리고 어깨뼈를 뒤로 당겨 내립니다. | Step:4 팔을 안쪽으로 천천히 회전시켜 케이블 손잡이를 몸 중앙 쪽으로 가져옵니다. | Step:5 동작 끝에서 잠시 멈춘 후, 천천히 시작 자세로 돌아옵니다. | Step:6 원하는 횟수만큼 반복한 후 팔을 바꿉니다.",https://melo2026.s3.ap-northeast-2.amazonaws.com/workout-images/YPoVrBi.webp,weight,5.0,어깨,,케이블 머신,,케이블
yq3GAJX,핸즈 리버스 클래스프드 서큘러 토 터치 (남성),https://static.exercisedb.dev/media/yq3GAJX.gif,둔근,햄스트링 | quadriceps | 종아리,Step:1 발을 어깨너비로 벌리고 서서 팔을 옆으로 쭉 뻗습니다. | Step:2 허리를 펴고 무릎을 약간 구부린 상태에서 허리에서 앞으로 구부립니다. | Step:3 손을 아래로 뻗어 다리 뒤에서 깍지를 낍니다. | Step:4 다리를 곧게 펴고 손을 머리 위로 원을 그리며 천천히 들어 올립니다. | Step:5 손이 발끝에 닿을 때까지 원을 그리며 계속합니다. | Step:6 동작을 반대로 하여 손을 시작 자세로 다시 내립니다. | Step:7 원하는 횟수만큼 반복합니다.,https://melo2026.s3.ap-northeast-2.amazonaws.com/workout-images/yq3GAJX.webp,weight,3.5,하체,허벅지,맨몸,,맨몸
yQe5HpE,바벨 스탠딩 트위스트,https://static.exercisedb.dev/media/yQe5HpE.gif,복근,obliques | lower back,"Step:1 발을 어깨너비로 벌리고 서서 바벨을 양손으로 가슴 앞에 잡고 손바닥이 아래를 향하도록 합니다. | Step:2 코어를 사용하고 운동 내내 등을 곧게 유지합니다. | Step:3 하체는 안정적으로 유지하면서 발과 엉덩이를 축으로 몸통을 오른쪽으로 천천히 비틉니다. | Step:4 비튼 동작 끝에서 잠시 멈춘 후, 천천히 시작 자세로 돌아옵니다. | Step:5 왼쪽으로도 같은 동작을 반복합니다. | Step:6 원하는 횟수만큼 번갈아 가며 비트는 동작을 계속합니다.",https://melo2026.s3.ap-northeast-2.amazonaws.com/workout-images/yQe5HpE.webp,weight,5.0,코어,허리 | 복부,바벨,,바벨
YqJw82s,바벨 리버스 클로즈 그립 벤치 프레스,https://static.exercisedb.dev/media/YqJw82s.gif,삼두근,가슴 | 어깨,Step:1 벤치에 등을 대고 누워 발을 바닥에 평평하게 댑니다. | Step:2 손바닥이 아래를 향하도록 하여 어깨너비로 바벨을 잡습니다. | Step:3 바벨을 랙에서 들어 올려 가슴 바로 위에 팔을 완전히 편 상태로 잡습니다. | Step:4 팔꿈치를 몸에 가깝게 붙이고 바벨을 가슴 쪽으로 천천히 내립니다. | Step:5 바벨이 가슴 바로 위에 왔을 때 잠시 멈춥니다. | Step:6 팔을 완전히 펴서 바벨을 시작 자세로 다시 밀어 올립니다. | Step:7 원하는 횟수만큼 반복합니다.,https://melo2026.s3.ap-northeast-2.amazonaws.com/workout-images/YqJw82s.webp,weight,5.0,팔,상완,바벨,,바벨
YRaCa5Y,풀 말테즈,https://static.exercisedb.dev/media/YRaCa5Y.gif,복근,어깨 | 가슴,Step:1 발을 어깨너비로 벌리고 서서 팔을 옆으로 쭉 뻗습니다. | Step:2 팔을 곧게 편 상태로 상체가 바닥과 평행이 될 때까지 천천히 앞으로 기울입니다. | Step:3 코어를 사용하고 몇 초 동안 이 자세를 유지합니다. | Step:4 발로 밀고 다시 일어서서 시작 자세로 돌아옵니다. | Step:5 원하는 횟수만큼 반복합니다.,https://melo2026.s3.ap-northeast-2.amazonaws.com/workout-images/YRaCa5Y.webp,weight,3.5,코어,허리 | 복부,맨몸,,맨몸
yRLPCLu,바벨 리버스 그립 스컬 크러셔,https://static.exercisedb.dev/media/yRLPCLu.gif,삼두근,전완근,"Step:1 벤치에 등을 대고 누워 발을 바닥에 평평하게 대고 머리를 벤치 끝에 둡니다. | Step:2 손바닥이 얼굴을 향하도록 하여 어깨너비로 바벨을 잡습니다. | Step:3 팔꿈치를 안으로 모으고 손목을 곧게 편 상태로 팔을 가슴 위로 쭉 뻗습니다. | Step:4 팔꿈치를 구부려 바벨을 이마 쪽으로 천천히 내립니다. 이때 상완은 움직이지 않도록 합니다. | Step:5 맨 아래에서 잠시 멈춘 후, 팔을 펴서 시작 자세로 돌아옵니다. | Step:6 원하는 횟수만큼 반복합니다.",https://melo2026.s3.ap-northeast-2.amazonaws.com/workout-images/yRLPCLu.webp,weight,5.0,팔,상완,바벨,,바벨
yRpV5TC,숄더 탭,https://static.exercisedb.dev/media/yRpV5TC.gif,복근,어깨 | 삼두근,Step:1 손을 어깨 바로 아래에 두고 몸이 일직선이 되도록 하이 플랭크 자세로 시작합니다. | Step:2 코어를 사용하고 오른손을 들어 왼쪽 어깨를 탭합니다. | Step:3 오른손을 다시 바닥에 놓고 왼손으로 오른쪽 어깨를 탭하는 동작을 반복합니다. | Step:4 엉덩이와 몸통을 안정적으로 유지하면서 번갈아 가며 숄더 탭을 계속합니다. | Step:5 원하는 횟수만큼 반복합니다.,https://melo2026.s3.ap-northeast-2.amazonaws.com/workout-images/yRpV5TC.webp,weight,3.5,코어,허리 | 복부,맨몸,,맨몸
yRYyfdA,운동 볼 시티드 햄스트링 스트레치,https://static.exercisedb.dev/media/yRYyfdA.gif,햄스트링,둔근 | lower back,Step:1 발을 바닥에 대고 무릎을 90도 각도로 구부린 상태로 안정성 볼 위에 앉습니다. | Step:2 발을 앞으로 걸어 나가면서 볼을 천천히 앞으로 굴려 상체가 볼에 닿고 다리가 앞으로 쭉 펴지도록 합니다. | Step:3 지지를 위해 손을 엉덩이에 댑니다. | Step:4 코어를 사용하고 등을 곧게 펴고 가슴을 들어 올린 상태로 상체를 바닥 쪽으로 천천히 내립니다. | Step:5 햄스트링에 스트레칭이 느껴질 때까지 멈추고 20-30초 동안 자세를 유지합니다. | Step:6 발뒤꿈치로 밀고 햄스트링을 사용하여 몸을 다시 당겨 시작 자세로 천천히 돌아옵니다. | Step:7 원하는 횟수만큼 반복합니다.,https://melo2026.s3.ap-northeast-2.amazonaws.com/workout-images/yRYyfdA.webp,weight,2.5,하체,허벅지,기타,짐볼,짐볼
Ys97II0,덤벨 시티드 프론트 레이즈,https://static.exercisedb.dev/media/Ys97II0.gif,삼각근,trapezius | 이두근,"Step:1 벤치에 앉아 발을 바닥에 평평하게 대고 각 손에 덤벨을 쥐고 허벅지 위에 올려놓습니다. | Step:2 등을 곧게 펴고 코어를 유지합니다. | Step:3 덤벨을 앞으로 들어 올려 어깨 높이가 될 때까지 올립니다. 이때 손바닥이 아래를 향하도록 합니다. | Step:4 맨 위에서 잠시 멈춘 후, 천천히 덤벨을 시작 자세로 내립니다. | Step:5 원하는 횟수만큼 반복합니다.",https://melo2026.s3.ap-northeast-2.amazonaws.com/workout-images/Ys97II0.webp,weight,5.0,어깨,,덤벨,,덤벨
yT9tk17,트위스티드 레그 레이즈 (여성),https://static.exercisedb.dev/media/yT9tk17.gif,복근,obliques | 고관절 굴곡근,"Step:1 등을 대고 누워 다리를 뻗고 팔을 옆에 둡니다. | Step:2 무릎을 구부리고 다리를 들어 가슴 쪽으로 가져옵니다. | Step:3 다리를 들어 올리면서 엉덩이를 한쪽으로 비틀어 무릎을 반대쪽 어깨 쪽으로 가져옵니다. | Step:4 맨 위에서 잠시 멈춘 후, 천천히 다리를 시작 자세로 내립니다. | Step:5 이번에는 엉덩이를 다른 쪽으로 비트는 동작을 반복합니다. | Step:6 원하는 횟수만큼 번갈아 가며 반복합니다.",https://melo2026.s3.ap-northeast-2.amazonaws.com/workout-images/yT9tk17.webp,weight,3.5,코어,허리 | 복부,맨몸,,맨몸
YtaCTYl,덤벨 원 암 시티드 뉴트럴 리스트 컬,https://static.exercisedb.dev/media/YtaCTYl.gif,전완근,이두근 | brachialis,"Step:1 벤치에 앉아 발을 바닥에 평평하게 대고 한 손에 덤벨을 쥐고 손바닥이 위를 향하도록 합니다. | Step:2 팔뚝을 허벅지에 대고 손목이 가장자리에 걸쳐지도록 합니다. | Step:3 팔뚝은 고정한 상태로 손목을 가능한 한 위로 컬링합니다. | Step:4 맨 위에서 잠시 멈춘 후, 천천히 손목을 시작 자세로 내립니다. | Step:5 원하는 횟수만큼 반복한 후 다른 손으로 바꿉니다.",https://melo2026.s3.ap-northeast-2.amazonaws.com/workout-images/YtaCTYl.webp,weight,5.0,팔,전완,덤벨,,덤벨
YtgD7Xq,숄더 그립 풀업,https://static.exercisedb.dev/media/YtgD7Xq.gif,광배근,이두근 | 전완근,"Step:1 손바닥이 몸 바깥쪽을 향하도록 어깨 너비로 풀업 바를 잡습니다. | Step:2 팔을 완전히 펴고 자유롭게 매달립니다. | Step:3 등 근육을 사용하여 턱이 바 위로 올라올 때까지 몸을 바 쪽으로 당깁니다. | Step:4 맨 위에서 잠시 멈춘 다음, 몸을 천천히 시작 자세로 다시 내립니다. | Step:5 원하는 횟수만큼 반복합니다.",https://melo2026.s3.ap-northeast-2.amazonaws.com/workout-images/YtgD7Xq.webp,weight,3.5,등,,맨몸,,맨몸
YTur5nR,케이블 원 암 컬,https://static.exercisedb.dev/media/YTur5nR.gif,이두근,전완근,"Step:1 발을 어깨 너비로 벌리고 케이블 머신을 향해 섭니다. | Step:2 언더핸드 그립으로 케이블 핸들을 잡고 손바닥이 위를 향하도록 합니다. | Step:3 팔꿈치를 옆구리에 가깝게 유지하고 팔뚝을 어깨 쪽으로 천천히 컬링합니다. | Step:4 맨 위에서 잠시 멈춘 다음, 팔뚝을 천천히 시작 자세로 다시 내립니다. | Step:5 원하는 횟수만큼 반복합니다.",https://melo2026.s3.ap-northeast-2.amazonaws.com/workout-images/YTur5nR.webp,weight,5.0,팔,상완,케이블 머신,,케이블
yU7w7CA,엑서사이즈 볼 로어 백 스트레치 (피라미드),https://static.exercisedb.dev/media/yU7w7CA.gif,광배근,둔근 | 햄스트링,"Step:1 발을 바닥에 평평하게 대고 무릎을 90도 각도로 구부린 채로 안정성 볼 위에 앉습니다. | Step:2 발을 천천히 앞으로 걸어 볼이 등 아래쪽을 따라 구르도록 하여 허리가 볼에 닿도록 합니다. | Step:3 손을 머리 뒤에 놓거나 가슴 위에 교차합니다. | Step:4 코어를 활성화하고 허리가 볼 위에서 늘어나도록 상체를 천천히 바닥 쪽으로 내립니다. | Step:5 스트레치를 몇 초간 유지한 다음, 천천히 시작 자세로 돌아옵니다. | Step:6 원하는 횟수만큼 반복합니다.",https://melo2026.s3.ap-northeast-2.amazonaws.com/workout-images/yU7w7CA.webp,weight,2.5,등,,기타,짐볼,짐볼
yUdIGNs,케이블 리어 델트 로우 (스트럽),https://static.exercisedb.dev/media/yUdIGNs.gif,삼각근,trapezius | rhomboids | 이두근,"Step:1 낮은 케이블 풀리에 스트럽 핸들을 부착하고 머신을 향해 섭니다. | Step:2 왼손으로 핸들을 잡고 오른발을 뒤로 한 걸음 내딛어 몸을 약간 기울입니다. | Step:3 무릎을 약간 구부리고 엉덩이에서 앞으로 힌지하며, 등을 곧게 펴고 코어를 활성화합니다. | Step:4 왼팔을 뻗고 손바닥이 아래를 향하도록 하여, 견갑골을 당겨 핸들을 가슴 쪽으로 당깁니다. | Step:5 움직임의 맨 위에서 잠시 멈추고 견갑골을 쥐어짭니다. | Step:6 핸들을 천천히 시작 자세로 되돌리고 원하는 횟수만큼 반복합니다. | Step:7 반대쪽으로 전환하여 오른팔로 운동을 반복합니다.",https://melo2026.s3.ap-northeast-2.amazonaws.com/workout-images/yUdIGNs.webp,weight,5.0,어깨,,케이블 머신,,케이블
YUYAMEj,어시스티드 프론 라잉 쿼드 스트레치,https://static.exercisedb.dev/media/YUYAMEj.gif,대퇴사두근,햄스트링 | 둔근,Step:1 다리를 뻗고 바닥에 엎드립니다. | Step:2 왼쪽 무릎을 구부리고 왼손으로 왼쪽 발이나 발목을 잡기 위해 뒤로 뻗습니다. | Step:3 왼쪽 발을 엉덩이 쪽으로 부드럽게 당겨 왼쪽 대퇴사두근을 스트레칭합니다. | Step:4 스트레치를 20-30초간 유지한 다음 풀어줍니다. | Step:5 오른쪽 다리로 반복합니다.,https://melo2026.s3.ap-northeast-2.amazonaws.com/workout-images/YUYAMEj.webp,weight,2.5,하체,허벅지,기타,보조 기구,보조 기구
ywaNfuh,스미스 리버스 카프 레이즈,https://static.exercisedb.dev/media/ywaNfuh.gif,종아리,햄스트링,"Step:1 스미스 머신 바를 어깨 바로 아래 높이로 조절합니다. | Step:2 발을 엉덩이 너비로 벌리고 발가락을 앞으로 향하게 하여 바를 향해 섭니다. | Step:3 발뒤꿈치가 걸쳐지도록 발 앞부분을 스텝이나 플랫폼 가장자리에 댑니다. | Step:4 등을 곧게 펴고 코어를 활성화하며 지지하기 위해 바를 잡습니다. | Step:5 발뒤꿈치를 가능한 한 높이 들어 올려 발 앞부분으로 몸무게를 들어 올립니다. | Step:6 맨 위에서 잠시 멈춘 다음, 발뒤꿈치를 천천히 시작 자세로 다시 내립니다. | Step:7 원하는 횟수만큼 반복합니다.",https://melo2026.s3.ap-northeast-2.amazonaws.com/workout-images/ywaNfuh.webp,weight,5.0,하체,종아리,스미스 머신,,스미스 머신
YwnI4ja,케이블 스탠딩 이너 컬,https://static.exercisedb.dev/media/YwnI4ja.gif,이두근,전완근,Step:1 발을 어깨 너비로 벌리고 케이블 머신을 향해 섭니다. | Step:2 언더핸드 그립으로 케이블 핸들을 잡고 손바닥이 위를 향하도록 합니다. | Step:3 팔꿈치를 옆구리에 가깝게 유지하고 상완을 고정합니다. | Step:4 숨을 내쉬면서 이두근을 수축하며 케이블 핸들을 어깨 쪽으로 컬링합니다. | Step:5 움직임의 맨 위에서 잠시 멈추고 이두근을 쥐어짭니다. | Step:6 숨을 들이쉬면서 케이블 핸들을 천천히 시작 자세로 되돌립니다. | Step:7 원하는 횟수만큼 반복합니다.,https://melo2026.s3.ap-northeast-2.amazonaws.com/workout-images/YwnI4ja.webp,weight,5.0,팔,상완,케이블 머신,,케이블
yWxMvB5,케틀벨 스러스터,https://static.exercisedb.dev/media/yWxMvB5.gif,삼각근,quadriceps | 둔근 | 코어,Step:1 발을 어깨 너비로 벌리고 서서 양손으로 케틀벨을 가슴 앞에 잡고 손바닥이 서로 마주보게 합니다. | Step:2 무릎을 구부리고 엉덩이를 뒤로 밀어 스쿼트 자세로 내려가면서 가슴을 들고 등을 곧게 유지합니다. | Step:3 스쿼트 바닥에 도달하면 발뒤꿈치를 통해 폭발적으로 밀어 일어서면서 동시에 케틀벨을 머리 위로 누릅니다. | Step:4 움직임의 맨 위에서 팔을 잠그고 팔꿈치를 완전히 폅니다. | Step:5 팔꿈치를 구부리고 무게를 가슴으로 다시 내리면서 움직임을 역으로 하여 케틀벨을 시작 자세로 되돌립니다. | Step:6 원하는 횟수만큼 반복합니다.,https://melo2026.s3.ap-northeast-2.amazonaws.com/workout-images/yWxMvB5.webp,weight,5.0,어깨,,케틀벨,,케틀벨
YZ4961r,풀 플란체,https://static.exercisedb.dev/media/YZ4961r.gif,복근,어깨 | 가슴 | 삼두근,Step:1 손을 어깨 너비로 벌리고 손가락을 앞으로 향하게 하여 푸시업 자세로 시작합니다. | Step:2 코어를 활성화하고 체중을 천천히 앞으로 이동하여 발을 땅에서 뗍니다. | Step:3 몸이 바닥과 평행이 될 때까지 체중을 계속 앞으로 이동하여 손으로 균형을 잡습니다. | Step:4 몸을 일직선으로 유지하면서 가능한 한 오래 이 자세를 유지합니다. | Step:5 발을 천천히 바닥으로 되돌리고 시작 자세로 돌아옵니다. | Step:6 원하는 횟수만큼 반복합니다.,https://melo2026.s3.ap-northeast-2.amazonaws.com/workout-images/YZ4961r.webp,weight,3.5,코어,허리 | 복부,맨몸,,맨몸
yz9nUhF,덤벨 플라이,https://static.exercisedb.dev/media/yz9nUhF.gif,대흉근,어깨,Step:1 벤치에 평평하게 누워 각 손에 덤벨을 잡고 손바닥이 서로 마주보게 합니다. | Step:2 팔꿈치를 약간 구부린 상태로 팔을 가슴 위로 곧게 뻗습니다. | Step:3 팔꿈치를 약간 구부린 상태로 가슴에서 스트레치를 느낄 때까지 팔을 넓은 호를 그리며 옆으로 내립니다. | Step:4 잠시 멈춘 다음 움직임을 역으로 하여 덤벨을 시작 자세로 다시 올립니다. | Step:5 원하는 횟수만큼 반복합니다.,https://melo2026.s3.ap-northeast-2.amazonaws.com/workout-images/yz9nUhF.webp,weight,2.5,가슴,,덤벨,,덤벨
Yza7XrQ,바벨 얼터네이트 바이셉스 컬,https://static.exercisedb.dev/media/Yza7XrQ.gif,이두근,전완근,Step:1 발을 어깨 너비로 벌리고 똑바로 서서 각 손에 바벨을 잡고 손바닥이 앞을 향하도록 합니다. | Step:2 상완을 고정하고 숨을 내쉬면서 이두근을 수축하며 바벨을 컬링합니다. | Step:3 이두근이 완전히 수축되고 바벨이 어깨 높이에 올 때까지 바벨을 계속 들어 올립니다. | Step:4 이두근을 쥐어짜면서 수축된 자세를 잠시 유지합니다. | Step:5 숨을 들이쉬면서 바벨을 천천히 시작 자세로 되돌리기 시작합니다. | Step:6 원하는 횟수만큼 반복하고 팔을 번갈아 가며 실시합니다.,https://melo2026.s3.ap-northeast-2.amazonaws.com/workout-images/Yza7XrQ.webp,weight,5.0,팔,상완,바벨,,바벨
yzYH9pI,바벨 팜 다운 리스트 컬 오버 벤치,https://static.exercisedb.dev/media/yzYH9pI.gif,전완근,이두근 | brachialis,Step:1 발을 바닥에 평평하게 대고 앉아 허벅지에 팔뚝을 올려놓고 손바닥이 아래를 향하도록 합니다. | Step:2 오버핸드 그립으로 바벨을 잡고 손을 어깨 너비로 벌립니다. | Step:3 팔뚝을 고정한 상태로 손목을 구부려 바벨을 바닥 쪽으로 내립니다. | Step:4 바닥에서 잠시 멈춘 다음 손목을 펴서 바벨을 천천히 다시 위로 올립니다. | Step:5 원하는 횟수만큼 반복합니다.,https://melo2026.s3.ap-northeast-2.amazonaws.com/workout-images/yzYH9pI.webp,weight,5.0,팔,전완,바벨,,바벨
Z5YStHW,오버헤드 트라이셉스 스트레치,https://static.exercisedb.dev/media/Z5YStHW.gif,삼두근,어깨,Step:1 발을 어깨 너비로 벌리고 서거나 앉습니다. | Step:2 한 팔을 머리 위로 뻗고 팔꿈치를 구부려 손이 반대쪽 견갑골을 향하도록 합니다. | Step:3 다른 손으로 뻗은 팔의 팔꿈치를 머리의 반대쪽으로 부드럽게 당겨 삼두근을 스트레칭합니다. | Step:4 스트레치를 15-30초간 유지한 다음 풀어줍니다. | Step:5 반대쪽으로 반복합니다.,https://melo2026.s3.ap-northeast-2.amazonaws.com/workout-images/Z5YStHW.webp,weight,2.5,팔,상완,맨몸,,맨몸
z6TAHoT,덤벨 트위스팅 벤치 프레스,https://static.exercisedb.dev/media/z6TAHoT.gif,삼두근,가슴 | 어깨,"Step:1 발을 바닥에 평평하게 대고 벤치에 평평하게 누워 등을 벤치에 대고 있습니다. | Step:2 각 손에 덤벨을 오버핸드 그립으로 잡고 손바닥이 몸 바깥쪽을 향하도록 합니다. | Step:3 팔꿈치를 약간 구부린 상태로 팔을 가슴 위로 곧게 뻗습니다. | Step:4 팔꿈치를 몸에 가깝게 유지하면서 덤벨을 가슴 쪽으로 내립니다. | Step:5 덤벨을 내리면서 손목을 비틀어 움직임의 바닥에서 손바닥이 몸 쪽을 향하도록 합니다. | Step:6 바닥에서 잠시 멈춘 다음, 덤벨을 다시 시작 자세로 밀어 올리면서 움직임을 역으로 합니다. | Step:7 덤벨을 위로 밀면서 손목을 다시 비틀어 손바닥이 몸 바깥쪽을 향하도록 시작 자세로 돌아옵니다. | Step:8 원하는 횟수만큼 반복합니다.",https://melo2026.s3.ap-northeast-2.amazonaws.com/workout-images/z6TAHoT.webp,weight,5.0,팔,상완,덤벨,,덤벨
ZA8b5hc,케틀벨 고블릿 스쿼트,https://static.exercisedb.dev/media/ZA8b5hc.gif,둔근,quadriceps | 햄스트링 | 종아리,"Step:1 발을 어깨 너비로 벌리고 서서 양손으로 케틀벨을 가슴 가까이에 잡습니다. | Step:2 가슴을 들고 코어를 활성화한 상태로 무릎과 엉덩이를 구부려 몸을 스쿼트 자세로 내립니다. | Step:3 허벅지가 바닥과 평행이 되거나 편안하게 갈 수 있는 만큼 낮아질 때까지 계속 내립니다. | Step:4 바닥에서 잠시 멈춘 다음, 발뒤꿈치를 밀어 시작 자세로 돌아옵니다. | Step:5 원하는 횟수만큼 반복합니다.",https://melo2026.s3.ap-northeast-2.amazonaws.com/workout-images/ZA8b5hc.webp,weight,5.0,하체,허벅지,케틀벨,,케틀벨
za9Ni4z,바벨 랙 풀,https://static.exercisedb.dev/media/za9Ni4z.gif,둔근,햄스트링 | lower back,Step:1 무릎 높이의 랙에 바벨을 세팅합니다. | Step:2 발을 어깨너비로 벌리고 발끝을 살짝 바깥쪽으로 향하게 섭니다. | Step:3 엉덩이와 무릎을 구부려 몸을 낮추고 오버핸드 그립으로 바벨을 잡습니다. 손은 어깨너비로 벌립니다. | Step:4 코어에 힘을 주고 엉덩이와 무릎을 펴면서 바벨을 들어 올립니다. 이때 어깨를 뒤로 당기고 상단에서 둔근을 꽉 조여줍니다. | Step:5 엉덩이와 무릎을 구부려 바벨을 시작 자세로 다시 내립니다. | Step:6 원하는 횟수만큼 반복합니다.,https://melo2026.s3.ap-northeast-2.amazonaws.com/workout-images/za9Ni4z.webp,weight,5.0,하체,허벅지,바벨,,바벨
zCgxPbV,케이블 트위스팅 풀,https://static.exercisedb.dev/media/zCgxPbV.gif,광배근,어깨 | 이두근,Step:1 로우 풀리에 케이블 핸들을 연결하고 머신을 향해 섭니다. | Step:2 핸들을 왼손으로 잡고 머신에서 멀어지면서 팔을 완전히 뻗습니다. | Step:3 발을 어깨너비로 벌리고 무릎을 살짝 구부립니다. | Step:4 운동 내내 등을 곧게 펴고 코어에 힘을 줍니다. | Step:5 핸들을 몸쪽으로 당기면서 상체를 오른쪽으로 회전시킵니다. | Step:6 동작 끝에서 등 근육을 꽉 조여줍니다. | Step:7 케이블에 긴장감을 유지하면서 천천히 시작 자세로 돌아옵니다. | Step:8 원하는 횟수만큼 반복한 후 반대쪽도 오른손으로 수행합니다.,https://melo2026.s3.ap-northeast-2.amazonaws.com/workout-images/zCgxPbV.webp,weight,5.0,등,,케이블 머신,,케이블
zd4P4B2,스탈더 프레스,https://static.exercisedb.dev/media/zd4P4B2.gif,삼두근,어깨 | 코어,"Step:1 발을 어깨너비로 벌리고 팔을 머리 위로 뻗은 상태에서 시작합니다. | Step:2 무릎을 살짝 구부리고 코어에 힘을 줍니다. | Step:3 팔을 머리 위로 뻗은 상태를 유지하면서 몸을 스쿼트 자세로 낮춥니다. | Step:4 스쿼트 자세로 내려가면서 팔을 바닥 쪽으로 누르며 삼두근에 힘을 줍니다. | Step:5 스쿼트 하단에서 잠시 멈춘 후, 발뒤꿈치로 밀어내면서 팔을 다시 머리 위로 올리면서 일어섭니다. | Step:6 원하는 횟수만큼 반복합니다.",https://melo2026.s3.ap-northeast-2.amazonaws.com/workout-images/zd4P4B2.webp,weight,3.5,팔,상완,맨몸,,맨몸
Ze7MoIb,덤벨 원 암 리버스 그립 프레스,https://static.exercisedb.dev/media/Ze7MoIb.gif,대흉근,삼두근 | 어깨,"Step:1 덤벨을 한 손에 들고 손바닥이 몸쪽을 향하도록 하여 플랫 벤치에 앉습니다. | Step:2 발을 바닥에 평평하게 대고 등을 곧게 폅니다. | Step:3 팔꿈치를 몸에 가깝게 붙이고 덤벨을 어깨 높이까지 들어 올립니다. | Step:4 팔이 완전히 펴질 때까지 덤벨을 위로 누릅니다. | Step:5 상단에서 잠시 멈춘 후, 천천히 덤벨을 시작 자세로 내립니다. | Step:6 원하는 횟수만큼 반복한 후 반대쪽 팔로 수행합니다.",https://melo2026.s3.ap-northeast-2.amazonaws.com/workout-images/Ze7MoIb.webp,weight,5.0,가슴,,덤벨,,덤벨
ZEkjZDi,케틀벨 시티드 투 암 밀리터리 프레스,https://static.exercisedb.dev/media/ZEkjZDi.gif,삼각근,삼두근 | 상부 등,"Step:1 등을 곧게 펴고 발을 바닥에 평평하게 대고 벤치에 앉습니다. | Step:2 양손으로 어깨 높이에서 케틀벨을 잡고 손바닥이 앞을 향하도록 합니다. | Step:3 팔을 완전히 펴서 케틀벨을 머리 위로 누릅니다. | Step:4 상단에서 잠시 멈춘 후, 천천히 케틀벨을 어깨 높이로 다시 내립니다. | Step:5 원하는 횟수만큼 반복합니다.",https://melo2026.s3.ap-northeast-2.amazonaws.com/workout-images/ZEkjZDi.webp,weight,5.0,어깨,,케틀벨,,케틀벨
zfNHMN9,스케이터 홉,https://static.exercisedb.dev/media/zfNHMN9.gif,심폐 지구력,quadriceps | 햄스트링 | 둔근 | 종아리,Step:1 발을 어깨너비로 벌리고 섭니다. | Step:2 무릎을 살짝 구부리고 오른쪽으로 점프하여 오른발로 착지합니다. | Step:3 착지하면서 왼발을 오른발 뒤로 스윙하고 왼발 끝으로 바닥을 탭합니다. | Step:4 즉시 왼쪽으로 점프하여 왼발로 착지합니다. | Step:5 착지하면서 오른발을 왼발 뒤로 스윙하고 오른발 끝으로 바닥을 탭합니다. | Step:6 계속해서 양쪽을 번갈아 가며 점프하고 각 발로 바닥을 탭합니다. | Step:7 원하는 횟수만큼 반복합니다.,https://melo2026.s3.ap-northeast-2.amazonaws.com/workout-images/zfNHMN9.webp,cardio,3.5,유산소,,맨몸,,맨몸
ZfyAGhK,케이블 스탠딩 리어 델트 로우 (로프),https://static.exercisedb.dev/media/ZfyAGhK.gif,삼각근,trapezius | rhomboids | 이두근,"Step:1 발을 어깨너비로 벌리고 케이블 머신을 향해 섭니다. | Step:2 양손으로 케이블 어태치먼트를 잡고 손바닥이 서로 마주보게 합니다. 케이블에 장력이 생기도록 뒤로 물러섭니다. | Step:3 등을 곧게 펴고 코어에 힘을 줍니다. | Step:4 케이블을 몸쪽으로 당기면서 견갑골을 모아줍니다. | Step:5 동작의 정점에서 잠시 멈춘 후, 천천히 케이블을 시작 자세로 되돌립니다. | Step:6 원하는 횟수만큼 반복합니다.",https://melo2026.s3.ap-northeast-2.amazonaws.com/workout-images/ZfyAGhK.webp,weight,5.0,어깨,,케이블 머신,,케이블
zFzbBfL,밴드 푸시 싯업,https://static.exercisedb.dev/media/zFzbBfL.gif,복근,어깨 | 가슴,"Step:1 밴드를 안정적인 고정 지점에 단단히 고정합니다. | Step:2 무릎을 구부리고 발을 바닥에 평평하게 대고 등을 대고 눕습니다. | Step:3 양손으로 밴드를 잡고 팔을 천장으로 똑바로 뻗습니다. | Step:4 복근에 힘을 주고 상체를 천천히 들어 올리면서 상체가 45도 각도가 될 때까지 앞으로 말아 올립니다. | Step:5 상단에서 잠시 멈춘 후, 천천히 상체를 시작 자세로 다시 내립니다. | Step:6 원하는 횟수만큼 반복합니다.",https://melo2026.s3.ap-northeast-2.amazonaws.com/workout-images/zFzbBfL.webp,weight,3.5,코어,허리 | 복부,밴드,,밴드
zG0zs85,바벨 프론트 스쿼트,https://static.exercisedb.dev/media/zG0zs85.gif,둔근,quadriceps | 햄스트링 | 종아리 | 코어,"Step:1 발을 어깨너비로 벌리고 발끝을 살짝 바깥쪽으로 향하게 하여 시작합니다. | Step:2 쇄골과 어깨에 바벨을 올려놓고 어깨 앞쪽에 잡습니다. | Step:3 코어에 힘을 주고 가슴을 편 상태를 유지하면서 엉덩이를 뒤로 밀고 무릎을 구부려 스쿼트 자세로 몸을 낮춥니다. | Step:4 허벅지가 바닥과 평행이 될 때까지, 또는 편안하게 갈 수 있는 만큼 낮춥니다. | Step:5 하단에서 잠시 멈춘 후, 발뒤꿈치로 밀어내면서 시작 자세로 돌아옵니다. | Step:6 원하는 횟수만큼 반복합니다.",https://melo2026.s3.ap-northeast-2.amazonaws.com/workout-images/zG0zs85.webp,weight,5.0,하체,허벅지,바벨,,바벨
Zg3XY7P,레버 시티드 레그 컬,https://static.exercisedb.dev/media/Zg3XY7P.gif,햄스트링,종아리,Step:1 머신을 몸에 맞게 조절하고 등받이에 등을 대고 앉습니다. | Step:2 발목 바로 위쪽의 패딩된 레버 아래에 하체를 놓습니다. | Step:3 지지를 위해 머신 측면의 핸들을 잡습니다. | Step:4 상체는 고정한 상태로 숨을 내쉬면서 햄스트링을 꽉 조여주며 다리를 가능한 한 높이 컬링합니다. | Step:5 햄스트링을 꽉 조여주면서 수축된 자세를 잠시 유지합니다. | Step:6 숨을 들이쉬면서 천천히 레버를 시작 자세로 되돌립니다. | Step:7 원하는 횟수만큼 반복합니다.,https://melo2026.s3.ap-northeast-2.amazonaws.com/workout-images/Zg3XY7P.webp,weight,5.0,하체,허벅지,머신,레버리지 머신,레버리지 머신
zGSIWQi,덤벨 라잉 원 암 프레스,https://static.exercisedb.dev/media/zGSIWQi.gif,대흉근,삼두근 | 어깨,"Step:1 덤벨을 한 손에 들고 발을 바닥에 평평하게 대고 벤치에 평평하게 눕습니다. | Step:2 손바닥이 앞을 향하도록 덤벨을 어깨 높이에서 잡습니다. | Step:3 팔이 완전히 펴질 때까지 덤벨을 위로 누릅니다. | Step:4 상단에서 잠시 멈춘 후, 천천히 덤벨을 시작 자세로 내립니다. | Step:5 원하는 횟수만큼 반복한 후 반대쪽 팔로 수행합니다.",https://melo2026.s3.ap-northeast-2.amazonaws.com/workout-images/zGSIWQi.webp,weight,5.0,가슴,,덤벨,,덤벨
ZgsNQ6d,인치웜,https://static.exercisedb.dev/media/ZgsNQ6d.gif,복근,어깨 | 햄스트링,"Step:1 발을 골반 너비로 벌리고 서서 시작합니다. | Step:2 허리에서 앞으로 구부려 손을 앞에 있는 바닥에 댑니다. | Step:3 머리부터 발끝까지 몸이 일직선이 되도록 손을 앞으로 걸어 하이 플랭크 자세를 만듭니다. | Step:4 잠시 멈춘 후, 다리를 가능한 한 곧게 유지하면서 손을 발 쪽으로 다시 걸어옵니다. | Step:5 손이 발에 닿으면 시작 자세로 다시 일어섭니다. | Step:6 원하는 횟수만큼 반복합니다.",https://melo2026.s3.ap-northeast-2.amazonaws.com/workout-images/ZgsNQ6d.webp,weight,3.5,코어,허리 | 복부,맨몸,,맨몸
ZgwWBoC,케이블 티보도 카약 로우,https://static.exercisedb.dev/media/ZgwWBoC.gif,광배근,이두근 | rhomboids | rear deltoids,"Step:1 로우 풀리에 케이블 핸들을 연결하고 발을 바닥에 평평하게 대고 머신을 향해 앉습니다. | Step:2 핸들을 오른손으로 잡고 팔꿈치를 살짝 구부린 상태를 유지하면서 팔을 완전히 뻗습니다. | Step:3 등을 곧게 펴고 복근에 힘을 준 상태를 유지하면서 엉덩이에서 앞으로 기울입니다. | Step:4 팔꿈치를 구부리고 견갑골을 당기면서 핸들을 몸통 쪽으로 당깁니다. 팔은 몸에 가깝게 유지합니다. | Step:5 동작의 상단에서 등 근육을 꽉 조여준 후, 천천히 시작 자세로 돌아옵니다. | Step:6 원하는 횟수만큼 반복한 후 반대쪽도 왼손으로 수행합니다.",https://melo2026.s3.ap-northeast-2.amazonaws.com/workout-images/ZgwWBoC.webp,weight,5.0,등,,케이블 머신,,케이블
ZH68exZ,밴드 픽스드 백 언더핸드 풀다운,https://static.exercisedb.dev/media/ZH68exZ.gif,광배근,이두근 | rhomboids | rear deltoids,Step:1 밴드를 머리 위 튼튼한 고정 지점에 고정합니다. | Step:2 발을 어깨너비로 벌리고 고정 지점을 향해 섭니다. | Step:3 손을 어깨너비보다 약간 넓게 벌리고 언더핸드 그립으로 밴드를 잡습니다. | Step:4 팔을 완전히 뻗은 상태를 유지하면서 밴드에 장력이 생기도록 뒤로 물러섭니다. | Step:5 코어에 힘을 주고 견갑골을 함께 조여줍니다. | Step:6 팔꿈치를 리드하면서 밴드를 가슴 쪽으로 당깁니다. | Step:7 동작의 하단에서 잠시 멈추고 광배근의 수축을 느낍니다. | Step:8 천천히 밴드의 장력을 풀고 시작 자세로 돌아옵니다. | Step:9 원하는 횟수만큼 반복합니다.,https://melo2026.s3.ap-northeast-2.amazonaws.com/workout-images/ZH68exZ.webp,weight,3.5,등,,밴드,,밴드
zHEpuuc,케이블 어시스티드 인버트 레그 컬,https://static.exercisedb.dev/media/zHEpuuc.gif,햄스트링,둔근 | 종아리,Step:1 케이블 머신의 발목 어태치먼트를 가장 낮은 설정으로 조절합니다. | Step:2 다리를 곧게 펴고 발목 어태치먼트를 발목에 고정한 상태로 벤치에 엎드립니다. | Step:3 안정성을 위해 벤치 핸들을 잡습니다. | Step:4 상체는 고정한 상태로 숨을 내쉬면서 무릎을 구부려 다리를 엉덩이 쪽으로 컬링합니다. | Step:5 동작의 상단에서 잠시 멈추고 햄스트링을 꽉 조여줍니다. | Step:6 숨을 들이쉬면서 천천히 다리를 시작 자세로 되돌립니다. | Step:7 원하는 횟수만큼 반복합니다.,https://melo2026.s3.ap-northeast-2.amazonaws.com/workout-images/zHEpuuc.webp,weight,5.0,하체,허벅지,케이블 머신,,케이블
zhF9lW4,밴드 어시스티드 휠 롤아웃,https://static.exercisedb.dev/media/zhF9lW4.gif,복근,lower back,"Step:1 바닥에 무릎을 꿇고 양손으로 밴드의 손잡이를 잡습니다. 손바닥은 아래를 향하게 합니다. | Step:2 밴드를 앞에 두고 손을 어깨너비로 벌립니다. | Step:3 코어에 힘을 주고 천천히 휠을 앞으로 굴려 몸을 최대한 뻗되, 통제력을 유지합니다. | Step:4 가장 멀리 뻗은 지점에서 잠시 멈춘 후, 천천히 휠을 무릎 쪽으로 굴려 시작 자세로 돌아옵니다. | Step:5 원하는 횟수만큼 반복합니다.",https://melo2026.s3.ap-northeast-2.amazonaws.com/workout-images/zhF9lW4.webp,weight,3.5,코어,허리 | 복부,밴드,,밴드
zhMwOwE,하이퍼익스텐션,https://static.exercisedb.dev/media/zhMwOwE.gif,척추,둔근 | 햄스트링,"Step:1 하이퍼익스텐션 벤치를 조절하여 윗 허벅지가 패드에 닿고 발이 고정되도록 합니다. | Step:2 팔을 가슴 위로 교차하거나 손을 머리 뒤에 둡니다. | Step:3 등을 곧게 편 상태로 상체를 바닥 쪽으로 내립니다. | Step:4 맨 아래 지점에서 잠시 멈춘 후, 상체를 다시 들어 올려 다리와 일직선이 되도록 합니다. | Step:5 원하는 횟수만큼 반복합니다.",https://melo2026.s3.ap-northeast-2.amazonaws.com/workout-images/zhMwOwE.webp,weight,3.5,등,,맨몸,,맨몸
ziFKQXP,덤벨 원 암 프렌치 프레스 온 엑서사이즈 볼,https://static.exercisedb.dev/media/ziFKQXP.gif,삼두근,어깨,Step:1 발을 바닥에 평평하게 대고 등을 곧게 편 상태로 엑서사이즈 볼에 앉습니다. | Step:2 덤벨을 한 손으로 잡고 손바닥은 위를 향하게 하며 팔꿈치는 90도 각도로 구부립니다. | Step:3 팔꿈치를 고정한 채 팔을 천장 쪽으로 곧게 뻗습니다. | Step:4 천천히 덤벨을 시작 자세로 다시 내립니다. | Step:5 원하는 횟수만큼 반복한 후 팔을 바꿔 반복합니다.,https://melo2026.s3.ap-northeast-2.amazonaws.com/workout-images/ziFKQXP.webp,weight,5.0,팔,상완,덤벨,,덤벨
zILLZ98,스미스 머신 바이셉스 컬,https://static.exercisedb.dev/media/zILLZ98.gif,이두근,전완근,Step:1 스미스 머신 바의 높이를 허리 높이로 조절합니다. | Step:2 발을 어깨너비로 벌리고 스미스 머신을 향해 섭니다. | Step:3 언더핸드 그립으로 바를 잡고 손은 어깨너비보다 약간 넓게 벌립니다. | Step:4 팔꿈치를 옆구리에 가깝게 유지하고 윗 팔은 고정합니다. | Step:5 숨을 내쉬며 이두근을 수축시키면서 바를 어깨 쪽으로 컬업합니다. | Step:6 동작의 맨 위에서 잠시 멈추고 이두근을 짜줍니다. | Step:7 숨을 들이쉬면서 천천히 바를 시작 자세로 다시 내립니다. | Step:8 원하는 횟수만큼 반복합니다.,https://melo2026.s3.ap-northeast-2.amazonaws.com/workout-images/zILLZ98.webp,weight,5.0,팔,상완,스미스 머신,,스미스 머신
ZIViNh1,덤벨 리버스 그립 인클라인 벤치 원 암 로우,https://static.exercisedb.dev/media/ZIViNh1.gif,상부 등,이두근 | 어깨,Step:1 인클라인 벤치를 45도 각도로 설정합니다. | Step:2 벤치 옆 바닥에 덤벨을 놓습니다. | Step:3 발을 어깨너비로 벌리고 벤치를 향해 섭니다. | Step:4 허리를 숙여 왼 무릎과 왼손을 벤치에 대고 지지합니다. | Step:5 리버스 그립(손바닥이 아래를 향함)으로 오른손에 덤벨을 듭니다. | Step:6 등을 곧게 펴고 코어를 유지합니다. | Step:7 팔꿈치를 몸에 가깝게 유지하면서 덤벨을 가슴 쪽으로 당깁니다. | Step:8 동작의 맨 위에서 등 근육을 짜줍니다. | Step:9 통제된 방식으로 덤벨을 시작 자세로 다시 내립니다. | Step:10 원하는 횟수만큼 반복합니다. | Step:11 반대쪽으로 바꿔 왼팔로 운동을 반복합니다.,https://melo2026.s3.ap-northeast-2.amazonaws.com/workout-images/ZIViNh1.webp,weight,5.0,등,,덤벨,,덤벨
zK8Fu1W,스미스 리버스 그립 프레스,https://static.exercisedb.dev/media/zK8Fu1W.gif,대흉근,삼두근 | 어깨,"Step:1 스미스 머신 바의 높이를 가슴 높이로 조절합니다. | Step:2 발을 어깨너비로 벌리고 바를 향해 섭니다. | Step:3 오버핸드 그립으로 바를 잡고 손은 어깨너비보다 약간 넓게 벌립니다. | Step:4 뒤로 물러나 무릎을 살짝 구부린 자세를 취합니다. | Step:5 운동 내내 가슴을 펴고 코어를 유지합니다. | Step:6 팔꿈치를 안으로 모으면서 바를 가슴 쪽으로 내립니다. | Step:7 맨 아래 지점에서 잠시 멈춘 후, 바를 다시 시작 자세로 밀어 올립니다. | Step:8 원하는 횟수만큼 반복합니다.",https://melo2026.s3.ap-northeast-2.amazonaws.com/workout-images/zK8Fu1W.webp,weight,5.0,가슴,,스미스 머신,,스미스 머신
zkgRrbK,하이퍼익스텐션 (온 벤치),https://static.exercisedb.dev/media/zkgRrbK.gif,척추,둔근 | 햄스트링,"Step:1 하이퍼익스텐션 벤치를 조절하여 엉덩이가 패드에 편안하게 닿고 발이 고정되도록 합니다. | Step:2 팔을 가슴 위로 교차하거나 손을 머리 뒤에 둡니다. | Step:3 등을 곧게 편 상태로 상체를 천천히 바닥 쪽으로 내립니다. | Step:4 맨 아래 지점에서 잠시 멈춘 후, 상체를 다시 들어 올려 다리와 일직선이 되도록 합니다. | Step:5 원하는 횟수만큼 반복합니다.",https://melo2026.s3.ap-northeast-2.amazonaws.com/workout-images/zkgRrbK.webp,weight,3.5,등,,맨몸,,맨몸
znf7t8E,키핑 머슬업 위드 트리플,,광배근,이두근 | 삼두근 | 어깨 | 코어,"Step:1 풀업 바에 오버핸드 그립으로 매달립니다. 손은 어깨너비보다 약간 넓게 벌립니다. | Step:2 코어에 힘을 주고 스윙 동작을 사용하여 추진력을 얻습니다. | Step:3 앞으로 스윙하면서 광배근과 이두근을 사용하여 가슴을 바 쪽으로 당기며 움직임을 시작합니다. 트리플 컨트롤을 강조합니다. | Step:4 가슴이 바에 닿을 때까지 위쪽 동작을 계속한 후, 바를 아래로 밀고 팔을 펴서 딥 자세로 전환합니다. | Step:5 팔을 구부리고 내려가는 동작을 제어하면서 시작 자세로 다시 내려옵니다. | Step:6 원하는 횟수만큼 반복합니다.",,weight,3.5,등,,맨몸,,맨몸
ZNgOYQU,버티컬 레그 레이즈 (온 패러럴 바),https://static.exercisedb.dev/media/ZNgOYQU.gif,복근,고관절 굴곡근,"Step:1 평행봉에 매달려 팔을 완전히 펴고 몸을 곧게 유지합니다. | Step:2 코어에 힘을 주고 다리를 곧게 편 상태로 앞으로 들어 올립니다. | Step:3 다리가 바닥과 평행이 되거나 약간 더 높이 올라갈 때까지 계속 들어 올립니다. | Step:4 맨 위에서 잠시 멈춘 후, 천천히 다리를 시작 자세로 다시 내립니다. | Step:5 원하는 횟수만큼 반복합니다.",https://melo2026.s3.ap-northeast-2.amazonaws.com/workout-images/ZNgOYQU.webp,weight,3.5,코어,허리 | 복부,맨몸,,맨몸
ZnJHhMk,레버 시티드 크런치 (체스트 패드),https://static.exercisedb.dev/media/ZnJHhMk.gif,복근,obliques,Step:1 편안함에 따라 시트 높이와 체스트 패드 위치를 조절합니다. | Step:2 체스트 패드에 등을 대고 발을 바닥에 평평하게 댄 상태로 기구에 앉습니다. | Step:3 안정성을 위해 손잡이나 옆 막대를 잡습니다. | Step:4 복근에 힘을 주고 천천히 뒤로 기울여 체스트 패드가 함께 움직이도록 합니다. | Step:5 최대 수축 지점에서 잠시 멈추고 복근의 긴장을 느낍니다. | Step:6 복근을 수축시키면서 다시 위로 당겨 시작 자세로 천천히 돌아옵니다. | Step:7 원하는 횟수만큼 반복합니다.,https://melo2026.s3.ap-northeast-2.amazonaws.com/workout-images/ZnJHhMk.webp,weight,5.0,코어,허리 | 복부,머신,레버리지 머신,레버리지 머신
znLogoF,바벨 풀오버 투 프레스,https://static.exercisedb.dev/media/znLogoF.gif,광배근,삼두근 | 가슴 | 어깨,"Step:1 벤치에 머리를 한쪽 끝에 두고 발을 바닥에 평평하게 댄 상태로 눕습니다. | Step:2 프로네이트 그립(손바닥이 자신에게서 멀어지도록)으로 바벨을 잡고 팔을 가슴 위로 곧게 뻗습니다. | Step:3 팔을 곧게 편 상태로, 광배근이 스트레칭되는 느낌이 들 때까지 아치형 동작으로 바벨을 머리 뒤로 내립니다. | Step:4 잠시 멈춘 후, 동작을 반대로 하여 바벨을 다시 가슴 위 시작 자세로 누릅니다. | Step:5 원하는 횟수만큼 반복합니다.",https://melo2026.s3.ap-northeast-2.amazonaws.com/workout-images/znLogoF.webp,weight,2.5,등,,바벨,,바벨
znP9SIh,허그 니 투 체스트,https://static.exercisedb.dev/media/znP9SIh.gif,둔근,햄스트링 | quadriceps,"Step:1 발을 어깨너비로 벌리고 섭니다. | Step:2 무릎을 구부리고 몸을 낮춰 스쿼트 자세를 취합니다. | Step:3 스쿼트하면서 무릎을 가슴 쪽으로 가져와 팔로 감싸 안습니다. | Step:4 이 자세를 잠시 유지한 후, 천천히 시작 자세로 돌아옵니다. | Step:5 원하는 횟수만큼 반복합니다.",https://melo2026.s3.ap-northeast-2.amazonaws.com/workout-images/znP9SIh.webp,weight,3.5,하체,허벅지,맨몸,,맨몸
znQUdHY,덤벨 시티드 숄더 프레스,https://static.exercisedb.dev/media/znQUdHY.gif,삼각근,삼두근 | 상부 등,"Step:1 벤치에 앉아 각 손에 덤벨을 들고 허벅지 위에 올려놓습니다. | Step:2 덤벨을 어깨 높이로 들어 올립니다. 손바닥은 앞을 향하게 합니다. | Step:3 팔이 머리 위로 완전히 펴질 때까지 덤벨을 위로 누릅니다. | Step:4 맨 위에서 잠시 멈춘 후, 천천히 덤벨을 어깨 높이로 다시 내립니다. | Step:5 원하는 횟수만큼 반복합니다.",https://melo2026.s3.ap-northeast-2.amazonaws.com/workout-images/znQUdHY.webp,weight,5.0,어깨,,덤벨,,덤벨
zoOvPcx,스미스 와이드 그립 벤치 프레스,https://static.exercisedb.dev/media/zoOvPcx.gif,대흉근,삼두근 | 어깨,Step:1 스미스 머신에서 벤치 위치를 편안하게 조절합니다. | Step:2 발을 바닥에 평평하게 대고 벤치에 눕습니다. | Step:3 와이드 그립으로 바벨을 잡고 손은 어깨너비보다 약간 넓게 벌립니다. | Step:4 바벨을 언랙하고 팔꿈치를 옆으로 벌린 상태로 천천히 가슴 쪽으로 내립니다. | Step:5 바벨이 가슴에 닿으면 잠시 멈춥니다. | Step:6 팔을 완전히 펴면서 바벨을 다시 시작 자세로 밀어 올립니다. | Step:7 원하는 횟수만큼 반복합니다.,https://melo2026.s3.ap-northeast-2.amazonaws.com/workout-images/zoOvPcx.webp,weight,5.0,가슴,,스미스 머신,,스미스 머신
ZOuKWir,니일링 푸시업 (남성),https://static.exercisedb.dev/media/ZOuKWir.gif,대흉근,삼두근 | 어깨,"Step:1 무릎을 꿇고 손을 어깨너비로 벌립니다. 손가락은 앞을 향하게 합니다. | Step:2 발끝으로 서서 다리를 뒤로 뻗어 머리부터 발뒤꿈치까지 일직선이 되도록 합니다. | Step:3 코어에 힘을 주고 팔꿈치를 옆구리에 가깝게 유지하면서 팔꿈치를 구부려 몸을 바닥 쪽으로 내립니다. | Step:4 가슴이 바닥 바로 위까지 내려갈 때까지 계속 내린 후, 팔을 펴서 시작 자세로 다시 밀어 올립니다. | Step:5 원하는 횟수만큼 반복합니다.",https://melo2026.s3.ap-northeast-2.amazonaws.com/workout-images/ZOuKWir.webp,weight,3.5,가슴,,맨몸,,맨몸
ZqNOWQ6,레버 리버스 그립 버티컬 로우,https://static.exercisedb.dev/media/ZqNOWQ6.gif,상부 등,이두근 | 전완근,"Step:1 적절한 정렬을 위해 시트 높이와 발판 위치를 조절하세요. | Step:2 패드에 가슴을 대고 발을 발판에 평평하게 댄 상태로 기구에 앉으세요. | Step:3 손바닥이 위를 향하도록 언더핸드 그립으로 손잡이를 잡으세요. | Step:4 등을 곧게 펴고 코어를 활성화하세요. | Step:5 손잡이를 가슴 쪽으로 당기면서 어깨뼈를 함께 조이세요. | Step:6 움직임의 최고 지점에서 잠시 멈춘 후, 천천히 팔을 풀고 시작 위치로 되돌리세요. | Step:7 원하는 횟수만큼 반복하세요.",https://melo2026.s3.ap-northeast-2.amazonaws.com/workout-images/ZqNOWQ6.webp,weight,5.0,등,,머신,레버리지 머신,레버리지 머신
ZsiqXYa,바벨 JM 벤치 프레스,https://static.exercisedb.dev/media/ZsiqXYa.gif,삼두근,가슴 | 어깨,Step:1 발을 바닥에 평평하게 대고 등을 벤치에 밀착시킨 상태로 벤치에 평평하게 누우세요. | Step:2 어깨너비보다 약간 넓게 오버핸드 그립으로 바벨을 잡으세요. | Step:3 팔꿈치를 몸에 가깝게 붙인 상태로 바벨을 가슴까지 내리세요. | Step:4 팔을 완전히 펴서 바벨을 시작 위치로 다시 밀어 올리세요. | Step:5 원하는 횟수만큼 반복하세요.,https://melo2026.s3.ap-northeast-2.amazonaws.com/workout-images/ZsiqXYa.webp,weight,5.0,팔,상완,바벨,,바벨
ZSJNetl,케이블 하이 로우 (니이링),https://static.exercisedb.dev/media/ZSJNetl.gif,상부 등,이두근 | 어깨,"Step:1 가슴 높이의 케이블 머신에 스트레이트 바를 연결하세요. | Step:2 케이블 머신 앞에 무릎을 꿇고 어깨너비로 손을 벌려 오버핸드 그립으로 바를 잡으세요. | Step:3 등을 곧게 펴고 코어를 활성화한 상태로 발뒤꿈치에 앉으세요. | Step:4 바를 복부 위쪽으로 당기면서 어깨뼈를 함께 조이세요. | Step:5 움직임의 최고 지점에서 잠시 멈춘 후, 천천히 바를 시작 위치로 되돌리세요. | Step:6 원하는 횟수만큼 반복하세요.",https://melo2026.s3.ap-northeast-2.amazonaws.com/workout-images/ZSJNetl.webp,weight,5.0,등,,케이블 머신,,케이블
ZSY3MsL,셀프 어시스티드 인버트 레그 컬 (온 플로어),https://static.exercisedb.dev/media/ZSY3MsL.gif,햄스트링,둔근 | 종아리,"Step:1 등을 바닥에 대고 다리를 뻗고 팔을 옆구리에 둔 상태로 눕습니다. | Step:2 무릎을 구부리고 발을 엉덩이 너비로 벌려 바닥에 평평하게 댑니다. | Step:3 둔근과 햄스트링을 활성화하면서 엉덩이를 바닥에서 들어 올립니다. | Step:4 엉덩이를 들어 올린 상태를 유지하면서 다리를 엉덩이 쪽으로 천천히 컬링합니다. | Step:5 최고 지점에서 잠시 멈춘 후, 다리를 천천히 펴서 시작 위치로 되돌립니다. | Step:6 엉덩이를 바닥으로 다시 내립니다. | Step:7 원하는 횟수만큼 반복합니다.",https://melo2026.s3.ap-northeast-2.amazonaws.com/workout-images/ZSY3MsL.webp,weight,3.5,하체,허벅지,맨몸,,맨몸
ztAa1RK,밴드 얼터네이팅 V-업,https://static.exercisedb.dev/media/ztAa1RK.gif,복근,고관절 굴곡근,Step:1 등을 바닥에 대고 다리를 곧게 펴고 팔을 머리 위로 뻗어 밴드를 잡습니다. | Step:2 복근을 활성화하고 다리와 상체를 동시에 바닥에서 들어 올려 손을 발가락 쪽으로 뻗습니다. | Step:3 다리와 상체를 다시 내리면서 다리 위치를 바꿔 한쪽 다리를 다른 쪽 다리 위로 교차시킵니다. | Step:4 반복할 때마다 다리 위치를 바꿔가며 동작을 반복합니다. | Step:5 원하는 횟수만큼 계속합니다.,https://melo2026.s3.ap-northeast-2.amazonaws.com/workout-images/ztAa1RK.webp,weight,3.5,코어,허리 | 복부,밴드,,밴드
ZujAdR9,케이블 로프 인클라인 트라이셉스 익스텐션,https://static.exercisedb.dev/media/ZujAdR9.gif,삼두근,어깨,"Step:1 높은 도르래에 로프를 연결하고 편안한 각도로 인클라인 벤치를 조절합니다. | Step:2 발을 어깨너비로 벌리고 도르래를 향해 뒤돌아 섭니다. | Step:3 오버핸드 그립으로 로프를 잡고 팔을 머리 위로 곧게 뻗습니다. | Step:4 팔꿈치를 머리에 가깝게 유지하고 팔뚝 전체를 운동 내내 고정합니다. | Step:5 팔꿈치를 구부려 팔뚝이 이두박근에 닿을 때까지 로프를 머리 뒤로 내립니다. | Step:6 잠시 멈춘 후, 팔을 펴서 시작 위치로 되돌립니다. | Step:7 원하는 횟수만큼 반복합니다.",https://melo2026.s3.ap-northeast-2.amazonaws.com/workout-images/ZujAdR9.webp,weight,5.0,팔,상완,케이블 머신,,케이블
ZuPXtCK,스미스 헥 스쿼트,https://static.exercisedb.dev/media/ZuPXtCK.gif,둔근,quadriceps | 햄스트링 | 종아리,"Step:1 스미스 머신의 바벨을 신체에 적합한 높이로 조절합니다. | Step:2 발을 어깨너비로 벌리고 발끝을 약간 바깥쪽으로 향하게 섭니다. | Step:3 바벨 아래에 몸을 위치시키고 상부 승모근과 어깨에 바벨을 올립니다. | Step:4 어깨너비보다 약간 넓게 오버핸드 그립으로 바벨을 잡습니다. | Step:5 코어를 활성화하고 바벨을 언랙하면서 가슴을 들어 올립니다. | Step:6 한 걸음 뒤로 물러나 발을 어깨너비보다 약간 넓게 벌립니다. | Step:7 가슴을 들어 올리고 등을 곧게 편 상태를 유지하면서 무릎을 구부리고 몸을 아래로 내립니다. | Step:8 허벅지가 바닥과 평행이 되거나 그보다 약간 아래가 될 때까지 계속 내려갑니다. | Step:9 바닥에서 잠시 멈춘 후, 발뒤꿈치를 밀어 시작 위치로 돌아옵니다. | Step:10 원하는 횟수만큼 반복합니다.",https://melo2026.s3.ap-northeast-2.amazonaws.com/workout-images/ZuPXtCK.webp,weight,5.0,하체,허벅지,스미스 머신,,스미스 머신
ZuXu4Eq,V-싯 온 플로어,https://static.exercisedb.dev/media/ZuXu4Eq.gif,복근,고관절 굴곡근,"Step:1 다리를 앞으로 뻗고 바닥에 앉습니다. | Step:2 약간 뒤로 기울이고 다리를 곧게 편 상태로 바닥에서 들어 올립니다. | Step:3 동시에 상체를 바닥에서 들어 올려 팔을 다리 쪽으로 뻗습니다. | Step:4 이 자세를 몇 초간 유지한 후, 천천히 상체와 다리를 다시 내려 시작 위치로 돌아옵니다. | Step:5 원하는 횟수만큼 반복합니다.",https://melo2026.s3.ap-northeast-2.amazonaws.com/workout-images/ZuXu4Eq.webp,weight,3.5,코어,허리 | 복부,맨몸,,맨몸
Zwiw7XR,덤벨 얼터네이팅 바이셉스 컬 위드 레그 레이즈 온 엑서사이즈 볼,https://static.exercisedb.dev/media/Zwiw7XR.gif,이두근,전완근 | 어깨,"Step:1 발을 어깨너비로 벌리고 각 손에 덤벨을 잡고 손바닥이 앞을 향하도록 합니다. | Step:2 운동 볼을 뒤에 놓고 한 발을 위에 올려 균형을 잡습니다. | Step:3 팔을 완전히 펴고 팔꿈치를 옆구리에 가깝게 붙인 상태에서, 상완을 고정한 채 덤벨을 어깨 쪽으로 컬링합니다. | Step:4 덤벨을 시작 위치로 다시 내리고 다른 팔로 반복합니다. | Step:5 원하는 횟수만큼 팔을 번갈아 가며 계속합니다.",https://melo2026.s3.ap-northeast-2.amazonaws.com/workout-images/Zwiw7XR.webp,weight,5.0,팔,상완,덤벨,,덤벨
ZX9UZmj,스미스 벤트 오버 로우,https://static.exercisedb.dev/media/ZX9UZmj.gif,상부 등,이두근 | 전완근,"Step:1 스미스 머신을 바벨이 엉덩이 높이에 오도록 설정합니다. | Step:2 발을 어깨너비로 벌리고 바를 향해 섭니다. | Step:3 무릎을 약간 구부리고 등을 곧게 편 상태로 엉덩이에서 앞으로 힌지합니다. | Step:4 어깨너비보다 약간 넓게 오버핸드 그립으로 바를 잡습니다. | Step:5 바를 하부 가슴 쪽으로 당기면서 어깨뼈를 함께 조입니다. | Step:6 최고 지점에서 잠시 멈춘 후, 천천히 바를 시작 위치로 다시 내립니다. | Step:7 원하는 횟수만큼 반복합니다.",https://melo2026.s3.ap-northeast-2.amazonaws.com/workout-images/ZX9UZmj.webp,weight,5.0,등,,스미스 머신,,스미스 머신
ZXnjcOQ,케이블 원 암 리버스 프리처 컬,https://static.exercisedb.dev/media/ZXnjcOQ.gif,이두근,전완근,Step:1 케이블 머신의 도르래가 가장 낮은 위치에 오도록 조절합니다. | Step:2 발을 어깨너비로 벌리고 케이블 머신을 향해 섭니다. | Step:3 언더핸드 그립으로 케이블 손잡이를 잡고 상완을 프리처 벤치 패드에 붙입니다. | Step:4 운동 내내 등을 곧게 펴고 코어를 활성화합니다. | Step:5 상완을 패드에 고정한 채 팔뚝을 이두박근 쪽으로 천천히 컬링합니다. | Step:6 움직임의 최고 지점에서 잠시 멈추고 이두박근을 쥐어짭니다. | Step:7 케이블 손잡이를 천천히 시작 위치로 되돌립니다. | Step:8 원하는 횟수만큼 반복합니다. | Step:9 팔을 바꿔 운동을 반복합니다.,https://melo2026.s3.ap-northeast-2.amazonaws.com/workout-images/ZXnjcOQ.webp,weight,5.0,팔,상완,케이블 머신,,케이블
zYmNaoY,엘리베이터,https://static.exercisedb.dev/media/zYmNaoY.gif,상부 등,어깨 | trapezius,"Step:1 발을 어깨너비로 벌리고 무릎을 약간 구부리고 섭니다. | Step:2 손을 엉덩이에 대거나 가슴 앞에서 교차합니다. | Step:3 등을 곧게 편 상태를 유지하면서 허리에서 천천히 앞으로 구부려 상체를 바닥 쪽으로 내립니다. | Step:4 바닥에서 잠시 멈춘 후, 천천히 상체를 들어 시작 위치로 돌아옵니다. | Step:5 원하는 횟수만큼 반복합니다.",https://melo2026.s3.ap-northeast-2.amazonaws.com/workout-images/zYmNaoY.webp,weight,3.5,등,,맨몸,,맨몸
ZZKbeMw,레버 슈러그,https://static.exercisedb.dev/media/ZZKbeMw.gif,승모근,어깨,"Step:1 시트 높이를 조절하고 등을 패드에 대고 레버리지 머신에 앉습니다. | Step:2 오버핸드 그립으로 손잡이를 잡고 팔을 곧게 폅니다. | Step:3 등을 곧게 편 상태를 유지하면서 어깨를 귀 쪽으로 최대한 높이 들어 올립니다. | Step:4 수축을 잠시 유지한 후, 천천히 어깨를 시작 위치로 다시 내립니다. | Step:5 원하는 횟수만큼 반복합니다.",https://melo2026.s3.ap-northeast-2.amazonaws.com/workout-images/ZZKbeMw.webp,weight,5.0,등,,머신,레버리지 머신,레버리지 머신
zZlORz6,덤벨 라잉 원 암 서피네이티드 트라이셉스 익스텐션,https://static.exercisedb.dev/media/zZlORz6.gif,삼두근,전완근,"Step:1 등을 머리와 함께 벤치에 평평하게 눕히고 발을 바닥에 평평하게 댑니다. | Step:2 한 손으로 언더핸드 그립으로 덤벨을 잡고 팔을 어깨 위로 곧게 뻗습니다. | Step:3 상완을 고정한 상태를 유지하면서 팔꿈치를 구부려 덤벨을 머리 뒤로 천천히 내립니다. | Step:4 바닥에서 잠시 멈춘 후, 팔을 펴서 시작 위치로 다시 올립니다. | Step:5 원하는 횟수만큼 반복한 후 팔을 바꿉니다.",https://melo2026.s3.ap-northeast-2.amazonaws.com/workout-images/zZlORz6.webp,weight,5.0,팔,상완,덤벨,,덤벨
ZZTGMKh,원 암 어게인스트 월,https://static.exercisedb.dev/media/ZZTGMKh.gif,광배근,어깨 | 삼두근,"Step:1 발을 어깨너비로 벌리고 벽을 향해 섭니다. | Step:2 한 팔을 앞으로 곧게 뻗어 손바닥을 벽에 댑니다. | Step:3 코어를 활성화하고 팔을 곧게 펴고 등을 평평하게 유지하면서 몸을 앞으로 기울입니다. | Step:4 손바닥으로 벽을 천천히 밀어 광배근을 활성화합니다. | Step:5 몇 초간 자세를 유지한 후, 풀고 다른 팔로 반복합니다.",https://melo2026.s3.ap-northeast-2.amazonaws.com/workout-images/ZZTGMKh.webp,weight,3.5,등,,맨몸,,맨몸
